"","run_id","start","end","tot_q_m3","duration_hrs","intensity_m3_hr","filter_para","sf_thresh","storm_id"
"1","FC = 0.996, SFT = 0.088","2021-12-02 17:45:00","2021-12-05 08:00:00",208041.598703537,70,2972.02283862196,"0.996","0.088","storm_1"
"2","FC = 0.996, SFT = 0.088","2021-12-10 16:00:00","2021-12-11 02:00:00",5775.25706890967,10.25,563.439714039968,"0.996","0.088","storm_2"
"3","FC = 0.996, SFT = 0.088","2021-12-11 15:30:00","2021-12-15 13:15:00",297426.263764553,105,2832.63108347193,"0.996","0.088","storm_3"
"4","FC = 0.996, SFT = 0.088","2021-12-15 16:15:00","2021-12-24 15:45:00",170469.717336584,151.25,1127.07251131625,"0.996","0.088","storm_4"
"5","FC = 0.996, SFT = 0.088","2022-01-16 08:00:00","2022-01-21 11:00:00",83295.2598564784,85.75,971.37329278692,"0.996","0.088","storm_5"
"6","FC = 0.996, SFT = 0.088","2022-01-21 13:15:00","2022-01-22 03:30:00",10026.0269502528,14.5,691.450134500191,"0.996","0.088","storm_6"
"7","FC = 0.996, SFT = 0.088","2022-01-22 14:00:00","2022-01-27 02:15:00",90657.6923770105,130.5,694.694960743376,"0.996","0.088","storm_7"
"8","FC = 0.996, SFT = 0.088","2022-01-27 12:30:00","2022-01-30 11:15:00",45577.6131508508,82.25,554.135114296059,"0.996","0.088","storm_8"
"9","FC = 0.996, SFT = 0.088","2022-01-30 13:15:00","2022-01-31 02:15:00",4785.14722757438,13.25,361.143186986746,"0.996","0.088","storm_9"
"10","FC = 0.996, SFT = 0.088","2022-02-03 05:30:00","2022-02-09 09:30:00",203034.300848963,174.5,1163.52034870466,"0.996","0.088","storm_10"
"11","FC = 0.996, SFT = 0.088","2022-02-11 06:15:00","2022-02-17 05:45:00",916468.104101742,155,5912.69744581769,"0.996","0.088","storm_11"
"12","FC = 0.996, SFT = 0.088","2022-02-17 14:15:00","2022-03-04 23:30:00",1540307.9860993,141.5,10885.5688063555,"0.996","0.088","storm_12"
"13","FC = 0.996, SFT = 0.088","2022-03-06 15:15:00","2022-03-14 12:45:00",540743.591856586,145,3729.26615073507,"0.996","0.088","storm_13"
"14","FC = 0.996, SFT = 0.088","2022-03-15 12:00:00","2022-03-15 12:30:00",3606.06969657428,11,327.82451787039,"0.996","0.088","storm_14"
"15","FC = 0.996, SFT = 0.088","2022-03-19 15:30:00","2022-03-19 16:30:00",7626.9037715001,18,423.71687619445,"0.996","0.088","storm_15"
"16","FC = 0.996, SFT = 0.088","2022-04-19 08:30:00","2022-04-26 05:45:00",992190.793194525,191.75,5174.39787845906,"0.996","0.088","storm_16"
"17","FC = 0.996, SFT = 0.088","2022-05-12 22:30:00","2022-05-13 05:00:00",3563.02636916378,10.5,339.335844682265,"0.996","0.088","storm_17"
"18","FC = 0.996, SFT = 0.088","2022-08-16 20:15:00","2022-08-19 16:30:00",55794.1639049803,75.25,741.450683122662,"0.996","0.088","storm_18"
"19","FC = 0.996, SFT = 0.088","2022-08-23 17:30:00","2022-08-25 10:15:00",30149.2177874955,44.75,673.725537150737,"0.996","0.088","storm_19"
"20","FC = 0.996, SFT = 0.088","2022-08-31 01:00:00","2022-09-08 13:30:00",113418.75806836,61.75,1836.74102134996,"0.996","0.088","storm_20"
"21","FC = 0.996, SFT = 0.088","2022-09-14 00:30:00","2022-09-17 03:30:00",86272.6349310749,86.5,997.371502093352,"0.996","0.088","storm_21"
"22","FC = 0.996, SFT = 0.088","2022-10-07 17:45:00","2022-10-09 04:00:00",18311.245152955,34.5,530.760729071158,"0.996","0.088","storm_22"
"23","FC = 0.996, SFT = 0.088","2022-10-09 22:30:00","2022-10-11 14:30:00",15852.6673986039,32.5,487.774381495503,"0.996","0.088","storm_23"
"24","FC = 0.996, SFT = 0.088","2022-10-24 20:30:00","2022-10-28 19:15:00",53761.2419722907,98.75,544.417640225729,"0.996","0.088","storm_24"
"25","FC = 0.996, SFT = 0.088","2022-11-04 22:15:00","2022-11-05 13:00:00",13691.7586446567,18.75,730.227127715024,"0.996","0.088","storm_25"
"26","FC = 0.996, SFT = 0.088","2022-11-06 20:00:00","2022-11-11 04:15:00",1020757.49880781,152.5,6693.49179546104,"0.996","0.088","storm_26"
"27","FC = 0.996, SFT = 0.088","2022-11-25 16:00:00","2022-11-27 19:00:00",37432.5797703127,58.75,637.150293962769,"0.996","0.088","storm_27"
"28","FC = 0.996, SFT = 0.088","2022-12-06 21:15:00","2022-12-29 00:30:00",579270.777970523,166.25,3484.33550658961,"0.996","0.088","storm_28"
"29","FC = 0.996, SFT = 0.088","2023-02-05 19:45:00","2023-02-07 08:30:00",15847.5504981371,37,428.312175625328,"0.996","0.088","storm_29"
"30","FC = 0.996, SFT = 0.088","2023-02-07 18:30:00","2023-02-08 09:00:00",6303.05977351994,18.5,340.705933703781,"0.996","0.088","storm_30"
"31","FC = 0.996, SFT = 0.088","2023-02-22 14:15:00","2023-02-23 06:00:00",43015.99960052,27.75,1550.12611173045,"0.996","0.088","storm_31"
"32","FC = 0.996, SFT = 0.088","2023-02-23 15:45:00","2023-02-25 17:15:00",100971.514590672,49.75,2029.57818272707,"0.996","0.088","storm_32"
"33","FC = 0.996, SFT = 0.088","2023-02-26 01:30:00","2023-02-26 15:15:00",20639.8447757533,14,1474.27462683952,"0.996","0.088","storm_33"
"34","FC = 0.996, SFT = 0.088","2023-03-11 12:30:00","2023-03-12 09:00:00",32435.5079299149,24.5,1323.89828285367,"0.996","0.088","storm_34"
"35","FC = 0.996, SFT = 0.088","2023-03-12 11:00:00","2023-03-16 11:45:00",156145.946211052,100.75,1549.8356944025,"0.996","0.088","storm_35"
"36","FC = 0.996, SFT = 0.088","2023-05-15 15:15:00","2023-05-16 07:15:00",5676.14528960616,16.25,349.301248591148,"0.996","0.088","storm_36"
"37","FC = 0.996, SFT = 0.088","2023-05-16 15:30:00","2023-05-17 06:00:00",5095.53969084374,14.75,345.460318023305,"0.996","0.088","storm_37"
"38","FC = 0.996, SFT = 0.088","2023-05-17 12:45:00","2023-05-17 23:15:00",3823.07862724917,10.75,355.635221139458,"0.996","0.088","storm_38"
"39","FC = 0.996, SFT = 0.088","2023-05-21 09:00:00","2023-05-24 06:30:00",46513.4437705519,71.75,648.270993317797,"0.996","0.088","storm_39"
"40","FC = 0.996, SFT = 0.088","2023-05-24 18:00:00","2023-05-29 09:00:00",60415.1867304328,118.75,508.759467203645,"0.996","0.088","storm_40"
"41","FC = 0.996, SFT = 0.088","2023-06-08 11:45:00","2023-06-10 21:45:00",62394.4921397904,128.75,484.617414677983,"0.996","0.088","storm_41"
"42","FC = 0.996, SFT = 0.088","2023-06-24 20:30:00","2023-06-30 13:30:00",442901.027559497,159.75,2772.46339630358,"0.996","0.088","storm_42"
"43","FC = 0.996, SFT = 0.088","2023-07-02 01:45:00","2023-07-08 22:45:00",644653.115563375,187.75,3433.57185386618,"0.996","0.088","storm_43"
"44","FC = 0.996, SFT = 0.088","2023-07-21 12:00:00","2023-07-25 14:00:00",681349.691285545,113.25,6016.3328148834,"0.996","0.088","storm_44"
"45","FC = 0.996, SFT = 0.088","2023-08-08 08:30:00","2023-08-15 23:00:00",718140.067043185,173.75,4133.18024197516,"0.996","0.088","storm_45"
"46","FC = 0.996, SFT = 0.088","2023-08-16 22:00:00","2023-08-18 04:30:00",45975.4168427963,38.25,1201.97168216461,"0.996","0.088","storm_46"
"47","FC = 0.996, SFT = 0.088","2023-08-19 00:45:00","2023-08-23 21:30:00",257506.429377816,132,1950.80628316528,"0.996","0.088","storm_47"
"48","FC = 0.996, SFT = 0.088","2023-08-25 19:30:00","2023-08-26 14:15:00",9795.06331021416,22.75,430.552233416007,"0.996","0.088","storm_48"
"49","FC = 0.996, SFT = 0.088","2023-09-05 21:15:00","2023-09-06 16:45:00",19639.3687810554,23.5,835.717820470441,"0.996","0.088","storm_49"
"50","FC = 0.996, SFT = 0.088","2023-09-23 11:15:00","2023-09-24 04:00:00",6149.27154394634,17,361.721855526255,"0.996","0.088","storm_50"
"51","FC = 0.996, SFT = 0.088","2023-09-24 06:30:00","2023-09-25 08:30:00",9220.54411476926,26.25,351.258823419781,"0.996","0.088","storm_51"
"52","FC = 0.996, SFT = 0.088","2023-09-28 20:00:00","2023-09-29 12:15:00",7193.70286073364,20.25,355.244585715242,"0.996","0.088","storm_52"
"53","FC = 0.996, SFT = 0.088","2023-09-29 16:15:00","2023-10-02 16:45:00",26364.5853035381,72.75,362.399797986778,"0.996","0.088","storm_53"
"54","FC = 0.996, SFT = 0.088","2023-10-07 18:00:00","2023-10-11 23:15:00",658569.09106153,116.5,5652.95357134361,"0.996","0.088","storm_54"
"55","FC = 0.996, SFT = 0.088","2023-10-13 19:00:00","2023-10-14 09:30:00",5995.98000896821,14.75,406.507119252082,"0.996","0.088","storm_55"
"56","FC = 0.996, SFT = 0.088","2023-10-16 05:45:00","2023-10-19 01:30:00",38714.8913762381,75.5,512.780018228319,"0.996","0.088","storm_56"
"57","FC = 0.996, SFT = 0.088","2023-11-09 20:45:00","2023-11-13 09:15:00",105831.066764252,96,1102.40694546096,"0.996","0.088","storm_57"
"58","FC = 0.996, SFT = 0.088","2023-11-14 01:15:00","2023-11-15",9725.13287964196,26.75,363.55636933241,"0.996","0.088","storm_58"
"59","FC = 0.996, SFT = 0.088","2023-11-18 02:15:00","2023-11-20 16:15:00",232187.780275801,137.25,1691.71424608962,"0.996","0.088","storm_59"
"60","FC = 0.98, SFT = 0.088","2021-12-02 17:45:00","2021-12-05 07:15:00",166291.374116179,69.25,2401.31948182208,"0.98","0.088","storm_1"
"61","FC = 0.98, SFT = 0.088","2021-12-10 02:00:00","2021-12-10 13:30:00",8586.352265101,11.75,730.753384263915,"0.98","0.088","storm_2"
"62","FC = 0.98, SFT = 0.088","2021-12-11 15:45:00","2021-12-15 10:15:00",201063.13154895,101.75,1976.05043291351,"0.98","0.088","storm_3"
"63","FC = 0.98, SFT = 0.088","2021-12-15 19:00:00","2021-12-20 00:45:00",19330.602191699,29,666.572489368932,"0.98","0.088","storm_4"
"64","FC = 0.98, SFT = 0.088","2021-12-22 21:15:00","2021-12-23 18:30:00",31384.6356489794,25.25,1242.95586728631,"0.98","0.088","storm_5"
"65","FC = 0.98, SFT = 0.088","2021-12-24 04:30:00","2021-12-24 15:30:00",12490.0084483851,11.25,1110.22297318978,"0.98","0.088","storm_6"
"66","FC = 0.98, SFT = 0.088","2022-01-01 18:15:00","2022-01-05 05:15:00",338598.079967001,118.25,2863.40871008035,"0.98","0.088","storm_7"
"67","FC = 0.98, SFT = 0.088","2022-01-06 00:45:00","2022-01-06 15:45:00",9550.28344776761,19,502.646497250927,"0.98","0.088","storm_8"
"68","FC = 0.98, SFT = 0.088","2022-01-07 19:15:00","2022-01-08 18:30:00",13581.3619896103,23,590.493999548272,"0.98","0.088","storm_9"
"69","FC = 0.98, SFT = 0.088","2022-01-10 01:45:00","2022-01-11 09:00:00",17859.6240875984,39,457.93907916919,"0.98","0.088","storm_10"
"70","FC = 0.98, SFT = 0.088","2022-01-15 14:00:00","2022-01-16 01:00:00",4907.50210583415,11.25,436.22240940748,"0.98","0.088","storm_11"
"71","FC = 0.98, SFT = 0.088","2022-01-16 14:00:00","2022-01-17 02:00:00",5851.51919431653,12.25,477.675036270737,"0.98","0.088","storm_12"
"72","FC = 0.98, SFT = 0.088","2022-01-17 13:30:00","2022-01-21 08:30:00",30802.5962861583,50,616.051925723167,"0.98","0.088","storm_13"
"73","FC = 0.98, SFT = 0.088","2022-01-21 14:00:00","2022-01-22 03:15:00",8447.40893230502,13.5,625.733994985557,"0.98","0.088","storm_14"
"74","FC = 0.98, SFT = 0.088","2022-01-22 14:00:00","2022-01-23 13:30:00",13354.3730939215,27.5,485.613567051689,"0.98","0.088","storm_15"
"75","FC = 0.98, SFT = 0.088","2022-01-25 14:00:00","2022-01-27 02:00:00",28087.5002655364,50.5,556.188124070029,"0.98","0.088","storm_16"
"76","FC = 0.98, SFT = 0.088","2022-01-27 12:30:00","2022-01-28 10:15:00",12188.7956392051,25.75,473.35128695942,"0.98","0.088","storm_17"
"77","FC = 0.98, SFT = 0.088","2022-02-03 10:15:00","2022-02-06 02:45:00",81132.1151824408,72.25,1122.935850276,"0.98","0.088","storm_18"
"78","FC = 0.98, SFT = 0.088","2022-02-06 12:15:00","2022-02-07 06:30:00",8548.901021006,22.25,384.220270607011,"0.98","0.088","storm_19"
"79","FC = 0.98, SFT = 0.088","2022-02-11 17:30:00","2022-02-17 05:30:00",471550.279965103,143.5,3286.06466874636,"0.98","0.088","storm_20"
"80","FC = 0.98, SFT = 0.088","2022-02-17 14:15:00","2022-02-19 20:00:00",536181.535626248,54,9929.28769678237,"0.98","0.088","storm_21"
"81","FC = 0.98, SFT = 0.088","2022-02-19 23:30:00","2022-03-04 23:30:00",369155.218501532,84.25,4381.66431455825,"0.98","0.088","storm_22"
"82","FC = 0.98, SFT = 0.088","2022-03-06 15:15:00","2022-03-11 04:45:00",220782.002472335,53.75,4107.57213902018,"0.98","0.088","storm_23"
"83","FC = 0.98, SFT = 0.088","2022-03-12 00:15:00","2022-03-12 17:15:00",12602.2117317588,21,600.105320559944,"0.98","0.088","storm_24"
"84","FC = 0.98, SFT = 0.088","2022-03-12 19:00:00","2022-03-14 12:45:00",63560.7874350101,49.5,1284.05631181839,"0.98","0.088","storm_25"
"85","FC = 0.98, SFT = 0.088","2022-03-19 15:30:00","2022-03-19 16:30:00",6842.15693225655,16,427.634808266034,"0.98","0.088","storm_26"
"86","FC = 0.98, SFT = 0.088","2022-03-20 06:30:00","2022-03-20 07:15:00",6099.2138022687,13,469.170292482208,"0.98","0.088","storm_27"
"87","FC = 0.98, SFT = 0.088","2022-03-20 21:15:00","2022-03-20 22:00:00",4317.2939683592,12,359.774497363267,"0.98","0.088","storm_28"
"88","FC = 0.98, SFT = 0.088","2022-03-24 06:45:00","2022-03-30 09:00:00",387383.282596529,125.25,3092.88049977269,"0.98","0.088","storm_29"
"89","FC = 0.98, SFT = 0.088","2022-03-30 11:15:00","2022-04-05 19:30:00",323522.545791901,185,1748.77051779406,"0.98","0.088","storm_30"
"90","FC = 0.98, SFT = 0.088","2022-04-05 20:15:00","2022-04-06 08:00:00",6165.59981727405,15.75,391.466655065019,"0.98","0.088","storm_31"
"91","FC = 0.98, SFT = 0.088","2022-04-07 18:30:00","2022-04-13 13:00:00",243607.258343705,70.25,3467.71897998157,"0.98","0.088","storm_32"
"92","FC = 0.98, SFT = 0.088","2022-04-13 20:15:00","2022-04-18 14:15:00",256076.548150953,129.25,1981.24988898223,"0.98","0.088","storm_33"
"93","FC = 0.98, SFT = 0.088","2022-04-19 08:30:00","2022-04-25 19:45:00",634568.312257776,178,3564.99051830211,"0.98","0.088","storm_34"
"94","FC = 0.98, SFT = 0.088","2022-04-26 11:30:00","2022-04-27 05:30:00",23995.9523255736,29.5,813.42211273131,"0.98","0.088","storm_35"
"95","FC = 0.98, SFT = 0.088","2022-04-27 18:30:00","2022-05-01 08:45:00",152870.866633719,101.5,1506.11691264748,"0.98","0.088","storm_36"
"96","FC = 0.98, SFT = 0.088","2022-05-04 07:30:00","2022-05-08 10:45:00",131217.940006719,114.5,1146.00820966567,"0.98","0.088","storm_37"
"97","FC = 0.98, SFT = 0.088","2022-05-15 02:00:00","2022-05-16 16:15:00",89197.2225540456,42.25,2111.17686518451,"0.98","0.088","storm_38"
"98","FC = 0.98, SFT = 0.088","2022-05-17 00:15:00","2022-05-19 11:30:00",246183.867109873,63.25,3892.23505312052,"0.98","0.088","storm_39"
"99","FC = 0.98, SFT = 0.088","2022-05-19 17:45:00","2022-05-21 15:45:00",152728.667143701,53.75,2841.46357476654,"0.98","0.088","storm_40"
"100","FC = 0.98, SFT = 0.088","2022-05-21 22:30:00","2022-05-25 18:30:00",95669.2420519554,112.75,848.507690039516,"0.98","0.088","storm_41"
"101","FC = 0.98, SFT = 0.088","2022-05-27 20:15:00","2022-06-01 00:45:00",532079.198344401,115.75,4596.79652997323,"0.98","0.088","storm_42"
"102","FC = 0.98, SFT = 0.088","2022-06-02 03:30:00","2022-08-01 22:15:00",334812.261468154,174.75,1915.9499940953,"0.98","0.088","storm_43"
"103","FC = 0.98, SFT = 0.088","2022-08-16 20:15:00","2022-08-17 20:30:00",24792.2282535265,27.5,901.535572855509,"0.98","0.088","storm_44"
"104","FC = 0.98, SFT = 0.088","2022-08-23 18:15:00","2022-08-24 19:45:00",16111.9919835966,25.75,625.708426547443,"0.98","0.088","storm_45"
"105","FC = 0.98, SFT = 0.088","2022-08-31 01:00:00","2022-09-06 19:00:00",87583.0175394928,19.25,4549.76714490871,"0.98","0.088","storm_46"
"106","FC = 0.98, SFT = 0.088","2022-09-14 00:30:00","2022-09-16 03:00:00",46309.7430688084,58.25,795.017048391561,"0.98","0.088","storm_47"
"107","FC = 0.98, SFT = 0.088","2022-09-18 23:45:00","2022-09-22 02:30:00",195390.601038308,82.5,2368.37092167646,"0.98","0.088","storm_48"
"108","FC = 0.98, SFT = 0.088","2022-09-22 07:15:00","2022-09-25 05:15:00",384456.637543988,77.75,4944.77990410274,"0.98","0.088","storm_49"
"109","FC = 0.98, SFT = 0.088","2022-09-26 12:30:00","2022-09-27 11:30:00",13544.7649856949,27,501.657962433143,"0.98","0.088","storm_50"
"110","FC = 0.98, SFT = 0.088","2022-09-28 15:15:00","2022-09-30 14:30:00",40173.2476030821,51.5,780.063060254022,"0.98","0.088","storm_51"
"111","FC = 0.98, SFT = 0.088","2022-10-07 18:30:00","2022-10-08 15:15:00",9187.03039990594,21,437.477638090759,"0.98","0.088","storm_52"
"112","FC = 0.98, SFT = 0.088","2022-10-14 01:45:00","2022-10-17 11:15:00",473815.34898331,93,5094.78869874527,"0.98","0.088","storm_53"
"113","FC = 0.98, SFT = 0.088","2022-10-18 14:15:00","2022-10-20 08:45:00",21331.3287258751,46.5,458.738252169357,"0.98","0.088","storm_54"
"114","FC = 0.98, SFT = 0.088","2022-10-24 20:45:00","2022-10-25 18:30:00",8631.81557281225,22,392.355253309648,"0.98","0.088","storm_55"
"115","FC = 0.98, SFT = 0.088","2022-10-27 11:00:00","2022-10-28 09:00:00",8330.13639889333,22.25,374.388152759251,"0.98","0.088","storm_56"
"116","FC = 0.98, SFT = 0.088","2022-11-04 22:45:00","2022-11-05 10:45:00",10783.3607493265,16,673.960046832909,"0.98","0.088","storm_57"
"117","FC = 0.98, SFT = 0.088","2022-11-06 20:15:00","2022-11-11 03:30:00",716553.611643488,149.75,4784.99907608339,"0.98","0.088","storm_58"
"118","FC = 0.98, SFT = 0.088","2022-11-12 01:15:00","2022-11-15 18:30:00",625831.911126081,100.75,6211.73112780229,"0.98","0.088","storm_59"
"119","FC = 0.98, SFT = 0.088","2022-11-16 17:15:00","2022-11-21 09:45:00",138936.695972827,127.75,1087.56709176381,"0.98","0.088","storm_60"
"120","FC = 0.98, SFT = 0.088","2022-11-21 12:15:00","2022-11-21 18:30:00",5417.80748749148,10.25,528.56658414551,"0.98","0.088","storm_61"
"121","FC = 0.98, SFT = 0.088","2022-11-25 16:30:00","2022-11-26 16:00:00",15759.3937906835,27.5,573.068865115762,"0.98","0.088","storm_62"
"122","FC = 0.98, SFT = 0.088","2022-11-28 02:30:00","2022-11-30 03:00:00",77286.1289295333,56.25,1373.97562541393,"0.98","0.088","storm_63"
"123","FC = 0.98, SFT = 0.088","2022-11-30 20:45:00","2022-12-02 12:15:00",96594.4230092233,47.25,2044.32641289361,"0.98","0.088","storm_64"
"124","FC = 0.98, SFT = 0.088","2022-12-03 17:30:00","2022-12-05 20:15:00",44156.7914983274,58.5,754.816948689357,"0.98","0.088","storm_65"
"125","FC = 0.98, SFT = 0.088","2022-12-06 21:30:00","2022-12-28 03:00:00",399032.760616261,144.5,2761.47239180803,"0.98","0.088","storm_66"
"126","FC = 0.98, SFT = 0.088","2022-12-29 23:15:00","2023-01-04 05:30:00",469652.039961048,141.5,3319.09568877066,"0.98","0.088","storm_67"
"127","FC = 0.98, SFT = 0.088","2023-01-05 02:15:00","2023-01-09 07:15:00",604391.058200009,112.5,5372.36496177785,"0.98","0.088","storm_68"
"128","FC = 0.98, SFT = 0.088","2023-01-09 09:15:00","2023-01-11 01:15:00",73832.9294198502,60.25,1225.44281194772,"0.98","0.088","storm_69"
"129","FC = 0.98, SFT = 0.088","2023-01-13 03:00:00","2023-01-17 14:30:00",281853.489989343,107.75,2615.80965187326,"0.98","0.088","storm_70"
"130","FC = 0.98, SFT = 0.088","2023-01-20 16:45:00","2023-01-21 04:15:00",4299.19679991648,11.75,365.889089354594,"0.98","0.088","storm_71"
"131","FC = 0.98, SFT = 0.088","2023-01-23 11:30:00","2023-01-25 13:00:00",43274.7592978293,49.75,869.844407996569,"0.98","0.088","storm_72"
"132","FC = 0.98, SFT = 0.088","2023-01-25 15:00:00","2023-01-28 02:45:00",71188.0639198418,67.5,1054.63798399766,"0.98","0.088","storm_73"
"133","FC = 0.98, SFT = 0.088","2023-01-28 22:00:00","2023-01-29 09:45:00",5555.00733983398,15.75,352.698878719618,"0.98","0.088","storm_74"
"134","FC = 0.98, SFT = 0.088","2023-01-29 16:00:00","2023-01-30 02:00:00",5859.70540077221,10.25,571.678575685094,"0.98","0.088","storm_75"
"135","FC = 0.98, SFT = 0.088","2023-01-30 05:30:00","2023-01-30 16:45:00",11267.8680371913,11.5,979.814611929682,"0.98","0.088","storm_76"
"136","FC = 0.98, SFT = 0.088","2023-01-31 05:15:00","2023-01-31 18:15:00",11892.2708018673,13.25,897.52987183904,"0.98","0.088","storm_77"
"137","FC = 0.98, SFT = 0.088","2023-02-01","2023-02-01 18:45:00",74841.2437659604,19,3939.01282978739,"0.98","0.088","storm_78"
"138","FC = 0.98, SFT = 0.088","2023-02-03 08:00:00","2023-02-03 20:00:00",22231.2462062344,12.25,1814.7956086722,"0.98","0.088","storm_79"
"139","FC = 0.98, SFT = 0.088","2023-02-03 23:00:00","2023-02-04 23:30:00",36442.2658464885,24.75,1472.4147816763,"0.98","0.088","storm_80"
"140","FC = 0.98, SFT = 0.088","2023-02-09 22:15:00","2023-02-14 14:30:00",733247.235937756,120,6110.39363281464,"0.98","0.088","storm_81"
"141","FC = 0.98, SFT = 0.088","2023-02-14 19:30:00","2023-02-15 10:45:00",31826.2621351365,19.25,1653.31231870839,"0.98","0.088","storm_82"
"142","FC = 0.98, SFT = 0.088","2023-02-15 18:15:00","2023-02-19 09:15:00",282078.070716368,94.75,2977.07726349729,"0.98","0.088","storm_83"
"143","FC = 0.98, SFT = 0.088","2023-02-19 20:00:00","2023-02-21 10:45:00",85368.8182935738,39,2188.94405880958,"0.98","0.088","storm_84"
"144","FC = 0.98, SFT = 0.088","2023-02-21 13:00:00","2023-02-22 13:30:00",50328.1302134865,24.75,2033.45980660552,"0.98","0.088","storm_85"
"145","FC = 0.98, SFT = 0.088","2023-02-22 14:30:00","2023-02-23 06:00:00",42024.1896261583,27.5,1528.15235004212,"0.98","0.088","storm_86"
"146","FC = 0.98, SFT = 0.088","2023-02-23 16:00:00","2023-02-24 16:30:00",24142.2166450415,24.75,975.443096769355,"0.98","0.088","storm_87"
"147","FC = 0.98, SFT = 0.088","2023-02-25 01:15:00","2023-02-25 17:00:00",55465.8972235487,16,3466.61857647179,"0.98","0.088","storm_88"
"148","FC = 0.98, SFT = 0.088","2023-02-26 03:00:00","2023-02-26 15:15:00",18524.1948451224,12.5,1481.9355876098,"0.98","0.088","storm_89"
"149","FC = 0.98, SFT = 0.088","2023-03-04 17:45:00","2023-03-06 09:30:00",19082.1084433694,40,477.052711084236,"0.98","0.088","storm_90"
"150","FC = 0.98, SFT = 0.088","2023-03-06 14:00:00","2023-03-07 11:15:00",21853.3737062657,25.25,865.4801467828,"0.98","0.088","storm_91"
"151","FC = 0.98, SFT = 0.088","2023-03-07 13:45:00","2023-03-08 07:45:00",15211.9315991966,18.25,833.530498586114,"0.98","0.088","storm_92"
"152","FC = 0.98, SFT = 0.088","2023-03-08 14:30:00","2023-03-10 09:15:00",32534.770021447,46.75,695.930909549668,"0.98","0.088","storm_93"
"153","FC = 0.98, SFT = 0.088","2023-03-11 12:45:00","2023-03-12 09:00:00",29707.5085128471,24.25,1225.05189743699,"0.98","0.088","storm_94"
"154","FC = 0.98, SFT = 0.088","2023-03-12 11:00:00","2023-03-13 15:00:00",25410.1757059154,28.25,899.475246227094,"0.98","0.088","storm_95"
"155","FC = 0.98, SFT = 0.088","2023-03-14 06:15:00","2023-03-16 11:30:00",54922.8409091142,53.5,1026.59515717971,"0.98","0.088","storm_96"
"156","FC = 0.98, SFT = 0.088","2023-03-16 13:00:00","2023-03-20 06:45:00",450290.371445475,105,4288.47972805215,"0.98","0.088","storm_97"
"157","FC = 0.98, SFT = 0.088","2023-03-20 08:45:00","2023-03-21 17:00:00",52293.6907441016,32.5,1609.03663828005,"0.98","0.088","storm_98"
"158","FC = 0.98, SFT = 0.088","2023-03-21 18:30:00","2023-03-22 12:00:00",36177.3144315393,21.5,1682.66578751345,"0.98","0.088","storm_99"
"159","FC = 0.98, SFT = 0.088","2023-03-22 19:15:00","2023-03-31 12:00:00",262285.399377431,81.25,3228.12799233761,"0.98","0.088","storm_100"
"160","FC = 0.98, SFT = 0.088","2023-03-31 13:30:00","2023-04-04 12:00:00",218831.543962547,106,2064.44852794855,"0.98","0.088","storm_101"
"161","FC = 0.98, SFT = 0.088","2023-04-05 18:30:00","2023-05-12 20:30:00",765906.459390484,168.5,4545.43892813344,"0.98","0.088","storm_102"
"162","FC = 0.98, SFT = 0.088","2023-05-21 10:45:00","2023-05-22 23:30:00",21278.316895913,37,575.089645835485,"0.98","0.088","storm_103"
"163","FC = 0.98, SFT = 0.088","2023-05-25 01:30:00","2023-05-26 02:00:00",11067.4705192527,24.75,447.170526030411,"0.98","0.088","storm_104"
"164","FC = 0.98, SFT = 0.088","2023-06-13 13:00:00","2023-06-14 18:00:00",27780.0279140167,33,841.819027697475,"0.98","0.088","storm_105"
"165","FC = 0.98, SFT = 0.088","2023-06-15 11:00:00","2023-06-16 11:15:00",16780.8312926498,28.25,594.011727173444,"0.98","0.088","storm_106"
"166","FC = 0.98, SFT = 0.088","2023-06-17 13:00:00","2023-06-21 01:00:00",112756.042592435,88,1281.31866582312,"0.98","0.088","storm_107"
"167","FC = 0.98, SFT = 0.088","2023-06-24 20:30:00","2023-06-28 22:15:00",298108.159613501,113,2638.12530631417,"0.98","0.088","storm_108"
"168","FC = 0.98, SFT = 0.088","2023-07-02 01:45:00","2023-07-07 03:30:00",420043.047636535,137,3066.00764698201,"0.98","0.088","storm_109"
"169","FC = 0.98, SFT = 0.088","2023-07-16 22:30:00","2023-07-18 04:45:00",20417.2834507128,34.25,596.125064254387,"0.98","0.088","storm_110"
"170","FC = 0.98, SFT = 0.088","2023-07-19 13:00:00","2023-07-20 08:15:00",8811.28473856296,19.5,451.860755823742,"0.98","0.088","storm_111"
"171","FC = 0.98, SFT = 0.088","2023-07-21 12:00:00","2023-07-25 10:30:00",503434.237549053,109.75,4587.10011434217,"0.98","0.088","storm_112"
"172","FC = 0.98, SFT = 0.088","2023-07-26 08:45:00","2023-07-27 07:30:00",107444.135331736,26.75,4016.60318997145,"0.98","0.088","storm_113"
"173","FC = 0.98, SFT = 0.088","2023-07-27 14:15:00","2023-08-02 08:15:00",326473.852654505,128.25,2545.60508892402,"0.98","0.088","storm_114"
"174","FC = 0.98, SFT = 0.088","2023-08-04 15:15:00","2023-08-06 04:15:00",20853.8399673888,44.75,466.007597036621,"0.98","0.088","storm_115"
"175","FC = 0.98, SFT = 0.088","2023-08-08 08:30:00","2023-08-10 12:30:00",160297.588336554,59.75,2682.80482571639,"0.98","0.088","storm_116"
"176","FC = 0.98, SFT = 0.088","2023-08-10 20:15:00","2023-08-15 23:00:00",355649.359195673,106.5,3339.43060277627,"0.98","0.088","storm_117"
"177","FC = 0.98, SFT = 0.088","2023-08-16 22:15:00","2023-08-18 01:45:00",37039.3564874425,31.5,1175.85258690294,"0.98","0.088","storm_118"
"178","FC = 0.98, SFT = 0.088","2023-08-19 02:00:00","2023-08-23 07:45:00",159463.2935447,117,1362.93413286069,"0.98","0.088","storm_119"
"179","FC = 0.98, SFT = 0.088","2023-08-27 02:45:00","2023-08-29 04:00:00",106018.690579969,57.75,1835.82148190423,"0.98","0.088","storm_120"
"180","FC = 0.98, SFT = 0.088","2023-08-30 22:00:00","2023-09-03 05:00:00",219065.430255561,113.5,1930.09189652477,"0.98","0.088","storm_121"
"181","FC = 0.98, SFT = 0.088","2023-09-06 01:30:00","2023-09-06 14:00:00",14567.9072311153,16.5,882.903468552445,"0.98","0.088","storm_122"
"182","FC = 0.98, SFT = 0.088","2023-09-07 20:00:00","2023-09-09 22:45:00",77762.126688909,58.5,1329.26712288733,"0.98","0.088","storm_123"
"183","FC = 0.98, SFT = 0.088","2023-09-10 10:15:00","2023-09-13 02:45:00",105049.785188859,72.25,1453.97626558975,"0.98","0.088","storm_124"
"184","FC = 0.98, SFT = 0.088","2023-09-13 15:15:00","2023-09-17 03:15:00",241034.757761268,94.25,2557.39796033176,"0.98","0.088","storm_125"
"185","FC = 0.98, SFT = 0.088","2023-09-19 23:45:00","2023-09-21 05:30:00",15670.5552872621,33.75,464.31274925221,"0.98","0.088","storm_126"
"186","FC = 0.98, SFT = 0.088","2023-10-07 18:30:00","2023-10-11 15:30:00",479848.716265181,108.25,4432.78259829267,"0.98","0.088","storm_127"
"187","FC = 0.98, SFT = 0.088","2023-10-16 18:00:00","2023-10-17 04:30:00",5528.27998291102,14.5,381.260688476622,"0.98","0.088","storm_128"
"188","FC = 0.98, SFT = 0.088","2023-10-30 11:00:00","2023-11-03 18:45:00",174728.956120357,115.25,1516.08638716145,"0.98","0.088","storm_129"
"189","FC = 0.98, SFT = 0.088","2023-11-07 14:15:00","2023-11-08 19:00:00",22661.6619119602,32.25,702.687191068535,"0.98","0.088","storm_130"
"190","FC = 0.98, SFT = 0.088","2023-11-09 21:00:00","2023-11-12 12:30:00",58269.6839284538,71.25,817.820125311632,"0.98","0.088","storm_131"
"191","FC = 0.98, SFT = 0.088","2023-11-18 02:15:00","2023-11-20 09:30:00",134463.172159483,66.75,2014.42954546042,"0.98","0.088","storm_132"
"192","FC = 0.996, SFT = 0.1","2021-12-02 18:00:00","2021-12-05 07:30:00",207785.708975047,69.25,3000.51565306927,"0.996","0.1","storm_1"
"193","FC = 0.996, SFT = 0.1","2021-12-11 16:00:00","2021-12-15 12:30:00",297000.95045533,103.75,2862.65976342487,"0.996","0.1","storm_2"
"194","FC = 0.996, SFT = 0.1","2021-12-15 17:15:00","2021-12-24 15:30:00",170047.275928103,150,1133.64850618735,"0.996","0.1","storm_3"
"195","FC = 0.996, SFT = 0.1","2022-01-16 12:45:00","2022-01-21 10:30:00",81506.8143307523,80.5,1012.5070103199,"0.996","0.1","storm_4"
"196","FC = 0.996, SFT = 0.1","2022-01-21 13:30:00","2022-01-22 03:00:00",9772.21526248143,13.75,710.706564544104,"0.996","0.1","storm_5"
"197","FC = 0.996, SFT = 0.1","2022-01-22 14:15:00","2022-01-27 01:45:00",90403.8747909997,129.75,696.754333649323,"0.996","0.1","storm_6"
"198","FC = 0.996, SFT = 0.1","2022-01-27 12:45:00","2022-01-30 10:00:00",45073.2672324561,80.75,558.182875943729,"0.996","0.1","storm_7"
"199","FC = 0.996, SFT = 0.1","2022-02-03 07:45:00","2022-02-06 05:15:00",139711.929259389,81,1724.83863283196,"0.996","0.1","storm_8"
"200","FC = 0.996, SFT = 0.1","2022-02-06 06:30:00","2022-02-09 05:45:00",60925.3024128569,86.5,704.338756217998,"0.996","0.1","storm_9"
"201","FC = 0.996, SFT = 0.1","2022-02-11 10:45:00","2022-02-17 05:15:00",914716.066995426,150,6098.10711330284,"0.996","0.1","storm_10"
"202","FC = 0.996, SFT = 0.1","2022-02-17 14:30:00","2022-03-04 23:30:00",1540220.11544918,141.25,10904.2132067199,"0.996","0.1","storm_11"
"203","FC = 0.996, SFT = 0.1","2022-03-06 15:30:00","2022-03-14 12:30:00",540568.871250632,144.5,3740.96104671717,"0.996","0.1","storm_12"
"204","FC = 0.996, SFT = 0.1","2022-03-19 15:45:00","2022-03-19 16:30:00",5925.25035493578,13,455.788488841214,"0.996","0.1","storm_13"
"205","FC = 0.996, SFT = 0.1","2022-04-19 08:45:00","2022-04-26 05:15:00",991939.137100115,191,5193.39862356081,"0.996","0.1","storm_14"
"206","FC = 0.996, SFT = 0.1","2022-08-16 20:30:00","2022-08-19 11:15:00",53939.2608344937,69.75,773.322735978404,"0.996","0.1","storm_15"
"207","FC = 0.996, SFT = 0.1","2022-08-23 18:15:00","2022-08-25 06:45:00",28686.9206611627,40.5,708.319028670683,"0.996","0.1","storm_16"
"208","FC = 0.996, SFT = 0.1","2022-08-31 01:15:00","2022-09-08 04:30:00",110284.401274434,52.5,2100.65526237017,"0.996","0.1","storm_17"
"209","FC = 0.996, SFT = 0.1","2022-09-14 00:45:00","2022-09-16 21:15:00",84047.5057863531,80,1050.59382232941,"0.996","0.1","storm_18"
"210","FC = 0.996, SFT = 0.1","2022-10-07 18:45:00","2022-10-09 01:15:00",17065.9801608843,30.75,554.991224744204,"0.996","0.1","storm_19"
"211","FC = 0.996, SFT = 0.1","2022-10-10 00:30:00","2022-10-11 12:30:00",14510.4446047884,28.5,509.138407185557,"0.996","0.1","storm_20"
"212","FC = 0.996, SFT = 0.1","2022-10-24 21:00:00","2022-10-28 17:15:00",50971.541131045,90.5,563.221448961823,"0.996","0.1","storm_21"
"213","FC = 0.996, SFT = 0.1","2022-11-04 22:30:00","2022-11-05 11:30:00",13090.9317040697,17,770.054806121749,"0.996","0.1","storm_22"
"214","FC = 0.996, SFT = 0.1","2022-11-06 21:00:00","2022-11-11 03:45:00",1019671.34695558,149.25,6831.968823823,"0.996","0.1","storm_23"
"215","FC = 0.996, SFT = 0.1","2022-11-25 16:30:00","2022-11-27 12:15:00",34978.8908189371,51.5,679.201763474508,"0.996","0.1","storm_24"
"216","FC = 0.996, SFT = 0.1","2022-12-06 21:30:00","2022-12-29",579013.394856694,165.5,3498.57036167187,"0.996","0.1","storm_25"
"217","FC = 0.996, SFT = 0.1","2023-01-25 15:00:00","2023-01-29 12:30:00",142727.955804717,105,1359.31386480683,"0.996","0.1","storm_26"
"218","FC = 0.996, SFT = 0.1","2023-01-29 13:45:00","2023-02-04 23:15:00",274809.91544388,153.75,1787.38156386264,"0.996","0.1","storm_27"
"219","FC = 0.996, SFT = 0.1","2023-02-06 04:45:00","2023-02-07 06:15:00",11962.2264680784,25.75,464.55248419722,"0.996","0.1","storm_28"
"220","FC = 0.996, SFT = 0.1","2023-02-22 14:30:00","2023-02-23 05:45:00",42843.3160200397,27.25,1572.23178055192,"0.996","0.1","storm_29"
"221","FC = 0.996, SFT = 0.1","2023-02-23 16:00:00","2023-02-25 17:15:00",100892.295013329,49.5,2038.22818208745,"0.996","0.1","storm_30"
"222","FC = 0.996, SFT = 0.1","2023-02-26 02:15:00","2023-02-26 15:15:00",20386.4497947272,13.25,1538.59998450771,"0.996","0.1","storm_31"
"223","FC = 0.996, SFT = 0.1","2023-03-11 12:30:00","2023-03-12 08:45:00",32353.5333034209,24.25,1334.16632179055,"0.996","0.1","storm_32"
"224","FC = 0.996, SFT = 0.1","2023-03-12 11:15:00","2023-03-16 11:45:00",156060.020150757,100.5,1552.83602140057,"0.996","0.1","storm_33"
"225","FC = 0.996, SFT = 0.1","2023-05-21 09:30:00","2023-05-23 10:00:00",39804.7409499213,52.5,758.185541903263,"0.996","0.1","storm_34"
"226","FC = 0.996, SFT = 0.1","2023-05-24 18:45:00","2023-05-28 04:00:00",48542.9863925529,85.25,569.419195220562,"0.996","0.1","storm_35"
"227","FC = 0.996, SFT = 0.1","2023-06-08 12:30:00","2023-06-10 11:30:00",58642.5116650807,117.75,498.025576773509,"0.996","0.1","storm_36"
"228","FC = 0.996, SFT = 0.1","2023-06-24 20:45:00","2023-06-30 04:45:00",439774.659429838,150.75,2917.24483867222,"0.996","0.1","storm_37"
"229","FC = 0.996, SFT = 0.1","2023-07-02 02:00:00","2023-07-08 20:15:00",643724.354259135,185,3479.59110410343,"0.996","0.1","storm_38"
"230","FC = 0.996, SFT = 0.1","2023-07-21 12:30:00","2023-07-25 10:45:00",680084.202273526,109.5,6210.81463263494,"0.996","0.1","storm_39"
"231","FC = 0.996, SFT = 0.1","2023-08-04 07:15:00","2023-08-06 08:45:00",41866.3143989483,57.25,731.289334479446,"0.996","0.1","storm_40"
"232","FC = 0.996, SFT = 0.1","2023-08-08 08:45:00","2023-08-15 23:00:00",718055.91253525,173.5,4138.65079271037,"0.996","0.1","storm_41"
"233","FC = 0.996, SFT = 0.1","2023-08-16 22:15:00","2023-08-18 04:00:00",45371.9732756271,36.5,1243.06776097608,"0.996","0.1","storm_42"
"234","FC = 0.996, SFT = 0.1","2023-08-19 01:15:00","2023-08-23 13:00:00",254410.309793289,123,2068.37650238446,"0.996","0.1","storm_43"
"235","FC = 0.996, SFT = 0.1","2023-08-25 20:15:00","2023-08-26 10:45:00",8351.24018922893,18.5,451.418388606969,"0.996","0.1","storm_44"
"236","FC = 0.996, SFT = 0.1","2023-08-27 02:00:00","2023-08-29 10:00:00",148025.42862281,67.5,2192.96931293053,"0.996","0.1","storm_45"
"237","FC = 0.996, SFT = 0.1","2023-09-06 00:30:00","2023-09-06 14:45:00",17855.6930600643,18.25,978.394140277493,"0.996","0.1","storm_46"
"238","FC = 0.996, SFT = 0.1","2023-09-18 13:45:00","2023-09-19 03:15:00",5477.6719462723,13.75,398.376141547076,"0.996","0.1","storm_47"
"239","FC = 0.996, SFT = 0.1","2023-09-19 05:00:00","2023-09-23 04:00:00",68972.3362509532,102.75,671.263613147963,"0.996","0.1","storm_48"
"240","FC = 0.996, SFT = 0.1","2023-10-01 23:00:00","2023-10-02 11:30:00",4894.7672484127,12.75,383.903313600996,"0.996","0.1","storm_49"
"241","FC = 0.996, SFT = 0.1","2023-10-07 18:30:00","2023-10-11 22:30:00",658155.844821773,115.25,5710.67978153382,"0.996","0.1","storm_50"
"242","FC = 0.996, SFT = 0.1","2023-10-16 08:15:00","2023-10-18 15:45:00",34623.3288767696,63.25,547.404409118888,"0.996","0.1","storm_51"
"243","FC = 0.996, SFT = 0.1","2023-11-09 21:00:00","2023-11-13 07:45:00",105238.285732978,94.25,1116.58658602629,"0.996","0.1","storm_52"
"244","FC = 0.996, SFT = 0.1","2023-11-18 02:30:00","2023-11-20 16:15:00",232104.054165648,137,1694.19017639159,"0.996","0.1","storm_53"
"245","FC = 0.98, SFT = 0.1","2021-12-02 18:00:00","2021-12-05 06:30:00",165958.806977194,68.25,2431.63087146072,"0.98","0.1","storm_1"
"246","FC = 0.98, SFT = 0.1","2021-12-09 13:45:00","2021-12-10 00:15:00",6590.28850023492,10.75,613.050093045109,"0.98","0.1","storm_2"
"247","FC = 0.98, SFT = 0.1","2021-12-10 02:30:00","2021-12-10 13:30:00",8421.19980294533,11.25,748.55109359514,"0.98","0.1","storm_3"
"248","FC = 0.98, SFT = 0.1","2021-12-11 16:00:00","2021-12-15 10:00:00",200890.235101497,101.25,1984.10108742219,"0.98","0.1","storm_4"
"249","FC = 0.98, SFT = 0.1","2021-12-15 19:00:00","2021-12-20 00:15:00",18820.3058674677,27.5,684.374758817009,"0.98","0.1","storm_5"
"250","FC = 0.98, SFT = 0.1","2021-12-23 05:30:00","2021-12-23 18:30:00",27090.990016221,13.25,2044.60302009215,"0.98","0.1","storm_6"
"251","FC = 0.98, SFT = 0.1","2021-12-24 04:30:00","2021-12-24 15:30:00",12490.0084483851,11.25,1110.22297318978,"0.98","0.1","storm_7"
"252","FC = 0.98, SFT = 0.1","2022-01-01 20:30:00","2022-01-05 04:45:00",337658.374608776,115.5,2923.44913081192,"0.98","0.1","storm_8"
"253","FC = 0.98, SFT = 0.1","2022-01-06 00:45:00","2022-01-06 15:00:00",9301.94900091188,18.25,509.695835666404,"0.98","0.1","storm_9"
"254","FC = 0.98, SFT = 0.1","2022-01-08 04:15:00","2022-01-08 18:15:00",8886.40344131736,10,888.640344131736,"0.98","0.1","storm_10"
"255","FC = 0.98, SFT = 0.1","2022-01-10 02:45:00","2022-01-11 07:45:00",17098.7972663917,36.75,465.273395003857,"0.98","0.1","storm_11"
"256","FC = 0.98, SFT = 0.1","2022-01-15 14:30:00","2022-01-16 00:45:00",4653.36336078808,10.5,443.177462932198,"0.98","0.1","storm_12"
"257","FC = 0.98, SFT = 0.1","2022-01-17 14:00:00","2022-01-21 08:15:00",30549.6676014093,49.25,620.297819317956,"0.98","0.1","storm_13"
"258","FC = 0.98, SFT = 0.1","2022-01-21 14:00:00","2022-01-22 02:45:00",8278.02034851808,13,636.770796039852,"0.98","0.1","storm_14"
"259","FC = 0.98, SFT = 0.1","2022-01-22 14:15:00","2022-01-23 09:15:00",11828.4918500127,23,514.282254348378,"0.98","0.1","storm_15"
"260","FC = 0.98, SFT = 0.1","2022-01-25 17:15:00","2022-01-27 01:45:00",26906.5950382276,47,572.480745494203,"0.98","0.1","storm_16"
"261","FC = 0.98, SFT = 0.1","2022-01-27 12:45:00","2022-01-28 07:45:00",11266.5485122594,23,489.849935315625,"0.98","0.1","storm_17"
"262","FC = 0.98, SFT = 0.1","2022-02-03 12:15:00","2022-02-06 01:30:00",80025.8904413519,69,1159.79551364278,"0.98","0.1","storm_18"
"263","FC = 0.98, SFT = 0.1","2022-02-06 12:30:00","2022-02-07 01:30:00",5577.76923681194,13.25,420.963715985807,"0.98","0.1","storm_19"
"264","FC = 0.98, SFT = 0.1","2022-02-11 18:45:00","2022-02-17 05:15:00",471039.14223834,142,3317.17705801648,"0.98","0.1","storm_20"
"265","FC = 0.98, SFT = 0.1","2022-02-17 14:30:00","2022-02-19 19:45:00",536006.170239551,53.5,10018.8069203654,"0.98","0.1","storm_21"
"266","FC = 0.98, SFT = 0.1","2022-02-19 23:30:00","2022-03-04 23:30:00",369155.218501532,84.25,4381.66431455825,"0.98","0.1","storm_22"
"267","FC = 0.98, SFT = 0.1","2022-03-06 15:30:00","2022-03-10 13:00:00",208626.506435397,34,6136.07371868816,"0.98","0.1","storm_23"
"268","FC = 0.98, SFT = 0.1","2022-03-10 13:30:00","2022-03-11 04:15:00",11809.4512843433,18.75,629.837401831644,"0.98","0.1","storm_24"
"269","FC = 0.98, SFT = 0.1","2022-03-12 01:00:00","2022-03-12 17:00:00",12268.4534867969,20,613.422674339847,"0.98","0.1","storm_25"
"270","FC = 0.98, SFT = 0.1","2022-03-12 19:15:00","2022-03-14 12:30:00",63387.1732333797,49,1293.61578027306,"0.98","0.1","storm_26"
"271","FC = 0.98, SFT = 0.1","2022-03-18 15:15:00","2022-03-18 17:00:00",15776.7423614164,29,544.025598669532,"0.98","0.1","storm_27"
"272","FC = 0.98, SFT = 0.1","2022-03-19 15:45:00","2022-03-19 16:30:00",5820.06962292938,13,447.69766330226,"0.98","0.1","storm_28"
"273","FC = 0.98, SFT = 0.1","2022-03-19 16:45:00","2022-03-20 04:30:00",176020.882221267,189,931.327419160145,"0.98","0.1","storm_29"
"274","FC = 0.98, SFT = 0.1","2022-03-20 04:45:00","2022-03-20 05:30:00",5749.19577918321,12,479.099648265267,"0.98","0.1","storm_30"
"275","FC = 0.98, SFT = 0.1","2022-03-20 06:45:00","2022-03-20 07:15:00",5758.43427880264,12,479.869523233554,"0.98","0.1","storm_31"
"276","FC = 0.98, SFT = 0.1","2022-03-24 07:00:00","2022-03-30 09:00:00",387297.569101875,125,3098.380552815,"0.98","0.1","storm_32"
"277","FC = 0.98, SFT = 0.1","2022-03-30 11:15:00","2022-04-05 16:00:00",322340.871992754,181.5,1775.9827658003,"0.98","0.1","storm_33"
"278","FC = 0.98, SFT = 0.1","2022-04-05 21:15:00","2022-04-06 05:15:00",4858.24974928022,12,404.854145773352,"0.98","0.1","storm_34"
"279","FC = 0.98, SFT = 0.1","2022-04-07 18:45:00","2022-04-13 12:30:00",243356.220061894,69.5,3501.5283462143,"0.98","0.1","storm_35"
"280","FC = 0.98, SFT = 0.1","2022-04-13 20:30:00","2022-04-18 14:00:00",255904.451460162,128.75,1987.60738998184,"0.98","0.1","storm_36"
"281","FC = 0.98, SFT = 0.1","2022-04-19 08:45:00","2022-04-24 18:30:00",611736.718230973,148.75,4112.51575281326,"0.98","0.1","storm_37"
"282","FC = 0.98, SFT = 0.1","2022-04-24 20:30:00","2022-04-25 19:15:00",21986.4048502328,26.75,821.921676644218,"0.98","0.1","storm_38"
"283","FC = 0.98, SFT = 0.1","2022-04-26 11:45:00","2022-04-27 05:00:00",23740.737465013,28.75,825.764781391755,"0.98","0.1","storm_39"
"284","FC = 0.98, SFT = 0.1","2022-04-27 18:45:00","2022-05-01 06:00:00",151839.186267129,98.5,1541.51458139217,"0.98","0.1","storm_40"
"285","FC = 0.98, SFT = 0.1","2022-05-04 08:30:00","2022-05-08 07:45:00",129866.069893505,110.5,1175.25855107244,"0.98","0.1","storm_41"
"286","FC = 0.98, SFT = 0.1","2022-05-15 02:00:00","2022-05-16 15:45:00",89031.4392015284,41.75,2132.48956171325,"0.98","0.1","storm_42"
"287","FC = 0.98, SFT = 0.1","2022-05-17 00:30:00","2022-05-19 11:00:00",245928.173385749,62.5,3934.85077417199,"0.98","0.1","storm_43"
"288","FC = 0.98, SFT = 0.1","2022-05-19 17:45:00","2022-05-21 15:00:00",152474.856532721,53,2876.88408552304,"0.98","0.1","storm_44"
"289","FC = 0.98, SFT = 0.1","2022-05-21 22:45:00","2022-05-25 18:15:00",94911.0170418546,110.5,858.923231148005,"0.98","0.1","storm_45"
"290","FC = 0.98, SFT = 0.1","2022-05-27 20:45:00","2022-05-31 23:00:00",531326.702962919,113.5,4681.29253711823,"0.98","0.1","storm_46"
"291","FC = 0.98, SFT = 0.1","2022-06-02 03:30:00","2022-08-01 22:00:00",334725.074871486,174.5,1918.19527146983,"0.98","0.1","storm_47"
"292","FC = 0.98, SFT = 0.1","2022-08-16 20:30:00","2022-08-17 18:45:00",24109.3079246579,25.5,945.463055868938,"0.98","0.1","storm_48"
"293","FC = 0.98, SFT = 0.1","2022-08-23 18:45:00","2022-08-24 16:00:00",14612.1372363266,21.5,679.634290061701,"0.98","0.1","storm_49"
"294","FC = 0.98, SFT = 0.1","2022-08-31 01:15:00","2022-09-06 19:00:00",87498.6130026777,19,4605.19015803567,"0.98","0.1","storm_50"
"295","FC = 0.98, SFT = 0.1","2022-09-14 01:00:00","2022-09-15 23:00:00",44782.5135375242,53.75,833.16304255859,"0.98","0.1","storm_51"
"296","FC = 0.98, SFT = 0.1","2022-09-19","2022-09-22 01:30:00",194971.95005046,81.25,2399.65476985181,"0.98","0.1","storm_52"
"297","FC = 0.98, SFT = 0.1","2022-09-22 07:15:00","2022-09-25 04:00:00",382706.595281963,72.75,5260.5717564531,"0.98","0.1","storm_53"
"298","FC = 0.98, SFT = 0.1","2022-09-26 13:15:00","2022-09-27 10:30:00",12954.7939519459,25.25,513.061146611718,"0.98","0.1","storm_54"
"299","FC = 0.98, SFT = 0.1","2022-09-28 15:15:00","2022-09-30 11:30:00",39157.9906026927,48.5,807.381249540055,"0.98","0.1","storm_55"
"300","FC = 0.98, SFT = 0.1","2022-10-07 19:30:00","2022-10-08 12:00:00",7697.78115305509,16.75,459.56902406299,"0.98","0.1","storm_56"
"301","FC = 0.98, SFT = 0.1","2022-10-14 02:00:00","2022-10-17 10:30:00",473478.95855615,92,5146.51041908859,"0.98","0.1","storm_57"
"302","FC = 0.98, SFT = 0.1","2022-10-18 14:45:00","2022-10-20 00:15:00",18190.6028114687,37.5,485.082741639166,"0.98","0.1","storm_58"
"303","FC = 0.98, SFT = 0.1","2022-10-24 22:00:00","2022-10-25 16:00:00",7372.11816446974,18.25,403.951680244917,"0.98","0.1","storm_59"
"304","FC = 0.98, SFT = 0.1","2022-10-27 16:45:00","2022-10-28 03:30:00",4446.87318073057,11,404.261198248234,"0.98","0.1","storm_60"
"305","FC = 0.98, SFT = 0.1","2022-11-04 22:45:00","2022-11-05 09:45:00",10439.4809609796,15,695.965397398639,"0.98","0.1","storm_61"
"306","FC = 0.98, SFT = 0.1","2022-11-06 21:30:00","2022-11-10 23:00:00",714545.792485489,144,4962.123558927,"0.98","0.1","storm_62"
"307","FC = 0.98, SFT = 0.1","2022-11-12 01:15:00","2022-11-15 16:00:00",624997.17588389,98.25,6361.29441103196,"0.98","0.1","storm_63"
"308","FC = 0.98, SFT = 0.1","2022-11-16 18:00:00","2022-11-21 09:30:00",138600.049243059,126.75,1093.49151276575,"0.98","0.1","storm_64"
"309","FC = 0.98, SFT = 0.1","2022-11-25 18:00:00","2022-11-26 15:00:00",14916.0275498916,25,596.641101995662,"0.98","0.1","storm_65"
"310","FC = 0.98, SFT = 0.1","2022-11-28 02:45:00","2022-11-30 02:00:00",76870.0633792581,55,1397.63751598651,"0.98","0.1","storm_66"
"311","FC = 0.98, SFT = 0.1","2022-11-30 20:45:00","2022-12-02 11:45:00",96420.7113747708,46.75,2062.47510962077,"0.98","0.1","storm_67"
"312","FC = 0.98, SFT = 0.1","2022-12-03 18:00:00","2022-12-05 12:45:00",41196.3394789086,50.5,815.76909859225,"0.98","0.1","storm_68"
"313","FC = 0.98, SFT = 0.1","2022-12-06 21:45:00","2022-12-28 02:15:00",398689.930615095,143.5,2778.3270426139,"0.98","0.1","storm_69"
"314","FC = 0.98, SFT = 0.1","2022-12-30","2023-01-04 05:00:00",469231.202038455,140.25,3345.67701988203,"0.98","0.1","storm_70"
"315","FC = 0.98, SFT = 0.1","2023-01-05 02:30:00","2023-01-09 07:15:00",604305.759054348,112.25,5383.57023656434,"0.98","0.1","storm_71"
"316","FC = 0.98, SFT = 0.1","2023-01-09 09:15:00","2023-01-11 01:15:00",73832.9294198502,60.25,1225.44281194772,"0.98","0.1","storm_72"
"317","FC = 0.98, SFT = 0.1","2023-01-13 03:15:00","2023-01-15 23:30:00",196215.629876756,68.5,2864.46175002563,"0.98","0.1","storm_73"
"318","FC = 0.98, SFT = 0.1","2023-01-16 00:30:00","2023-01-17 09:15:00",83278.9601913797,33,2523.60485428423,"0.98","0.1","storm_74"
"319","FC = 0.98, SFT = 0.1","2023-01-23 15:45:00","2023-01-25 13:00:00",41836.8270295195,45.5,919.490703945483,"0.98","0.1","storm_75"
"320","FC = 0.98, SFT = 0.1","2023-01-25 15:00:00","2023-01-28 01:30:00",70768.782274077,66.25,1068.20803432569,"0.98","0.1","storm_76"
"321","FC = 0.98, SFT = 0.1","2023-01-30 06:00:00","2023-01-30 16:30:00",11017.3438847031,10.75,1024.86919857703,"0.98","0.1","storm_77"
"322","FC = 0.98, SFT = 0.1","2023-01-31 05:45:00","2023-01-31 18:00:00",11636.4102652668,12.5,930.912821221346,"0.98","0.1","storm_78"
"323","FC = 0.98, SFT = 0.1","2023-02-01","2023-02-01 18:45:00",74841.2437659604,19,3939.01282978739,"0.98","0.1","storm_79"
"324","FC = 0.98, SFT = 0.1","2023-02-03 08:00:00","2023-02-03 20:00:00",22231.2462062344,12.25,1814.7956086722,"0.98","0.1","storm_80"
"325","FC = 0.98, SFT = 0.1","2023-02-03 23:00:00","2023-02-04 23:15:00",36356.9165680152,24.5,1483.95577828633,"0.98","0.1","storm_81"
"326","FC = 0.98, SFT = 0.1","2023-02-09 22:45:00","2023-02-14 13:45:00",732830.590885541,118.75,6171.20497587824,"0.98","0.1","storm_82"
"327","FC = 0.98, SFT = 0.1","2023-02-14 19:45:00","2023-02-15 10:30:00",31657.4623926223,18.75,1688.39799427319,"0.98","0.1","storm_83"
"328","FC = 0.98, SFT = 0.1","2023-02-15 18:15:00","2023-02-19 09:00:00",281996.398288672,94.5,2984.0888707796,"0.98","0.1","storm_84"
"329","FC = 0.98, SFT = 0.1","2023-02-19 20:00:00","2023-02-21 10:30:00",85283.2635105799,38.75,2200.85841317625,"0.98","0.1","storm_85"
"330","FC = 0.98, SFT = 0.1","2023-02-21 13:00:00","2023-02-22 13:30:00",50328.1302134865,24.75,2033.45980660552,"0.98","0.1","storm_86"
"331","FC = 0.98, SFT = 0.1","2023-02-22 14:30:00","2023-02-23 05:45:00",41940.5254661462,27.25,1539.10185196867,"0.98","0.1","storm_87"
"332","FC = 0.98, SFT = 0.1","2023-02-23 16:15:00","2023-02-24 16:30:00",24057.6990422575,24.5,981.946899683981,"0.98","0.1","storm_88"
"333","FC = 0.98, SFT = 0.1","2023-02-25 01:15:00","2023-02-25 17:00:00",55465.8972235487,16,3466.61857647179,"0.98","0.1","storm_89"
"334","FC = 0.98, SFT = 0.1","2023-02-26 03:15:00","2023-02-26 15:15:00",18441.2683281499,12.25,1505.40965944081,"0.98","0.1","storm_90"
"335","FC = 0.98, SFT = 0.1","2023-03-04 18:45:00","2023-03-05 07:30:00",5931.04967737132,13,456.234590567025,"0.98","0.1","storm_91"
"336","FC = 0.98, SFT = 0.1","2023-03-05 17:15:00","2023-03-06 09:30:00",9539.75504424998,16.5,578.166972378787,"0.98","0.1","storm_92"
"337","FC = 0.98, SFT = 0.1","2023-03-06 14:15:00","2023-03-07 11:15:00",21765.3148586681,25,870.612594346723,"0.98","0.1","storm_93"
"338","FC = 0.98, SFT = 0.1","2023-03-07 14:00:00","2023-03-08 07:45:00",15130.3554622438,18,840.575303457991,"0.98","0.1","storm_94"
"339","FC = 0.98, SFT = 0.1","2023-03-08 15:00:00","2023-03-10 09:15:00",32367.1032168213,46.25,699.829258742081,"0.98","0.1","storm_95"
"340","FC = 0.98, SFT = 0.1","2023-03-11 12:45:00","2023-03-12 08:45:00",29625.6505659844,24,1234.40210691602,"0.98","0.1","storm_96"
"341","FC = 0.98, SFT = 0.1","2023-03-12 11:15:00","2023-03-13 14:00:00",24985.0094605777,27,925.370720762135,"0.98","0.1","storm_97"
"342","FC = 0.98, SFT = 0.1","2023-03-14 06:45:00","2023-03-16 11:30:00",54752.7076430637,53,1033.0699555295,"0.98","0.1","storm_98"
"343","FC = 0.98, SFT = 0.1","2023-03-16 13:15:00","2023-03-20 06:45:00",450207.89475912,104.75,4297.92739626845,"0.98","0.1","storm_99"
"344","FC = 0.98, SFT = 0.1","2023-03-20 08:45:00","2023-03-21 14:45:00",51512.5604392811,30.25,1702.89455997624,"0.98","0.1","storm_100"
"345","FC = 0.98, SFT = 0.1","2023-03-21 18:45:00","2023-03-22 12:00:00",36093.5685514868,21.25,1698.52087301114,"0.98","0.1","storm_101"
"346","FC = 0.98, SFT = 0.1","2023-03-22 19:15:00","2023-03-31 12:00:00",261957.248215037,80.25,3264.26477526526,"0.98","0.1","storm_102"
"347","FC = 0.98, SFT = 0.1","2023-03-31 13:45:00","2023-04-03 19:45:00",210295.526253807,85.75,2452.42596214352,"0.98","0.1","storm_103"
"348","FC = 0.98, SFT = 0.1","2023-04-03 23:00:00","2023-04-04 11:45:00",7300.75808856635,16.75,435.866154541274,"0.98","0.1","storm_104"
"349","FC = 0.98, SFT = 0.1","2023-04-05 18:30:00","2023-05-12 20:30:00",765906.459390484,168.5,4545.43892813344,"0.98","0.1","storm_105"
"350","FC = 0.98, SFT = 0.1","2023-05-21 11:15:00","2023-05-22 10:30:00",16490.0958602602,23.5,701.706206819583,"0.98","0.1","storm_106"
"351","FC = 0.98, SFT = 0.1","2023-05-25 04:45:00","2023-05-26 00:45:00",9541.67879773776,20.25,471.194014703099,"0.98","0.1","storm_107"
"352","FC = 0.98, SFT = 0.1","2023-06-13 14:30:00","2023-06-14 17:15:00",27020.9138093287,30.75,878.728904368414,"0.98","0.1","storm_108"
"353","FC = 0.98, SFT = 0.1","2023-06-15 11:15:00","2023-06-16 09:45:00",16182.1939215137,26.5,610.648827226933,"0.98","0.1","storm_109"
"354","FC = 0.98, SFT = 0.1","2023-06-17 13:30:00","2023-06-20 22:00:00",111581.646125868,84.5,1320.49285356057,"0.98","0.1","storm_110"
"355","FC = 0.98, SFT = 0.1","2023-06-24 20:45:00","2023-06-28 11:15:00",294248.418505511,101.75,2891.87634894851,"0.98","0.1","storm_111"
"356","FC = 0.98, SFT = 0.1","2023-07-02 02:00:00","2023-07-06 22:00:00",418090.186730941,131.25,3185.44904175955,"0.98","0.1","storm_112"
"357","FC = 0.98, SFT = 0.1","2023-07-16 23:00:00","2023-07-18 03:45:00",19909.4622821285,32.75,607.922512431406,"0.98","0.1","storm_113"
"358","FC = 0.98, SFT = 0.1","2023-07-19 15:30:00","2023-07-20 06:45:00",7444.42048526957,15.5,480.285192598037,"0.98","0.1","storm_114"
"359","FC = 0.98, SFT = 0.1","2023-07-21 12:30:00","2023-07-25 09:00:00",502757.350301107,107.75,4665.96148771329,"0.98","0.1","storm_115"
"360","FC = 0.98, SFT = 0.1","2023-07-26 09:00:00","2023-07-27 07:00:00",107188.22047105,26,4122.62386427114,"0.98","0.1","storm_116"
"361","FC = 0.98, SFT = 0.1","2023-07-27 14:15:00","2023-08-02 07:00:00",326056.344297522,127,2567.37278974427,"0.98","0.1","storm_117"
"362","FC = 0.98, SFT = 0.1","2023-08-04 16:00:00","2023-08-05 10:00:00",12015.0554692513,22,546.138884965968,"0.98","0.1","storm_118"
"363","FC = 0.98, SFT = 0.1","2023-08-05 12:15:00","2023-08-06 03:30:00",6365.74368603763,15.5,410.693141034686,"0.98","0.1","storm_119"
"364","FC = 0.98, SFT = 0.1","2023-08-08 08:45:00","2023-08-10 11:45:00",159965.46972572,58.75,2722.8165059697,"0.98","0.1","storm_120"
"365","FC = 0.98, SFT = 0.1","2023-08-10 20:15:00","2023-08-14 11:30:00",355563.187451048,106.25,3346.4770583628,"0.98","0.1","storm_121"
"366","FC = 0.98, SFT = 0.1","2023-08-16 22:30:00","2023-08-18 01:15:00",36787.1443627379,30.75,1196.32989797522,"0.98","0.1","storm_122"
"367","FC = 0.98, SFT = 0.1","2023-08-19 06:30:00","2023-08-23 05:45:00",155525.721096111,106.75,1456.91542010408,"0.98","0.1","storm_123"
"368","FC = 0.98, SFT = 0.1","2023-08-27 03:15:00","2023-08-29 03:00:00",105279.070158342,55.5,1896.92018303318,"0.98","0.1","storm_124"
"369","FC = 0.98, SFT = 0.1","2023-08-30 22:15:00","2023-09-03 03:00:00",216990.942978912,107.5,2018.52039980383,"0.98","0.1","storm_125"
"370","FC = 0.98, SFT = 0.1","2023-09-06 01:30:00","2023-09-06 13:00:00",14231.7871573244,15.5,918.179816601575,"0.98","0.1","storm_126"
"371","FC = 0.98, SFT = 0.1","2023-09-07 20:15:00","2023-09-09 06:15:00",64723.6974248856,41.75,1550.26820179367,"0.98","0.1","storm_127"
"372","FC = 0.98, SFT = 0.1","2023-09-09 07:00:00","2023-09-09 22:00:00",12517.5552818157,15.25,820.823297168246,"0.98","0.1","storm_128"
"373","FC = 0.98, SFT = 0.1","2023-09-10 10:30:00","2023-09-13 02:00:00",104712.985270382,71.25,1469.65593361939,"0.98","0.1","storm_129"
"374","FC = 0.98, SFT = 0.1","2023-09-13 15:30:00","2023-09-17 02:30:00",240694.208993671,93.25,2581.17114202328,"0.98","0.1","storm_130"
"375","FC = 0.98, SFT = 0.1","2023-09-20 02:45:00","2023-09-21 02:15:00",13569.9821879627,27.5,493.453897744099,"0.98","0.1","storm_131"
"376","FC = 0.98, SFT = 0.1","2023-10-07 18:45:00","2023-10-11 08:30:00",477230.934746943,101,4725.05875987072,"0.98","0.1","storm_132"
"377","FC = 0.98, SFT = 0.1","2023-10-30 11:15:00","2023-11-02 20:45:00",165250.002231184,89.25,1851.54064124576,"0.98","0.1","storm_133"
"378","FC = 0.98, SFT = 0.1","2023-11-07 15:15:00","2023-11-08 18:15:00",22237.6793857736,31,717.344496315276,"0.98","0.1","storm_134"
"379","FC = 0.98, SFT = 0.1","2023-11-09 21:15:00","2023-11-12 08:15:00",56687.0686640825,66.75,849.244474368278,"0.98","0.1","storm_135"
"380","FC = 0.98, SFT = 0.1","2023-11-18 02:30:00","2023-11-20 09:00:00",134213.855701283,66,2033.54326820126,"0.98","0.1","storm_136"
"381","FC = 0.996, SFT = 0.14","2021-12-02 18:45:00","2021-12-05 04:30:00",206138.552944104,65.5,3147.15348006266,"0.996","0.14","storm_1"
"382","FC = 0.996, SFT = 0.14","2021-12-11 16:30:00","2021-12-15 10:30:00",295937.014542239,101.25,2922.83471152829,"0.996","0.14","storm_2"
"383","FC = 0.996, SFT = 0.14","2021-12-15 18:45:00","2021-12-24 02:00:00",152934.302083709,131.25,1165.21373016159,"0.996","0.14","storm_3"
"384","FC = 0.996, SFT = 0.14","2021-12-24 04:15:00","2021-12-24 15:15:00",13827.9757430542,11.25,1229.15339938259,"0.996","0.14","storm_4"
"385","FC = 0.996, SFT = 0.14","2022-01-16 13:30:00","2022-01-21 08:30:00",80358.0587859106,77.75,1033.54416444901,"0.996","0.14","storm_5"
"386","FC = 0.996, SFT = 0.14","2022-01-21 14:00:00","2022-01-22 01:30:00",8918.77261059937,11.75,759.044477497818,"0.996","0.14","storm_6"
"387","FC = 0.996, SFT = 0.14","2022-01-22 14:30:00","2022-01-24 08:00:00",32447.4192532552,49.25,658.830847781831,"0.996","0.14","storm_7"
"388","FC = 0.996, SFT = 0.14","2022-01-24 13:45:00","2022-01-27 00:45:00",56527.5039591156,77.25,731.747624066221,"0.996","0.14","storm_8"
"389","FC = 0.996, SFT = 0.14","2022-01-27 13:15:00","2022-01-29 04:00:00",29259.1300543484,46.5,629.22860331932,"0.996","0.14","storm_9"
"390","FC = 0.996, SFT = 0.14","2022-02-03 10:30:00","2022-02-06 03:30:00",136160.111704891,72.75,1871.61665573733,"0.996","0.14","storm_10"
"391","FC = 0.996, SFT = 0.14","2022-02-06 07:15:00","2022-02-09",58126.6385660022,80,726.582982075027,"0.996","0.14","storm_11"
"392","FC = 0.996, SFT = 0.14","2022-02-11 17:30:00","2022-02-17 04:00:00",911317.230817001,142,6417.72697758451,"0.996","0.14","storm_12"
"393","FC = 0.996, SFT = 0.14","2022-02-17 14:45:00","2022-03-04 23:15:00",1540002.15588358,140.75,10941.4007522812,"0.996","0.14","storm_13"
"394","FC = 0.996, SFT = 0.14","2022-03-06 16:15:00","2022-03-14 11:45:00",539913.533327508,143,3775.61911417838,"0.996","0.14","storm_14"
"395","FC = 0.996, SFT = 0.14","2022-03-30 11:30:00","2022-04-06 05:00:00",577270.747557236,198,2915.50882604664,"0.996","0.14","storm_15"
"396","FC = 0.996, SFT = 0.14","2022-04-19 09:30:00","2022-04-25 23:45:00",987972.980430014,181,5458.41425651941,"0.996","0.14","storm_16"
"397","FC = 0.996, SFT = 0.14","2022-04-26 10:30:00","2022-05-02 11:15:00",339602.774062092,175,1940.58728035481,"0.996","0.14","storm_17"
"398","FC = 0.996, SFT = 0.14","2022-05-04 06:30:00","2022-05-10 19:45:00",289646.849755226,180,1609.14916530681,"0.996","0.14","storm_18"
"399","FC = 0.996, SFT = 0.14","2022-05-10 23:15:00","2022-05-11 07:15:00",6488.12873503437,12,540.677394586198,"0.996","0.14","storm_19"
"400","FC = 0.996, SFT = 0.14","2022-08-16 21:00:00","2022-08-18 07:00:00",39738.057323738,37.25,1066.79348520102,"0.996","0.14","storm_20"
"401","FC = 0.996, SFT = 0.14","2022-08-23 20:30:00","2022-08-24 23:30:00",22956.5130746109,27.25,842.440846774712,"0.996","0.14","storm_21"
"402","FC = 0.996, SFT = 0.14","2022-08-31 01:30:00","2022-09-07 06:45:00",100818.732016742,30.5,3305.53219727023,"0.996","0.14","storm_22"
"403","FC = 0.996, SFT = 0.14","2022-09-14 01:45:00","2022-09-16 09:30:00",78553.7777376754,67.25,1168.08591431488,"0.996","0.14","storm_23"
"404","FC = 0.996, SFT = 0.14","2022-09-19 01:00:00","2022-09-25 10:30:00",824618.003378003,172.5,4780.39422248118,"0.996","0.14","storm_24"
"405","FC = 0.996, SFT = 0.14","2022-09-26 03:45:00","2022-10-02 12:45:00",169768.178259974,171.5,989.901914052329,"0.996","0.14","storm_25"
"406","FC = 0.996, SFT = 0.14","2022-10-07 23:00:00","2022-10-08 18:45:00",12302.4441752518,20,615.12220876259,"0.996","0.14","storm_26"
"407","FC = 0.996, SFT = 0.14","2022-10-10 07:15:00","2022-10-11 01:45:00",9049.26328302393,16.5,548.440198971148,"0.996","0.14","storm_27"
"408","FC = 0.996, SFT = 0.14","2022-10-25 06:15:00","2022-10-26 08:15:00",15466.8678614874,26,594.879533134131,"0.996","0.14","storm_28"
"409","FC = 0.996, SFT = 0.14","2022-10-27 01:30:00","2022-10-28 09:00:00",20319.8332162694,31.75,639.994746969115,"0.996","0.14","storm_29"
"410","FC = 0.996, SFT = 0.14","2022-11-04 22:45:00","2022-11-05 08:15:00",11572.2335402665,13.5,857.202484464186,"0.996","0.14","storm_30"
"411","FC = 0.996, SFT = 0.14","2022-11-06 23:00:00","2022-11-10 21:00:00",1015885.76393667,140.5,7230.50365791225,"0.996","0.14","storm_31"
"412","FC = 0.996, SFT = 0.14","2022-11-21 11:30:00","2022-11-21 18:30:00",7967.6495624126,11,724.331778401145,"0.996","0.14","storm_32"
"413","FC = 0.996, SFT = 0.14","2022-11-25 19:45:00","2022-11-27 06:15:00",30881.0752511713,42.25,730.913023696363,"0.996","0.14","storm_33"
"414","FC = 0.996, SFT = 0.14","2022-11-28 02:15:00","2022-11-30 13:00:00",128744.580112251,70.25,1832.6630620961,"0.996","0.14","storm_34"
"415","FC = 0.996, SFT = 0.14","2022-11-30 20:30:00","2022-12-05 12:30:00",216068.120487378,131,1649.3749655525,"0.996","0.14","storm_35"
"416","FC = 0.996, SFT = 0.14","2022-12-06 22:45:00","2022-12-28 10:00:00",572699.778555801,150.25,3811.64578073744,"0.996","0.14","storm_36"
"417","FC = 0.996, SFT = 0.14","2022-12-30 00:45:00","2023-01-04 11:45:00",796822.178710062,146.25,5448.3567775047,"0.996","0.14","storm_37"
"418","FC = 0.996, SFT = 0.14","2023-01-05 00:45:00","2023-01-11 01:00:00",1038798.96100227,175.75,5910.66265150653,"0.996","0.14","storm_38"
"419","FC = 0.996, SFT = 0.14","2023-01-25 15:15:00","2023-01-29 11:00:00",141980.99772109,103.25,1375.11862199603,"0.996","0.14","storm_39"
"420","FC = 0.996, SFT = 0.14","2023-01-29 15:15:00","2023-02-04 21:15:00",273262.32611254,150.25,1818.71764467581,"0.996","0.14","storm_40"
"421","FC = 0.996, SFT = 0.14","2023-02-22 14:30:00","2023-02-23 05:30:00",42729.4510506092,27,1582.57226113367,"0.996","0.14","storm_41"
"422","FC = 0.996, SFT = 0.14","2023-02-23 16:45:00","2023-02-25 17:00:00",100467.174141095,48.5,2071.48812662052,"0.996","0.14","storm_42"
"423","FC = 0.996, SFT = 0.14","2023-02-26 03:15:00","2023-02-26 15:00:00",19835.2674147242,12,1652.93895122702,"0.996","0.14","storm_43"
"424","FC = 0.996, SFT = 0.14","2023-03-02 17:30:00","2023-03-06 10:45:00",86283.4120619078,93.25,925.291282165231,"0.996","0.14","storm_44"
"425","FC = 0.996, SFT = 0.14","2023-03-06 13:00:00","2023-03-07 12:15:00",35127.9791595168,27.25,1289.10015264282,"0.996","0.14","storm_45"
"426","FC = 0.996, SFT = 0.14","2023-03-07 13:00:00","2023-03-10 09:00:00",81804.1432686179,72,1136.16865650858,"0.996","0.14","storm_46"
"427","FC = 0.996, SFT = 0.14","2023-03-11 12:45:00","2023-03-12 08:30:00",32146.8676139232,23.75,1353.55232058624,"0.996","0.14","storm_47"
"428","FC = 0.996, SFT = 0.14","2023-03-12 11:15:00","2023-03-16 11:15:00",155844.810709026,100,1558.44810709026,"0.996","0.14","storm_48"
"429","FC = 0.996, SFT = 0.14","2023-05-21 11:00:00","2023-05-23 01:15:00",33670.5349238344,38.5,874.559348671024,"0.996","0.14","storm_49"
"430","FC = 0.996, SFT = 0.14","2023-05-25 02:15:00","2023-05-27 01:00:00",32101.6209069981,47,683.013210787193,"0.996","0.14","storm_50"
"431","FC = 0.996, SFT = 0.14","2023-06-08 14:15:00","2023-06-09 04:00:00",41613.3579725488,79.75,521.797592132273,"0.996","0.14","storm_51"
"432","FC = 0.996, SFT = 0.14","2023-06-13 16:30:00","2023-06-16 20:45:00",94671.1107274396,87.75,1078.87305672296,"0.996","0.14","storm_52"
"433","FC = 0.996, SFT = 0.14","2023-06-17 08:30:00","2023-06-21 13:30:00",192786.511036779,105,1836.06200987408,"0.996","0.14","storm_53"
"434","FC = 0.996, SFT = 0.14","2023-06-24 20:45:00","2023-06-29 06:00:00",426270.687147093,120.5,3537.51607590948,"0.996","0.14","storm_54"
"435","FC = 0.996, SFT = 0.14","2023-07-02 02:45:00","2023-07-07 08:15:00",626394.765281996,144.5,4334.91187046364,"0.996","0.14","storm_55"
"436","FC = 0.996, SFT = 0.14","2023-07-21 13:45:00","2023-07-25 08:15:00",678526.822267988,105.75,6416.32928858617,"0.996","0.14","storm_56"
"437","FC = 0.996, SFT = 0.14","2023-07-26 09:00:00","2023-08-03 05:15:00",668859.5783393,186,3596.01923838333,"0.996","0.14","storm_57"
"438","FC = 0.996, SFT = 0.14","2023-08-04 09:00:00","2023-08-06 04:00:00",37633.2179601033,47.75,788.130219059756,"0.996","0.14","storm_58"
"439","FC = 0.996, SFT = 0.14","2023-08-08 09:30:00","2023-08-14 11:30:00",717649.962343487,172.5,4160.28963677384,"0.996","0.14","storm_59"
"440","FC = 0.996, SFT = 0.14","2023-08-16 23:00:00","2023-08-18 01:00:00",42788.7521601039,30,1426.29173867013,"0.996","0.14","storm_60"
"441","FC = 0.996, SFT = 0.14","2023-08-19 02:45:00","2023-08-23 07:15:00",251302.839332921,115.75,2171.08284520882,"0.996","0.14","storm_61"
"442","FC = 0.996, SFT = 0.14","2023-08-27 02:45:00","2023-08-29 07:00:00",146411.136753525,63.75,2296.64528240824,"0.996","0.14","storm_62"
"443","FC = 0.996, SFT = 0.14","2023-08-30 13:30:00","2023-09-04 07:30:00",368276.53784371,152.25,2418.89351621485,"0.996","0.14","storm_63"
"444","FC = 0.996, SFT = 0.14","2023-09-06 01:30:00","2023-09-06 11:30:00",16026.0219242434,14,1144.71585173167,"0.996","0.14","storm_64"
"445","FC = 0.996, SFT = 0.14","2023-09-19 06:15:00","2023-09-22 02:30:00",55464.9698778979,72.25,767.681243984747,"0.996","0.14","storm_65"
"446","FC = 0.996, SFT = 0.14","2023-10-07 19:30:00","2023-10-11 14:15:00",654207.527736,106,6171.7691295849,"0.996","0.14","storm_66"
"447","FC = 0.996, SFT = 0.14","2023-10-16 15:15:00","2023-10-17 18:15:00",19965.3495718955,31,644.043534577276,"0.996","0.14","storm_67"
"448","FC = 0.996, SFT = 0.14","2023-10-30 12:00:00","2023-11-04 17:15:00",297565.365101872,140.5,2117.90295446172,"0.996","0.14","storm_68"
"449","FC = 0.996, SFT = 0.14","2023-11-04 22:15:00","2023-11-05 06:15:00",16355.6853698266,28.5,573.883697186898,"0.996","0.14","storm_69"
"450","FC = 0.996, SFT = 0.14","2023-11-05 06:30:00","2023-11-05 06:45:00",9249.00434234153,18,513.833574574529,"0.996","0.14","storm_70"
"451","FC = 0.996, SFT = 0.14","2023-11-07 16:45:00","2023-11-08 19:15:00",35006.3929552468,42,833.485546553496,"0.996","0.14","storm_71"
"452","FC = 0.996, SFT = 0.14","2023-11-09 21:15:00","2023-11-12 18:15:00",95917.5690770987,76.75,1249.74031370813,"0.996","0.14","storm_72"
"453","FC = 0.996, SFT = 0.14","2023-11-18 03:15:00","2023-11-20 15:30:00",201938.703336427,71.75,2814.476701553,"0.996","0.14","storm_73"
"454","FC = 0.98, SFT = 0.14","2021-12-02 18:45:00","2021-12-04 11:15:00",152308.224391419,48.25,3156.647137646,"0.98","0.14","storm_1"
"455","FC = 0.98, SFT = 0.14","2021-12-04 13:30:00","2021-12-05 03:30:00",11155.383899244,14.25,782.833957841684,"0.98","0.14","storm_2"
"456","FC = 0.98, SFT = 0.14","2021-12-11 16:30:00","2021-12-15 07:30:00",199650.1673013,98.5,2026.90525178985,"0.98","0.14","storm_3"
"457","FC = 0.98, SFT = 0.14","2021-12-15 19:00:00","2021-12-19 14:00:00",13193.6503796651,16.25,811.916946440929,"0.98","0.14","storm_4"
"458","FC = 0.98, SFT = 0.14","2021-12-23 06:15:00","2021-12-23 18:15:00",26690.5885868671,12.25,2178.8235581116,"0.98","0.14","storm_5"
"459","FC = 0.98, SFT = 0.14","2021-12-24 05:00:00","2021-12-24 15:15:00",12174.968129517,10.5,1159.52077423971,"0.98","0.14","storm_6"
"460","FC = 0.98, SFT = 0.14","2022-01-01 22:00:00","2022-01-05 03:15:00",334763.627827743,108.75,3078.28623289879,"0.98","0.14","storm_7"
"461","FC = 0.98, SFT = 0.14","2022-01-18 02:00:00","2022-01-21 06:15:00",24087.5277395305,35.25,683.334120270369,"0.98","0.14","storm_8"
"462","FC = 0.98, SFT = 0.14","2022-01-21 14:30:00","2022-01-22 01:00:00",7308.15262354604,10.75,679.828151027539,"0.98","0.14","storm_9"
"463","FC = 0.98, SFT = 0.14","2022-01-22 14:30:00","2022-01-23 02:00:00",6799.473265044,11.75,578.678575748425,"0.98","0.14","storm_10"
"464","FC = 0.98, SFT = 0.14","2022-01-26 14:30:00","2022-01-27 00:45:00",21068.8735790348,34.25,615.149593548463,"0.98","0.14","storm_11"
"465","FC = 0.98, SFT = 0.14","2022-01-27 13:15:00","2022-01-27 23:00:00",5632.87003181346,10,563.287003181346,"0.98","0.14","storm_12"
"466","FC = 0.98, SFT = 0.14","2022-02-03 14:15:00","2022-02-06 00:15:00",78663.2368930509,65.75,1196.39904019849,"0.98","0.14","storm_13"
"467","FC = 0.98, SFT = 0.14","2022-02-12 06:30:00","2022-02-17 04:00:00",463575.121097243,124.25,3730.98689011865,"0.98","0.14","storm_14"
"468","FC = 0.98, SFT = 0.14","2022-02-17 14:45:00","2022-02-19 19:30:00",535787.13695758,53,10109.1912633506,"0.98","0.14","storm_15"
"469","FC = 0.98, SFT = 0.14","2022-02-19 23:45:00","2022-03-04 23:15:00",368959.416447017,83.75,4405.48556951662,"0.98","0.14","storm_16"
"470","FC = 0.98, SFT = 0.14","2022-03-06 16:15:00","2022-03-10 11:00:00",207481.263958591,31.25,6639.4004466749,"0.98","0.14","storm_17"
"471","FC = 0.98, SFT = 0.14","2022-03-10 15:00:00","2022-03-11 03:45:00",9335.11866217743,13,718.086050936725,"0.98","0.14","storm_18"
"472","FC = 0.98, SFT = 0.14","2022-03-12 04:00:00","2022-03-12 16:15:00",10178.8834079616,15.25,667.467764456499,"0.98","0.14","storm_19"
"473","FC = 0.98, SFT = 0.14","2022-03-13 00:45:00","2022-03-14 11:45:00",60822.2531176143,42.75,1422.74276298513,"0.98","0.14","storm_20"
"474","FC = 0.98, SFT = 0.14","2022-03-18 13:15:00","2022-03-18 15:00:00",22185.7756200669,31,715.670181292481,"0.98","0.14","storm_21"
"475","FC = 0.98, SFT = 0.14","2022-03-18 16:15:00","2022-03-18 17:00:00",7080.13584030159,11,643.64871275469,"0.98","0.14","storm_22"
"476","FC = 0.98, SFT = 0.14","2022-03-18 17:30:00","2022-03-18 18:15:00",9286.18569265517,15,619.079046177011,"0.98","0.14","storm_23"
"477","FC = 0.98, SFT = 0.14","2022-03-19 17:15:00","2022-03-20 04:15:00",170113.523464378,175,972.077276939302,"0.98","0.14","storm_24"
"478","FC = 0.98, SFT = 0.14","2022-03-20 08:15:00","2022-03-20 19:15:00",243411.182890583,179,1359.83901056192,"0.98","0.14","storm_25"
"479","FC = 0.98, SFT = 0.14","2022-03-20 19:45:00","2022-03-20 20:15:00",6375.16368558549,11,579.560335053227,"0.98","0.14","storm_26"
"480","FC = 0.98, SFT = 0.14","2022-03-24 07:30:00","2022-03-29 07:15:00",340703.990478279,96.5,3530.61130029304,"0.98","0.14","storm_27"
"481","FC = 0.98, SFT = 0.14","2022-03-29 10:45:00","2022-03-30 08:30:00",44907.4903349716,24.5,1832.95878918251,"0.98","0.14","storm_28"
"482","FC = 0.98, SFT = 0.14","2022-03-30 11:30:00","2022-04-05 09:15:00",319351.615191314,174.5,1830.09521599607,"0.98","0.14","storm_29"
"483","FC = 0.98, SFT = 0.14","2022-04-07 19:30:00","2022-04-13 12:00:00",242825.475569882,68.25,3557.88242593233,"0.98","0.14","storm_30"
"484","FC = 0.98, SFT = 0.14","2022-04-13 22:00:00","2022-04-18 09:15:00",253162.915196412,122.5,2066.63604241969,"0.98","0.14","storm_31"
"485","FC = 0.98, SFT = 0.14","2022-04-19 09:30:00","2022-04-24 08:15:00",606985.126132591,137.75,4406.42559805874,"0.98","0.14","storm_32"
"486","FC = 0.98, SFT = 0.14","2022-04-24 21:15:00","2022-04-25 15:30:00",20031.8300008411,22.25,900.306966329939,"0.98","0.14","storm_33"
"487","FC = 0.98, SFT = 0.14","2022-04-26 13:15:00","2022-04-27 03:45:00",20779.3799538131,22.25,933.904717025307,"0.98","0.14","storm_34"
"488","FC = 0.98, SFT = 0.14","2022-04-27 20:15:00","2022-04-30 12:15:00",141268.606007855,75.5,1871.10736434245,"0.98","0.14","storm_35"
"489","FC = 0.98, SFT = 0.14","2022-05-04 09:45:00","2022-05-07 10:00:00",118577.315737475,83.75,1415.84854611911,"0.98","0.14","storm_36"
"490","FC = 0.98, SFT = 0.14","2022-05-15 03:15:00","2022-05-16 14:00:00",87785.7747297707,38.75,2265.43934786505,"0.98","0.14","storm_37"
"491","FC = 0.98, SFT = 0.14","2022-05-17 00:45:00","2022-05-19 08:15:00",244641.585667492,59.5,4111.62328852927,"0.98","0.14","storm_38"
"492","FC = 0.98, SFT = 0.14","2022-05-19 18:15:00","2022-05-21 13:00:00",151392.458379804,50.5,2997.87046296641,"0.98","0.14","storm_39"
"493","FC = 0.98, SFT = 0.14","2022-05-22 06:45:00","2022-05-24 09:45:00",68432.2983775301,58.75,1164.80507876647,"0.98","0.14","storm_40"
"494","FC = 0.98, SFT = 0.14","2022-05-28 00:15:00","2022-05-31 19:45:00",528470.102169915,106.75,4950.5395987814,"0.98","0.14","storm_41"
"495","FC = 0.98, SFT = 0.14","2022-06-02 03:45:00","2022-08-01 22:00:00",334617.764307205,174.25,1920.33150248037,"0.98","0.14","storm_42"
"496","FC = 0.98, SFT = 0.14","2022-08-16 21:00:00","2022-08-17 15:30:00",21047.8548074719,18.75,1122.5522563985,"0.98","0.14","storm_43"
"497","FC = 0.98, SFT = 0.14","2022-08-23 21:15:00","2022-08-24 11:45:00",11713.1429179046,14.75,794.111384264722,"0.98","0.14","storm_44"
"498","FC = 0.98, SFT = 0.14","2022-08-31 01:30:00","2022-09-06 18:45:00",87271.2744798522,18.5,4717.36618810012,"0.98","0.14","storm_45"
"499","FC = 0.98, SFT = 0.14","2022-09-14 01:45:00","2022-09-15 13:00:00",40268.844211211,43,936.484749097931,"0.98","0.14","storm_46"
"500","FC = 0.98, SFT = 0.14","2022-09-19 01:15:00","2022-09-21 22:30:00",193148.263297275,77,2508.41900386072,"0.98","0.14","storm_47"
"501","FC = 0.98, SFT = 0.14","2022-09-22 07:30:00","2022-09-25 00:30:00",381037.549244907,69,5522.28332238995,"0.98","0.14","storm_48"
"502","FC = 0.98, SFT = 0.14","2022-09-26 17:00:00","2022-09-27 04:45:00",8914.25516002739,15.75,565.984454604914,"0.98","0.14","storm_49"
"503","FC = 0.98, SFT = 0.14","2022-09-28 17:15:00","2022-09-30 02:45:00",33210.0597345677,34.5,962.610427088919,"0.98","0.14","storm_50"
"504","FC = 0.98, SFT = 0.14","2022-10-14 02:45:00","2022-10-17 07:30:00",471854.863873114,88.25,5346.79732434123,"0.98","0.14","storm_51"
"505","FC = 0.98, SFT = 0.14","2022-10-18 22:00:00","2022-10-19 09:15:00",8549.74969055434,15.25,560.639323970776,"0.98","0.14","storm_52"
"506","FC = 0.98, SFT = 0.14","2022-11-04 23:00:00","2022-11-05 06:30:00",8986.80248824995,11.5,781.461085934779,"0.98","0.14","storm_53"
"507","FC = 0.98, SFT = 0.14","2022-11-06 23:15:00","2022-11-10 09:30:00",707907.95621306,128.75,5498.31422301406,"0.98","0.14","storm_54"
"508","FC = 0.98, SFT = 0.14","2022-11-12 01:45:00","2022-11-15 13:00:00",623472.148375632,94.75,6580.18098549479,"0.98","0.14","storm_55"
"509","FC = 0.98, SFT = 0.14","2022-11-16 19:00:00","2022-11-19 10:15:00",100060.008436463,74.75,1338.59543058813,"0.98","0.14","storm_56"
"510","FC = 0.98, SFT = 0.14","2022-11-19 19:00:00","2022-11-21 08:15:00",33267.6753383644,41.25,806.489099111865,"0.98","0.14","storm_57"
"511","FC = 0.98, SFT = 0.14","2022-11-25 20:45:00","2022-11-26 11:15:00",12118.5984561417,18.5,655.059376007659,"0.98","0.14","storm_58"
"512","FC = 0.98, SFT = 0.14","2022-11-28 03:30:00","2022-11-29 20:15:00",74172.4853846572,48.5,1529.32959555994,"0.98","0.14","storm_59"
"513","FC = 0.98, SFT = 0.14","2022-11-30 21:00:00","2022-12-02 09:45:00",95450.3798833683,44.5,2144.95235692962,"0.98","0.14","storm_60"
"514","FC = 0.98, SFT = 0.14","2022-12-03 18:30:00","2022-12-05 01:45:00",34302.1871005785,35.25,973.111690796554,"0.98","0.14","storm_61"
"515","FC = 0.98, SFT = 0.14","2022-12-06 23:00:00","2022-12-27 22:15:00",396418.603841411,138.25,2867.40400608616,"0.98","0.14","storm_62"
"516","FC = 0.98, SFT = 0.14","2022-12-30 01:45:00","2023-01-03 23:15:00",465874.092831532,132.75,3509.4093621961,"0.98","0.14","storm_63"
"517","FC = 0.98, SFT = 0.14","2023-01-05 02:45:00","2023-01-09 07:00:00",604098.084714533,111.75,5405.79941579001,"0.98","0.14","storm_64"
"518","FC = 0.98, SFT = 0.14","2023-01-09 09:30:00","2023-01-11 01:00:00",73606.479048363,59.75,1231.90759913578,"0.98","0.14","storm_65"
"519","FC = 0.98, SFT = 0.14","2023-01-13 03:45:00","2023-01-15 05:15:00",177531.729631003,49.75,3568.4769775076,"0.98","0.14","storm_66"
"520","FC = 0.98, SFT = 0.14","2023-01-15 07:15:00","2023-01-15 22:00:00",17086.5335990288,15,1139.10223993525,"0.98","0.14","storm_67"
"521","FC = 0.98, SFT = 0.14","2023-01-16 01:00:00","2023-01-17 06:00:00",81685.3063513648,29.25,2792.66004620051,"0.98","0.14","storm_68"
"522","FC = 0.98, SFT = 0.14","2023-01-23 21:15:00","2023-01-25 12:45:00",39338.8918936621,39.75,989.657657702191,"0.98","0.14","storm_69"
"523","FC = 0.98, SFT = 0.14","2023-01-25 15:15:00","2023-01-26 05:00:00",31958.7423748818,21.5,1486.45313371543,"0.98","0.14","storm_70"
"524","FC = 0.98, SFT = 0.14","2023-01-26 07:00:00","2023-01-27 01:30:00",17961.4765106768,18.75,957.945413902764,"0.98","0.14","storm_71"
"525","FC = 0.98, SFT = 0.14","2023-01-27 05:00:00","2023-01-27 17:00:00",13670.2401409917,12.25,1115.9379706932,"0.98","0.14","storm_72"
"526","FC = 0.98, SFT = 0.14","2023-01-31 07:00:00","2023-01-31 18:00:00",11086.00988549,11.25,985.423100932444,"0.98","0.14","storm_73"
"527","FC = 0.98, SFT = 0.14","2023-02-01 00:15:00","2023-02-01 18:30:00",74638.5474393245,18.5,4034.51607780132,"0.98","0.14","storm_74"
"528","FC = 0.98, SFT = 0.14","2023-02-03 08:30:00","2023-02-03 19:30:00",21812.5091589843,11.25,1938.88970302083,"0.98","0.14","storm_75"
"529","FC = 0.98, SFT = 0.14","2023-02-03 23:30:00","2023-02-04 21:00:00",35133.2249861916,21.75,1615.3206890203,"0.98","0.14","storm_76"
"530","FC = 0.98, SFT = 0.14","2023-02-09 23:30:00","2023-02-14 12:30:00",731966.870063459,116.75,6269.52351232085,"0.98","0.14","storm_77"
"531","FC = 0.98, SFT = 0.14","2023-02-14 20:15:00","2023-02-15 09:30:00",30992.7176024039,17.25,1796.67928129877,"0.98","0.14","storm_78"
"532","FC = 0.98, SFT = 0.14","2023-02-15 18:30:00","2023-02-18 03:00:00",250290.178920873,64.25,3895.5669870953,"0.98","0.14","storm_79"
"533","FC = 0.98, SFT = 0.14","2023-02-18 06:30:00","2023-02-19 05:45:00",28786.2940136182,23.5,1224.94868143056,"0.98","0.14","storm_80"
"534","FC = 0.98, SFT = 0.14","2023-02-19 20:45:00","2023-02-21 10:30:00",84976.3217461476,38,2236.21899331967,"0.98","0.14","storm_81"
"535","FC = 0.98, SFT = 0.14","2023-02-21 13:30:00","2023-02-22 13:15:00",50004.5964807724,24,2083.52485336551,"0.98","0.14","storm_82"
"536","FC = 0.98, SFT = 0.14","2023-02-22 14:45:00","2023-02-23 05:30:00",41711.431710001,26.75,1559.30585831779,"0.98","0.14","storm_83"
"537","FC = 0.98, SFT = 0.14","2023-02-23 17:00:00","2023-02-24 16:15:00",23634.3496805754,23.5,1005.71700768406,"0.98","0.14","storm_84"
"538","FC = 0.98, SFT = 0.14","2023-02-25 01:30:00","2023-02-25 17:00:00",55367.7402949823,15.75,3515.4120822211,"0.98","0.14","storm_85"
"539","FC = 0.98, SFT = 0.14","2023-02-26 04:15:00","2023-02-26 15:00:00",17917.8493465222,11,1628.89539513838,"0.98","0.14","storm_86"
"540","FC = 0.98, SFT = 0.14","2023-03-05 20:00:00","2023-03-06 09:00:00",8160.91163303873,13.25,615.917859097262,"0.98","0.14","storm_87"
"541","FC = 0.98, SFT = 0.14","2023-03-06 14:45:00","2023-03-07 10:30:00",21205.9594352757,23.75,892.882502537925,"0.98","0.14","storm_88"
"542","FC = 0.98, SFT = 0.14","2023-03-07 14:30:00","2023-03-08 06:30:00",14333.2768798504,16.25,882.047807990791,"0.98","0.14","storm_89"
"543","FC = 0.98, SFT = 0.14","2023-03-09 10:15:00","2023-03-10 08:45:00",21732.0135522619,26.5,820.075983104223,"0.98","0.14","storm_90"
"544","FC = 0.98, SFT = 0.14","2023-03-11 13:00:00","2023-03-12 08:30:00",29415.5000242353,23.5,1251.72340528661,"0.98","0.14","storm_91"
"545","FC = 0.98, SFT = 0.14","2023-03-12 11:15:00","2023-03-13 09:15:00",23003.4908132751,22.25,1033.86475565281,"0.98","0.14","storm_92"
"546","FC = 0.98, SFT = 0.14","2023-03-14 09:45:00","2023-03-16 11:15:00",53425.6126874415,49.75,1073.88166205913,"0.98","0.14","storm_93"
"547","FC = 0.98, SFT = 0.14","2023-03-16 13:15:00","2023-03-17 14:45:00",35672.9082616018,29.5,1209.25112751193,"0.98","0.14","storm_94"
"548","FC = 0.98, SFT = 0.14","2023-03-17 16:15:00","2023-03-20 06:30:00",413805.835759214,73.75,5610.92658656562,"0.98","0.14","storm_95"
"549","FC = 0.98, SFT = 0.14","2023-03-20 09:00:00","2023-03-21 13:00:00",50643.4580421819,28.25,1792.68878025423,"0.98","0.14","storm_96"
"550","FC = 0.98, SFT = 0.14","2023-03-21 19:15:00","2023-03-22 11:45:00",35777.4359159935,20.5,1745.24077638993,"0.98","0.14","storm_97"
"551","FC = 0.98, SFT = 0.14","2023-03-22 19:15:00","2023-03-31 11:45:00",261015.225365239,78,3346.34904314409,"0.98","0.14","storm_98"
"552","FC = 0.98, SFT = 0.14","2023-03-31 14:45:00","2023-04-03 12:30:00",206642.608674575,77.5,2666.35624096226,"0.98","0.14","storm_99"
"553","FC = 0.98, SFT = 0.14","2023-04-05 19:00:00","2023-04-09 12:15:00",672538.02292201,104.5,6435.77055427761,"0.98","0.14","storm_100"
"554","FC = 0.98, SFT = 0.14","2023-04-09 13:30:00","2023-05-12 20:15:00",92560.6327582669,62.25,1486.91779531352,"0.98","0.14","storm_101"
"555","FC = 0.98, SFT = 0.14","2023-05-21 12:45:00","2023-05-22 04:45:00",13330.907938515,16.25,820.363565447077,"0.98","0.14","storm_102"
"556","FC = 0.98, SFT = 0.14","2023-06-13 17:00:00","2023-06-14 15:00:00",24987.1637875138,26,961.044761058222,"0.98","0.14","storm_103"
"557","FC = 0.98, SFT = 0.14","2023-06-15 13:30:00","2023-06-16 04:30:00",12910.8533877439,19,679.518599354941,"0.98","0.14","storm_104"
"558","FC = 0.98, SFT = 0.14","2023-06-17 15:00:00","2023-06-20 04:15:00",103199.384108166,65.25,1581.59975644699,"0.98","0.14","storm_105"
"559","FC = 0.98, SFT = 0.14","2023-06-24 20:45:00","2023-06-27 15:15:00",283782.053298737,78,3638.23145254791,"0.98","0.14","storm_106"
"560","FC = 0.98, SFT = 0.14","2023-07-02 02:45:00","2023-07-05 02:00:00",384543.043563005,79,4867.63346282284,"0.98","0.14","storm_107"
"561","FC = 0.98, SFT = 0.14","2023-07-05 06:00:00","2023-07-06 09:30:00",24555.271276495,31.5,779.532421476031,"0.98","0.14","storm_108"
"562","FC = 0.98, SFT = 0.14","2023-07-10 15:45:00","2023-07-15 06:45:00",1196027.33319831,187.75,6370.31868547701,"0.98","0.14","storm_109"
"563","FC = 0.98, SFT = 0.14","2023-07-17 01:15:00","2023-07-17 20:45:00",15890.3908957547,23.5,676.186846627861,"0.98","0.14","storm_110"
"564","FC = 0.98, SFT = 0.14","2023-07-21 13:45:00","2023-07-25 04:00:00",499485.760756107,100.5,4970.00756971251,"0.98","0.14","storm_111"
"565","FC = 0.98, SFT = 0.14","2023-07-26 09:00:00","2023-07-27 05:30:00",106533.695199812,24.5,4348.31408978824,"0.98","0.14","storm_112"
"566","FC = 0.98, SFT = 0.14","2023-07-27 14:45:00","2023-07-29 20:30:00",243927.065613575,29,8411.27812460603,"0.98","0.14","storm_113"
"567","FC = 0.98, SFT = 0.14","2023-07-29 23:00:00","2023-08-01 03:30:00",62466.0644719603,60.25,1036.78115306158,"0.98","0.14","storm_114"
"568","FC = 0.98, SFT = 0.14","2023-08-01 04:15:00","2023-08-01 18:30:00",8961.53241717363,14.5,618.036718425768,"0.98","0.14","storm_115"
"569","FC = 0.98, SFT = 0.14","2023-08-08 09:30:00","2023-08-10 08:45:00",158355.944813485,55,2879.19899660882,"0.98","0.14","storm_116"
"570","FC = 0.98, SFT = 0.14","2023-08-10 20:30:00","2023-08-14 11:30:00",354951.631118725,105,3380.49172494024,"0.98","0.14","storm_117"
"571","FC = 0.98, SFT = 0.14","2023-08-16 23:00:00","2023-08-17 19:15:00",33924.2816643671,24.25,1398.93945007699,"0.98","0.14","storm_118"
"572","FC = 0.98, SFT = 0.14","2023-08-19 07:30:00","2023-08-22 06:15:00",145660.735300901,82.25,1770.9511890687,"0.98","0.14","storm_119"
"573","FC = 0.98, SFT = 0.14","2023-08-27 04:00:00","2023-08-28 23:15:00",103340.184878907,51,2026.27813488052,"0.98","0.14","storm_120"
"574","FC = 0.98, SFT = 0.14","2023-08-30 22:45:00","2023-09-02 03:15:00",204348.018381579,79.5,2570.41532555445,"0.98","0.14","storm_121"
"575","FC = 0.98, SFT = 0.14","2023-09-06 01:45:00","2023-09-06 10:00:00",12892.8390703576,12.25,1052.4766588047,"0.98","0.14","storm_122"
"576","FC = 0.98, SFT = 0.14","2023-09-07 20:45:00","2023-09-09 01:30:00",60887.7762533068,32.75,1859.16874055899,"0.98","0.14","storm_123"
"577","FC = 0.98, SFT = 0.14","2023-09-09 07:45:00","2023-09-09 19:00:00",10973.2433461253,11.5,954.195073576112,"0.98","0.14","storm_124"
"578","FC = 0.98, SFT = 0.14","2023-09-10 11:15:00","2023-09-13 00:30:00",103735.588248207,69,1503.41432243779,"0.98","0.14","storm_125"
"579","FC = 0.98, SFT = 0.14","2023-09-13 15:45:00","2023-09-16 03:15:00",228569.651185534,66,3463.17653311416,"0.98","0.14","storm_126"
"580","FC = 0.98, SFT = 0.14","2023-09-20 06:00:00","2023-09-20 17:30:00",6809.61693323136,11.75,579.541866657988,"0.98","0.14","storm_127"
"581","FC = 0.98, SFT = 0.14","2023-10-07 19:30:00","2023-10-11 01:00:00",471997.524810978,89,5303.34297540425,"0.98","0.14","storm_128"
"582","FC = 0.98, SFT = 0.14","2023-10-30 12:00:00","2023-11-02 12:45:00",161581.168487531,80.5,2007.21948431716,"0.98","0.14","storm_129"
"583","FC = 0.98, SFT = 0.14","2023-11-07 17:15:00","2023-11-08 17:15:00",20951.3566599662,28,748.262737855936,"0.98","0.14","storm_130"
"584","FC = 0.98, SFT = 0.14","2023-11-09 21:30:00","2023-11-11 23:45:00",51255.0155885787,54.25,944.792914075184,"0.98","0.14","storm_131"
"585","FC = 0.98, SFT = 0.14","2023-11-18 03:15:00","2023-11-20 05:15:00",132286.820359478,61.5,2151.0052090972,"0.98","0.14","storm_132"
