Date,"Modeled
Snow Water
Equivalent
(cm)","Observed
Snow Water
Equivalent
(cm)","Modeled
Snow
Depth
(cm)","Observed
Snow
Depth
(cm)","Modeled
Snow
Density
(kg/m3)","Observed
Snow
Density
(kg/m3)","Modeled
Snow
Melt Rate
(mm/hr)","Assimilate
Period","Satellite
Snow
Cover"
2023-01-01 06,0,,0,,,,,,
2023-01-01 07,0,,0,,,,,,
2023-01-01 08,0,,0,,,,,,
2023-01-01 09,0,,0,,,,,,
2023-01-01 10,0,,0,,,,,,
2023-01-01 11,0,,0,,,,,,
2023-01-01 12,0,,0,0,,,,,
2023-01-01 13,0,,0,,,,,,
2023-01-01 14,0,,0,,,,,,
2023-01-01 15,0,,0,,,,,,
2023-01-01 16,0,,0,,,,,,
2023-01-01 17,0,,0,,,,,,
2023-01-01 18,0,,0,,,,,,
2023-01-01 19,0,,0,,,,,,
2023-01-01 20,0,,0,,,,,,
2023-01-01 21,0,,0,,,,,,
2023-01-01 22,0,,0,,,,,,
2023-01-01 23,0,,0,,,,,,
2023-01-02 00,0,,0,,,,,,
2023-01-02 01,0,,0,,,,,,
2023-01-02 02,0,,0,,,,,,
2023-01-02 03,0,,0,,,,,,
2023-01-02 04,0,,0,,,,,,
2023-01-02 05,0,,0,,,,,,
2023-01-02 06,0,,0,,,,,,
2023-01-02 07,0,,0,,,,,Assim,
2023-01-02 08,0,,0,,,,,Assim,
2023-01-02 09,0,,0,,,,,Assim,
2023-01-02 10,0,,0,,,,,Assim,
2023-01-02 11,0,,0,,,,,Assim,
2023-01-02 12,0,,0,,,,,Assim,
2023-01-02 13,0,,0,,,,,,
2023-01-02 14,0,,0,0,,,,,
2023-01-02 15,0,,0,,,,,,
2023-01-02 16,0,,0,,,,,,
2023-01-02 17,0,,0,,,,,,
2023-01-02 18,0,,0,,,,,,
2023-01-02 19,0,,0,,,,,,
2023-01-02 20,0,,0,,,,,,
2023-01-02 21,0,,0,,,,,,
2023-01-02 22,0,,0,,,,,,
2023-01-02 23,0,,0,,,,,,
2023-01-03 00,0,,0,,,,,,
2023-01-03 01,0,,0,,,,,,
2023-01-03 02,0,,0,,,,,,
2023-01-03 03,0,,0,,,,,,
2023-01-03 04,0,,0,,,,,,
2023-01-03 05,0,,0,,,,,,
2023-01-03 06,0,,0,,,,,,
2023-01-03 07,0,,0,,,,,,
2023-01-03 08,0,,0,,,,,,
2023-01-03 09,0,,0,,,,,,
2023-01-03 10,0,,0,0,,,,,
2023-01-03 11,0,,0,,,,,,
2023-01-03 12,0,,0,,,,,,
2023-01-03 13,0,,0,,,,,,
2023-01-03 14,0,,0,,,,,,
2023-01-03 15,0,,0,,,,,,
2023-01-03 16,0,,0,,,,,,
2023-01-03 17,0,,0,,,,,,
2023-01-03 18,0,,0,,,,,,
2023-01-03 19,0,,0,,,,,,
2023-01-03 20,0,,0,,,,,,
2023-01-03 21,0,,0,,,,,,
2023-01-03 22,0,,0,,,,,,
2023-01-03 23,0,,0,,,,,,
2023-01-04 00,0,,0,,,,,,
2023-01-04 01,0,,0,,,,,,
2023-01-04 02,0,,0,,,,,,
2023-01-04 03,0,,0,,,,,,
2023-01-04 04,0,,0,,,,,,
2023-01-04 05,0,,0,,,,,,
2023-01-04 06,0,,0,,,,,,
2023-01-04 07,0,,0,,,,,,
2023-01-04 08,0,,0,,,,,,
2023-01-04 09,0,,0,,,,,,
2023-01-04 10,0,,0,0,,,,,
2023-01-04 11,0,,0,,,,,,
2023-01-04 12,0,,0,,,,,,
2023-01-04 13,0,,0,,,,,,
2023-01-04 14,0,,0,,,,,,
2023-01-04 15,0,,0,,,,,,
2023-01-04 16,0,,0,,,,,,
2023-01-04 17,0,,0,,,,,,
2023-01-04 18,0,,0,,,,,,
2023-01-04 19,0,,0,,,,,,
2023-01-04 20,0,,0,,,,,,
2023-01-04 21,0,,0,,,,,,
2023-01-04 22,0,,0,,,,,,
2023-01-04 23,0,,0,,,,,,
2023-01-05 00,0,,0,,,,,,
2023-01-05 01,0,,0,,,,,,
2023-01-05 02,0,,0,,,,,,
2023-01-05 03,0,,0,,,,,,
2023-01-05 04,0,,0,,,,,,
2023-01-05 05,0,,0,,,,,,
2023-01-05 06,0,,0,,,,,,
2023-01-05 07,0,,0,,,,,Assim,
2023-01-05 08,0,,0,,,,,Assim,
2023-01-05 09,0,,0,,,,,Assim,
2023-01-05 10,0,,0,0,,,,Assim,
2023-01-05 11,0,,0,,,,,Assim,
2023-01-05 12,0,,0,,,,,Assim,
2023-01-05 13,0,,0,,,,,,
2023-01-05 14,0,,0,,,,,,
2023-01-05 15,0,,0,,,,,,
2023-01-05 16,0,,0,,,,,,
2023-01-05 17,0,,0,,,,,,
2023-01-05 18,0,,0,,,,,,
2023-01-05 19,0,,0,,,,,,
2023-01-05 20,0,,0,,,,,,
2023-01-05 21,0,,0,,,,,,
2023-01-05 22,0,,0,,,,,,
2023-01-05 23,0,,0,,,,,,
2023-01-06 00,0,,0,,,,,,
2023-01-06 01,0,,0,,,,,,
2023-01-06 02,0,,0,,,,,,
2023-01-06 03,0,,0,,,,,,
2023-01-06 04,0,,0,,,,,,
2023-01-06 05,0,,0,,,,,,
2023-01-06 06,0,,0,,,,,,
2023-01-06 07,0,,0,,,,,,
2023-01-06 08,0,,0,,,,,,
2023-01-06 09,0,,0,,,,,,
2023-01-06 10,0,,0,,,,,,
2023-01-06 11,0,,0,,,,,,
2023-01-06 12,0,,0,0,,,,,
2023-01-06 13,0,,0,,,,,,
2023-01-06 14,0,,0,,,,,,
2023-01-06 15,0,,0,,,,,,
2023-01-06 16,0,,0,,,,,,
2023-01-06 17,0,,0,,,,,,
2023-01-06 18,0,,0,,,,,,
2023-01-06 19,0,,0,,,,,,
2023-01-06 20,0,,0,,,,,,
2023-01-06 21,0,,0,,,,,,
2023-01-06 22,0,,0,,,,,,
2023-01-06 23,0,,0,,,,,,
2023-01-07 00,0,,0,,,,,,
2023-01-07 01,0,,0,,,,,,
2023-01-07 02,0,,0,,,,,,
2023-01-07 03,0,,0,,,,,,
2023-01-07 04,0,,0,,,,,,
2023-01-07 05,0,,0,,,,,,
2023-01-07 06,0,,0,,,,,,
2023-01-07 07,0,,0,,,,,,
2023-01-07 08,0,,0,,,,,,
2023-01-07 09,0,,0,,,,,,
2023-01-07 10,0,,0,,,,,,
2023-01-07 11,0,,0,,,,,,
2023-01-07 12,0,,0,,,,,,
2023-01-07 13,0,,0,,,,,,
2023-01-07 14,0,,0,,,,,,
2023-01-07 15,0,,0,0,,,,,
2023-01-07 16,0,,0,,,,,,
2023-01-07 17,0,,0,,,,,,
2023-01-07 18,0,,0,,,,,,
2023-01-07 19,0,,0,,,,,,
2023-01-07 20,0,,0,,,,,,
2023-01-07 21,0,,0,,,,,,
2023-01-07 22,0,,0,,,,,,
2023-01-07 23,0,,0,,,,,,
2023-01-08 00,0,,0,,,,,,
2023-01-08 01,0,,0,,,,,,
2023-01-08 02,0,,0,,,,,,
2023-01-08 03,0,,0,,,,,,
2023-01-08 04,0,,0,,,,,,
2023-01-08 05,0,,0,,,,,,
2023-01-08 06,0,,0,,,,,,
2023-01-08 07,0,,0,,,,,,
2023-01-08 08,0,,0,,,,,,
2023-01-08 09,0,,0,,,,,,
2023-01-08 10,0,,0,,,,,,
2023-01-08 11,0,,0,,,,,,
2023-01-08 12,0,,0,0,,,,,
2023-01-08 13,0,,0,,,,,,
2023-01-08 14,0,,0,,,,,,
2023-01-08 15,0,,0,,,,,,
2023-01-08 16,0,,0,,,,,,
2023-01-08 17,0,,0,,,,,,
2023-01-08 18,0,,0,,,,,,
2023-01-08 19,0,,0,,,,,,
2023-01-08 20,0,,0,,,,,,
2023-01-08 21,0,,0,,,,,,
2023-01-08 22,0,,0,,,,,,
2023-01-08 23,0,,0,,,,,,
2023-01-09 00,0,,0,,,,,,
2023-01-09 01,0,,0,,,,,,
2023-01-09 02,0,,0,,,,,,
2023-01-09 03,0,,0,,,,,,
2023-01-09 04,0,,0,,,,,,
2023-01-09 05,0,,0,,,,,,
2023-01-09 06,0,,0,,,,,,
2023-01-09 07,0,,0,,,,,,
2023-01-09 08,0,,0,,,,,,
2023-01-09 09,0,,0,,,,,,
2023-01-09 10,0,,0,0,,,,,
2023-01-09 11,0,,0,,,,,,
2023-01-09 12,0,,0,,,,,,
2023-01-09 13,0,,0,,,,,,
2023-01-09 14,0,,0,,,,,,
2023-01-09 15,0,,0,,,,,,
2023-01-09 16,0,,0,,,,,,
2023-01-09 17,0,,0,,,,,,
2023-01-09 18,0,,0,,,,,,
2023-01-09 19,0,,0,,,,,,
2023-01-09 20,0,,0,,,,,,
2023-01-09 21,0,,0,,,,,,
2023-01-09 22,0,,0,,,,,,
2023-01-09 23,0,,0,,,,0,,
2023-01-10 00,0.01,,0.15,,101,,0,,
2023-01-10 01,0.02,,0.23,,100.7,,0,,
2023-01-10 02,0.04,,0.36,,100.5,,0,,
2023-01-10 03,0.04,,0.36,,101.2,,0,,
2023-01-10 04,0.04,,0.35,,102.2,,0,,
2023-01-10 05,0.04,,0.36,,102.7,,0,,
2023-01-10 06,0.08,,0.8,,101.2,,0,,
2023-01-10 07,0.08,,0.77,,102.2,,0,,
2023-01-10 08,0.07,,0.73,,103.1,,0,,
2023-01-10 09,0.07,,0.7,,103.9,,0,,
2023-01-10 10,0.07,,0.67,2.54,104.7,,0,,
2023-01-10 11,0.07,,0.64,,105.5,,0,,
2023-01-10 12,0.06,,0.61,,106.2,,0,,
2023-01-10 13,0.06,,0.59,,106.8,,0,,
2023-01-10 14,0.06,,0.57,,107.5,,0,,
2023-01-10 15,0.06,,0.56,,108,,0,,
2023-01-10 16,0.06,,0.54,,108.5,,0,,
2023-01-10 17,0.06,,0.53,,109.1,,0,,
2023-01-10 18,0.06,,0.51,,109.6,,0,,
2023-01-10 19,0.06,,0.51,,109.9,,0,,
2023-01-10 20,0.05,,0.5,,110.3,,0,,
2023-01-10 21,0.05,,0.49,,110.7,,0,,
2023-01-10 22,0.05,,0.48,,111.2,,0,,
2023-01-10 23,0.05,,0.47,,111.7,,0,,
2023-01-11 00,0.05,,0.47,,112.2,,0,,
2023-01-11 01,0.05,,0.46,,112.6,,0,,
2023-01-11 02,0.05,,0.46,,113.1,,0,,
2023-01-11 03,0.05,,0.46,,113.5,,0,,
2023-01-11 04,0.05,,0.45,,113.9,,0,,
2023-01-11 05,0.05,,0.45,,114.2,,0,,
2023-01-11 06,0.05,,0.45,,114.6,,0,,
2023-01-11 07,0.05,,0.45,,115,,0,,
2023-01-11 08,0.05,,0.45,,115.2,,0,,
2023-01-11 09,0.05,,0.44,,115.6,,0,,
2023-01-11 10,0.05,,0.44,2.54,116,,0,,
2023-01-11 11,0.05,,0.44,,116.3,,0,,
2023-01-11 12,0.05,,0.43,,116.6,,0,,
2023-01-11 13,0.05,,0.43,,117,,0,,
2023-01-11 14,0.05,,0.43,,117.3,,0,,
2023-01-11 15,0.05,,0.43,,117.6,,0,,
2023-01-11 16,0.05,,0.42,,117.9,,0,,
2023-01-11 17,0.05,,0.42,,118.3,,0,,
2023-01-11 18,0.05,,0.42,,118.6,,0,,
2023-01-11 19,0.05,,0.41,,119,,0,,
2023-01-11 20,0.05,,0.4,,119.4,,0,,
2023-01-11 21,0.05,,0.4,,119.8,,0,,
2023-01-11 22,0.05,,0.39,,120.3,,0,,
2023-01-11 23,0.05,,0.38,,120.7,,0,,
2023-01-12 00,0.04,,0.37,,121,,0,,
2023-01-12 01,0.04,,0.35,,121.4,,0,,
2023-01-12 02,0.04,,0.34,,121.8,,0,,
2023-01-12 03,0.04,,0.33,,122.1,,0,,
2023-01-12 04,0.04,,0.31,,122.5,,0,,
2023-01-12 05,0.03,,0.28,,122.8,,0,,
2023-01-12 06,0.03,,0.26,,123.2,,0,,
2023-01-12 07,0.03,,0.23,,123.5,,0,,
2023-01-12 08,0.03,,0.21,,123.9,,0,,
2023-01-12 09,0.02,,0.18,,124.2,,0,,
2023-01-12 10,0.02,,0.15,,124.6,,0,,
2023-01-12 11,0.02,,0.13,,125,,0,,
2023-01-12 12,0.01,,0.11,0,125.3,,0,,
2023-01-12 13,0.01,,0.08,,125.7,,0,,
2023-01-12 14,0,,0,,,,,,
2023-01-12 15,0,,0,,,,,,
2023-01-12 16,0,,0,,,,,,
2023-01-12 17,0,,0,,,,,,
2023-01-12 18,0,,0,,,,,,
2023-01-12 19,0,,0,,,,,,
2023-01-12 20,0,,0,,,,,,
2023-01-12 21,0,,0,,,,,,
2023-01-12 22,0,,0,,,,,,
2023-01-12 23,0,,0,,,,,,
2023-01-13 00,0,,0,,,,,,
2023-01-13 01,0,,0,,,,,,
2023-01-13 02,0,,0,,,,,,
2023-01-13 03,0,,0,,,,,,
2023-01-13 04,0,,0,,,,,,
2023-01-13 05,0,,0,,,,,,
2023-01-13 06,0,,0,,,,,,
2023-01-13 07,0,,0,,,,,,
2023-01-13 08,0,,0,,,,,,
2023-01-13 09,0,,0,,,,,,
2023-01-13 10,0,,0,,,,,,
2023-01-13 11,0,,0,,,,,,
2023-01-13 12,0,,0,0,,,,,
2023-01-13 13,0,,0,,,,,,
2023-01-13 14,0,,0,,,,,,
2023-01-13 15,0,,0,,,,0,,
2023-01-13 16,0.15,,1.06,,137.6,,0,,
2023-01-13 17,0.3,,2.57,,115.5,,0,,
2023-01-13 18,0.44,,3.98,,110,,0,,
2023-01-13 19,0.58,,5.39,,107.6,,0,,
2023-01-13 20,0.62,,5.73,,107.8,,0,,
2023-01-13 21,0.62,,5.75,,108.5,,0,,
2023-01-13 22,0.63,,5.79,,109.2,,0,,
2023-01-13 23,0.64,,5.8,,109.9,,0,,
2023-01-14 00,0.64,,5.82,,110.5,,0,,
2023-01-14 01,0.64,,5.79,,111.3,,0,,
2023-01-14 02,0.64,,5.75,,112,,0,,
2023-01-14 03,0.64,,5.71,,112.7,,0,,
2023-01-14 04,0.64,,5.67,,113.4,,0,,
2023-01-14 05,0.64,,5.63,,114.1,,0,,
2023-01-14 06,0.64,,5.59,,114.7,,0,,
2023-01-14 07,0.64,,5.55,,115.3,,0,,
2023-01-14 08,0.64,,5.51,,116,,0,,
2023-01-14 09,0.64,,5.48,,116.6,,0,,
2023-01-14 10,0.64,,5.44,,117.1,,0,,
2023-01-14 11,0.64,,5.41,,117.7,,0,,
2023-01-14 12,0.64,,5.37,,118.3,,0,,
2023-01-14 13,0.63,,5.34,,118.8,,0,,
2023-01-14 14,0.63,,5.31,,119.3,,0,,
2023-01-14 15,0.63,,5.29,,119.8,,0,,
2023-01-14 16,0.63,,5.26,,120.3,,0,,
2023-01-14 17,0.63,,5.23,,120.8,,0,,
2023-01-14 18,0.63,,5.21,,121.3,,0,,
2023-01-14 19,0.63,,5.18,,121.8,,0,,
2023-01-14 20,0.63,,5.15,,122.3,,0,,
2023-01-14 21,0.63,,5.13,,122.7,,0,,
2023-01-14 22,0.63,,5.1,,123.2,,0,,
2023-01-14 23,0.63,,5.07,,123.6,,0,,
2023-01-15 00,0.63,,5.05,,124.1,,0,,
2023-01-15 01,0.63,,5.02,,124.5,,0,,
2023-01-15 02,0.62,,4.99,,124.9,,0,,
2023-01-15 03,0.62,,4.97,,125.4,,0,,
2023-01-15 04,0.62,,4.94,,125.8,,0,,
2023-01-15 05,0.62,,4.92,,126.2,,0,,
2023-01-15 06,0.62,,4.89,,126.6,,0,,
2023-01-15 07,0.62,,4.87,,127,,0,,
2023-01-15 08,0.62,,4.85,,127.4,,0,,
2023-01-15 09,0.62,,4.83,,127.7,,0,,
2023-01-15 10,0.62,,4.81,,128.1,,0,,
2023-01-15 11,0.62,,4.79,,128.4,,0,,
2023-01-15 12,0.61,,4.77,5.08,128.8,,0,,
2023-01-15 13,0.61,,4.74,,129.1,,0,,
2023-01-15 14,0.61,,4.72,,129.5,,0,,
2023-01-15 15,0.61,,4.71,,129.8,,0,,
2023-01-15 16,0.61,,4.69,,130.1,,0,,
2023-01-15 17,0.61,,4.67,,130.5,,0,,
2023-01-15 18,0.61,,4.65,,130.8,,0,,
2023-01-15 19,0.61,,4.62,,131.2,,0,,
2023-01-15 20,0.6,,4.6,,131.5,,0,,
2023-01-15 21,0.6,,4.58,,131.8,,0,,
2023-01-15 22,0.6,,4.56,,132.2,,0,,
2023-01-15 23,0.6,,4.54,,132.5,,0,,
2023-01-16 00,0.6,,4.52,,132.8,,0,,
2023-01-16 01,0.6,,4.51,,133.1,,0,,
2023-01-16 02,0.6,,4.49,,133.4,,0,,
2023-01-16 03,0.6,,4.48,,133.7,,0,,
2023-01-16 04,0.6,,4.46,,133.9,,0,,
2023-01-16 05,0.6,,4.45,,134.2,,0,,
2023-01-16 06,0.6,,4.44,,134.4,,0,,
2023-01-16 07,0.6,,4.43,,134.7,,0,,
2023-01-16 08,0.6,,4.41,,134.9,,0,,
2023-01-16 09,0.59,,4.4,,135.1,,0,,
2023-01-16 10,0.59,,4.39,,135.4,,0,,
2023-01-16 11,0.59,,4.37,,135.6,,0,,
2023-01-16 12,0.59,,4.36,,135.8,,0,,
2023-01-16 13,0.59,,4.35,,136.1,,0,,
2023-01-16 14,0.59,,4.34,,136.3,,0,,
2023-01-16 15,0.59,,4.33,5.08,136.5,,0,,
2023-01-16 16,0.59,,4.31,,136.7,,0,,
2023-01-16 17,0.59,,4.3,,137,,0,,
2023-01-16 18,0.59,,4.29,,137.2,,0,,
2023-01-16 19,0.59,,4.28,,137.4,,0,,
2023-01-16 20,0.59,,4.27,,137.7,,0,,
2023-01-16 21,0.59,,4.26,,137.9,,0,,
2023-01-16 22,0.59,,4.24,,138.2,,0,,
2023-01-16 23,0.59,,4.23,,138.5,,0,,
2023-01-17 00,0.58,,4.21,,138.7,,0,,
2023-01-17 01,0.58,,4.2,,139,,0,,
2023-01-17 02,0.58,,4.18,,139.2,,0,,
2023-01-17 03,0.58,,4.17,,139.5,,0,,
2023-01-17 04,0.58,,4.16,,139.8,,0,,
2023-01-17 05,0.58,,4.15,,140,,0,,
2023-01-17 06,0.58,,4.13,,140.3,,0,,
2023-01-17 07,0.58,,4.12,,140.5,,0,,
2023-01-17 08,0.58,,4.1,,140.8,,0,,
2023-01-17 09,0.58,,4.09,,141.1,,0,,
2023-01-17 10,0.58,,4.08,5.08,141.3,,0,,
2023-01-17 11,0.58,,4.07,,141.6,,0,,
2023-01-17 12,0.58,,4.06,,141.8,,0,,
2023-01-17 13,0.58,,4.05,,142.1,,0,,
2023-01-17 14,0.58,,4.04,,142.3,,0,,
2023-01-17 15,0.57,,4.04,,142.5,,0,,
2023-01-17 16,0.57,,4.02,,142.7,,0,,
2023-01-17 17,0.57,,4.01,,143,,0,,
2023-01-17 18,0.57,,3.99,,143.2,,0,,
2023-01-17 19,0.57,,3.98,,143.5,,0,,
2023-01-17 20,0.57,,3.96,,143.9,,0,,
2023-01-17 21,0.57,,3.94,,144.2,,0,,
2023-01-17 22,0.57,,3.92,,144.5,,0,,
2023-01-17 23,0.57,,3.91,,144.8,,0,,
2023-01-18 00,0.56,,3.89,,145.1,,0,,
2023-01-18 01,0.56,,3.87,,145.3,,0,,
2023-01-18 02,0.56,,3.85,,145.6,,0,,
2023-01-18 03,0.56,,3.83,,145.9,,0,,
2023-01-18 04,0.56,,3.82,,146.2,,0,,
2023-01-18 05,0.56,,3.8,,146.4,,0,,
2023-01-18 06,0.56,,3.78,,146.8,,0,,
2023-01-18 07,0.6,,3.83,,157,,0,,
2023-01-18 08,0.6,,3.81,,157.2,,0,,
2023-01-18 09,0.6,,3.8,,157.4,,0,,
2023-01-18 10,0.6,,3.79,,157.6,,0,,
2023-01-18 11,0.6,,3.78,,158.6,,0,,
2023-01-18 12,0.6,,3.77,,158.8,,0,,
2023-01-18 13,0.6,,3.76,5.08,159,,0,,
2023-01-18 14,0.6,,3.76,,159.3,,0,,
2023-01-18 15,0.6,,3.75,,159.5,,0,,
2023-01-18 16,0.6,,3.74,,159.7,,0,,
2023-01-18 17,0.61,,3.88,,157.7,,0,,
2023-01-18 18,0.69,,4.53,,152.5,,0,,
2023-01-18 19,0.69,,4.53,,152.6,,0,,
2023-01-18 20,0.69,,4.52,,152.8,,0,,
2023-01-18 21,0.69,,4.51,,153.1,,0,,
2023-01-18 22,0.69,,4.5,,153.4,,0,,
2023-01-18 23,0.69,,4.48,,153.6,,0,,
2023-01-19 00,0.69,,4.47,,153.9,,0,,
2023-01-19 01,0.69,,4.45,,154.1,,0,,
2023-01-19 02,0.68,,4.44,,154.4,,0,,
2023-01-19 03,0.68,,4.42,,154.6,,0,,
2023-01-19 04,0.68,,4.4,,154.8,,0,,
2023-01-19 05,0.68,,4.38,,155.1,,0,,
2023-01-19 06,0.68,,4.36,,155.3,,0,,
2023-01-19 07,0.68,,4.35,,155.5,,0,,
2023-01-19 08,0.68,,4.34,,155.7,,0,,
2023-01-19 09,0.67,,4.33,,155.9,,0,,
2023-01-19 10,0.67,,4.31,2.54,156.2,,0,,
2023-01-19 11,0.67,,4.3,,156.4,,0,,
2023-01-19 12,0.67,,4.29,,156.6,,0,,
2023-01-19 13,0.67,,4.28,,156.8,,0,,
2023-01-19 14,0.67,,4.27,,157,,0,,
2023-01-19 15,0.67,,4.26,,157.2,,0,,
2023-01-19 16,0.67,,4.26,,157.4,,0,,
2023-01-19 17,0.67,,4.24,,157.6,,0,,
2023-01-19 18,0.67,,4.23,,157.8,,0,,
2023-01-19 19,0.67,,4.22,,158,,0,,
2023-01-19 20,0.67,,4.21,,158.2,,0,,
2023-01-19 21,0.66,,4.19,,158.4,,0,,
2023-01-19 22,0.66,,4.18,,158.7,,0,,
2023-01-19 23,0.66,,4.16,,158.9,,0,,
2023-01-20 00,0.66,,4.14,,159.1,,0,,
2023-01-20 01,0.66,,4.13,,159.3,,0,,
2023-01-20 02,0.72,,4.77,,151.2,,0,,
2023-01-20 03,1.08,,8.37,,129.2,,0,,
2023-01-20 04,1.17,,9.23,,126.8,,0,,
2023-01-20 05,1.19,,9.37,,126.8,,0,,
2023-01-20 06,1.2,,9.44,,127,,0,,
2023-01-20 07,1.21,,9.49,,127.2,,0,,
2023-01-20 08,1.21,,9.45,,127.8,,0,,
2023-01-20 09,1.22,,9.51,,128,,0,,
2023-01-20 10,1.24,,9.7,,127.9,,0,,
2023-01-20 11,1.26,,9.88,,127.8,,0,,
2023-01-20 12,1.3,,10.2,7.62,127.3,,0,,
2023-01-20 13,1.35,,10.64,,126.6,,0,,
2023-01-20 14,1.37,,10.79,,126.6,,0,,
2023-01-20 15,1.41,,11.17,,126.1,,0,,
2023-01-20 16,1.42,,11.21,,126.5,,0,,
2023-01-20 17,1.42,,11.15,,127.2,,0,,
2023-01-20 18,1.43,,11.2,,127.5,,0,,
2023-01-20 19,1.43,,11.16,,128.1,,0,,
2023-01-20 20,1.44,,11.22,,128.4,,0,,
2023-01-20 21,1.47,,11.48,,128.2,,0,,
2023-01-20 22,1.5,,11.71,,128.1,,0,,
2023-01-20 23,1.52,,11.87,,128.2,,0,,
2023-01-21 00,1.52,,11.84,,128.8,,0,,
2023-01-21 01,1.52,,11.78,,129.4,,0,,
2023-01-21 02,1.54,,11.84,,129.7,,0,,
2023-01-21 03,1.54,,11.8,,130.3,,0,,
2023-01-21 04,1.54,,11.74,,130.9,,0,,
2023-01-21 05,1.54,,11.68,,131.5,,0,,
2023-01-21 06,1.53,,11.62,,132,,0,,
2023-01-21 07,1.53,,11.57,,132.6,,0,,
2023-01-21 08,1.53,,11.52,,133.1,,0,,
2023-01-21 09,1.53,,11.47,,133.5,,0,,
2023-01-21 10,1.53,,11.43,,134,,0,,
2023-01-21 11,1.53,,11.39,,134.4,,0,,
2023-01-21 12,1.53,,11.35,,134.9,,0,,
2023-01-21 13,1.53,,11.31,,135.3,,0,,
2023-01-21 14,1.53,,11.27,12.7,135.8,,0,,
2023-01-21 15,1.53,,11.23,,136.2,,0,,
2023-01-21 16,1.53,,11.19,,136.6,,0,,
2023-01-21 17,1.53,,11.16,,137,,0,,
2023-01-21 18,1.53,,11.12,,137.4,,0,,
2023-01-21 19,1.53,,11.08,,137.9,,0,,
2023-01-21 20,1.53,,11.05,,138.3,,0,,
2023-01-21 21,1.53,,11.02,,138.7,,0,,
2023-01-21 22,1.53,,10.99,,139.1,,0,,
2023-01-21 23,1.53,,10.95,,139.5,,0,,
2023-01-22 00,1.53,,10.92,,139.9,,0,,
2023-01-22 01,1.53,,10.88,,140.3,,0,,
2023-01-22 02,1.53,,10.85,,140.7,,0,,
2023-01-22 03,1.53,,10.81,,141.1,,0,,
2023-01-22 04,1.53,,10.78,,141.5,,0,,
2023-01-22 05,1.53,,10.75,,141.9,,0,,
2023-01-22 06,1.53,,10.72,,142.3,,0,,
2023-01-22 07,1.52,,10.69,,142.7,,0,,
2023-01-22 08,1.52,,10.65,,143.1,,0,,
2023-01-22 09,1.52,,10.62,,143.5,,0,,
2023-01-22 10,1.52,,10.58,,143.9,,0,,
2023-01-22 11,1.52,,10.55,,144.2,,0,,
2023-01-22 12,1.52,,10.51,12.7,144.6,,0,,
2023-01-22 13,1.52,,10.48,,145,,0,,
2023-01-22 14,1.52,,10.44,,145.4,,0,,
2023-01-22 15,1.52,,10.4,,145.7,,0,,
2023-01-22 16,1.51,,10.37,,146.1,,0,,
2023-01-22 17,1.51,,10.33,,146.5,,0,,
2023-01-22 18,1.51,,10.28,,146.9,,0,,
2023-01-22 19,1.51,,10.24,,147.3,,0,,
2023-01-22 20,1.51,,10.2,,147.6,,0,,
2023-01-22 21,1.5,,10.16,,148,,0,,
2023-01-22 22,1.5,,10.13,,148.4,,0,,
2023-01-22 23,1.5,,10.09,,148.8,,0,,
2023-01-23 00,1.5,,10.05,,149.1,,0,,
2023-01-23 01,1.51,,10.11,,149,,0,,
2023-01-23 02,1.56,,10.64,,146.8,,0,,
2023-01-23 03,1.6,,11,,145.4,,0,,
2023-01-23 04,1.61,,11.08,,145.4,,0,,
2023-01-23 05,1.61,,11.04,,145.8,,0,,
2023-01-23 06,1.61,,11.03,,146.1,,0,,
2023-01-23 07,1.62,,11.06,,146.2,,0,,
2023-01-23 08,1.63,,11.16,,146,,0,,
2023-01-23 09,1.65,,11.34,,145.5,,0,,
2023-01-23 10,1.66,,11.41,12.7,145.5,,0,,
2023-01-23 11,1.66,,11.41,,145.8,,0,,
2023-01-23 12,1.67,,11.41,,146,,0,,
2023-01-23 13,1.67,,11.38,,146.4,,0,,
2023-01-23 14,1.66,,11.34,,146.8,,0,,
2023-01-23 15,1.66,,11.3,,147.2,,0,,
2023-01-23 16,1.66,,11.26,,147.6,,0,,
2023-01-23 17,1.66,,11.22,,148,,0,,
2023-01-23 18,1.66,,11.18,,148.4,,0,,
2023-01-23 19,1.66,,11.14,,148.8,,0,,
2023-01-23 20,1.66,,11.11,,149.2,,0,,
2023-01-23 21,1.66,,11.07,,149.5,,0,,
2023-01-23 22,1.65,,11.03,,149.9,,0,,
2023-01-23 23,1.65,,10.99,,150.3,,0,,
2023-01-24 00,1.65,,10.96,,150.6,,0,,
2023-01-24 01,1.65,,10.92,,151,,0,,
2023-01-24 02,1.65,,10.89,,151.3,,0,,
2023-01-24 03,1.65,,10.85,,151.7,,0,,
2023-01-24 04,1.64,,10.82,,152,,0,,
2023-01-24 05,1.64,,10.79,,152.3,,0,,
2023-01-24 06,1.64,,10.75,,152.7,,0,,
2023-01-24 07,1.64,,10.72,,153,,0,,
2023-01-24 08,1.64,,10.68,,153.4,,0,,
2023-01-24 09,1.63,,10.64,,153.7,,0,,
2023-01-24 10,1.63,,10.6,12.7,154,,0,,
2023-01-24 11,1.63,,10.57,,154.4,,0,,
2023-01-24 12,1.63,,10.53,,154.7,,0,,
2023-01-24 13,1.63,,10.49,,155,,0,,
2023-01-24 14,1.62,,10.45,,155.4,,0,,
2023-01-24 15,1.63,,10.45,,155.5,,0,,
2023-01-24 16,1.62,,10.43,,155.8,,0,,
2023-01-24 17,1.62,,10.38,,156.1,,0,,
2023-01-24 18,1.62,,10.34,,156.5,,0,,
2023-01-24 19,1.62,,10.3,,156.8,,0,,
2023-01-24 20,1.61,,10.26,,157.1,,0,,
2023-01-24 21,1.61,,10.23,,157.5,,0,,
2023-01-24 22,1.61,,10.19,,157.8,,0,,
2023-01-24 23,1.6,,10.15,,158.2,,0,,
2023-01-25 00,1.6,,10.11,,158.5,,0,,
2023-01-25 01,1.6,,10.08,,158.8,,0,,
2023-01-25 02,1.6,,10.05,,159.1,,0,,
2023-01-25 03,1.6,,10.01,,159.5,,0,,
2023-01-25 04,1.59,,9.96,,159.8,,0,,
2023-01-25 05,1.59,,9.92,,160.1,,0,,
2023-01-25 06,1.59,,9.89,,160.4,,0,,
2023-01-25 07,1.58,,9.86,,160.6,,0,,
2023-01-25 08,1.58,,9.84,,160.9,,0,,
2023-01-25 09,1.58,,9.82,,161.1,,0,,
2023-01-25 10,1.58,,9.8,12.7,161.3,,0,,
2023-01-25 11,1.58,,9.78,,161.5,,0,,
2023-01-25 12,1.58,,9.77,,161.7,,0,,
2023-01-25 13,1.58,,9.75,,161.9,,0,,
2023-01-25 14,1.58,,9.74,,162.1,,0,,
2023-01-25 15,1.58,,9.73,,162.3,,0,,
2023-01-25 16,1.58,,9.71,,162.4,,0,,
2023-01-25 17,1.58,,9.69,,162.6,,0,,
2023-01-25 18,1.58,,9.68,,162.8,,0,,
2023-01-25 19,1.57,,9.66,,163,,0,,
2023-01-25 20,1.57,,9.64,,163.3,,0,,
2023-01-25 21,1.57,,9.62,,163.5,,0,,
2023-01-25 22,1.58,,9.68,,163.2,,0,,
2023-01-25 23,1.59,,9.82,,162.4,,0,,
2023-01-26 00,1.6,,9.89,,162,,0,,
2023-01-26 01,1.69,,10.75,,157.2,,0,,
2023-01-26 02,1.82,,12.01,,151.2,,0,,
2023-01-26 03,1.9,,12.62,,150.5,,0,,
2023-01-26 04,1.98,,13.39,,147.7,,0,,
2023-01-26 05,2.09,,14.37,,145.7,,0,,
2023-01-26 06,2.29,,16.09,,142.1,,0,,
2023-01-26 07,2.39,,16.96,,141.1,,0,,
2023-01-26 08,2.39,,16.91,,141.6,,0,,
2023-01-26 09,2.39,,16.84,,142.2,,0,,
2023-01-26 10,2.39,,16.76,22.86,142.8,,0,,
2023-01-26 11,2.39,,16.69,,143.3,,0,,
2023-01-26 12,2.4,,16.63,,144.2,,0,,
2023-01-26 13,2.41,,16.58,,145.5,,0,,
2023-01-26 14,2.45,,16.85,,145.1,,0,,
2023-01-26 15,2.47,,17.03,,145,,0,,
2023-01-26 16,2.53,,17.55,,144,,0,,
2023-01-26 17,2.58,,18.01,,143.2,,0,,
2023-01-26 18,2.64,,18.55,,142.3,,0,,
2023-01-26 19,2.66,,18.63,,142.5,,0,,
2023-01-26 20,2.66,,18.57,,143.1,,0,,
2023-01-26 21,2.66,,18.54,,143.5,,0,,
2023-01-26 22,2.66,,18.49,,144,,0,,
2023-01-26 23,2.66,,18.41,,144.5,,0,,
2023-01-27 00,2.66,,18.33,,145.1,,0,,
2023-01-27 01,2.66,,18.25,,145.6,,0,,
2023-01-27 02,2.66,,18.17,,146.1,,0,,
2023-01-27 03,2.65,,18.09,,146.6,,0,,
2023-01-27 04,2.65,,18.01,,147.1,,0,,
2023-01-27 05,2.65,,17.94,,147.6,,0,,
2023-01-27 06,2.65,,17.86,,148.1,,0,,
2023-01-27 07,2.64,,17.79,,148.6,,0,,
2023-01-27 08,2.64,,17.72,,149.1,,0,,
2023-01-27 09,2.64,,17.66,,149.5,,0,,
2023-01-27 10,2.64,,17.6,,150,,0,,
2023-01-27 11,2.64,,17.54,,150.4,,0,,
2023-01-27 12,2.64,,17.48,25.4,150.8,,0,,
2023-01-27 13,2.64,,17.42,,151.2,,0,,
2023-01-27 14,2.63,,17.37,,151.6,,0,,
2023-01-27 15,2.63,,17.32,,152,,0,,
2023-01-27 16,2.63,,17.28,,152.4,,0,,
2023-01-27 17,2.63,,17.23,,152.8,,0,,
2023-01-27 18,2.63,,17.17,,153.2,,0,,
2023-01-27 19,2.63,,17.11,,153.7,,0,,
2023-01-27 20,2.63,,17.05,,154.1,,0,,
2023-01-27 21,2.63,,16.99,,154.5,,0,,
2023-01-27 22,2.62,,16.92,,155,,0,,
2023-01-27 23,2.62,,16.86,,155.4,,0,,
2023-01-28 00,2.62,,16.79,,155.9,,0,,
2023-01-28 01,2.61,,16.72,,156.3,,0,,
2023-01-28 02,2.61,,16.65,,156.8,,0,,
2023-01-28 03,2.61,,16.58,,157.2,,0,,
2023-01-28 04,2.6,,16.52,,157.7,,0,,
2023-01-28 05,2.6,,16.45,,158.1,,0,,
2023-01-28 06,2.6,,16.38,,158.6,,0,,
2023-01-28 07,2.59,,16.31,,159,,0,,
2023-01-28 08,2.59,,16.24,,159.4,,0,,
2023-01-28 09,2.58,,16.16,,159.9,,0,,
2023-01-28 10,2.58,,16.08,,160.3,,0,,
2023-01-28 11,2.57,,15.99,,160.8,,0,,
2023-01-28 12,2.57,,15.91,,161.2,,0,,
2023-01-28 13,2.56,,15.85,,161.6,,0,,
2023-01-28 14,2.56,,15.79,25.4,162,,0,,
2023-01-28 15,2.56,,15.79,,162.2,,0,,
2023-01-28 16,2.56,,15.71,,162.6,,0,,
2023-01-28 17,2.55,,15.66,,163,,0,,
2023-01-28 18,2.55,,15.61,,163.4,,0,,
2023-01-28 19,2.55,,15.54,,163.8,,0,,
2023-01-28 20,2.54,,15.48,,164.2,,0,,
2023-01-28 21,2.54,,15.41,,164.7,,0,,
2023-01-28 22,2.53,,15.34,,165.1,,0,,
2023-01-28 23,2.53,,15.28,,165.5,,0,,
2023-01-29 00,2.52,,15.21,,165.9,,0,,
2023-01-29 01,2.52,,15.14,,166.4,,0,,
2023-01-29 02,2.51,,15.07,,166.8,,0,,
2023-01-29 03,2.51,,15.02,,167.2,,0,,
2023-01-29 04,2.51,,14.97,,167.6,,0,,
2023-01-29 05,2.51,,14.92,,167.9,,0,,
2023-01-29 06,2.5,,14.88,,168.3,,0,,
2023-01-29 07,2.5,,14.84,,168.7,,0,,
2023-01-29 08,2.5,,14.8,,169,,0,,
2023-01-29 09,2.5,,14.77,,169.3,,0,,
2023-01-29 10,2.5,,14.74,,169.6,,0,,
2023-01-29 11,2.5,,14.71,,170,,0,,
2023-01-29 12,2.5,,14.68,25.4,170.3,,0,,
2023-01-29 13,2.5,,14.64,,170.6,,0,,
2023-01-29 14,2.5,,14.61,,170.9,,0,,
2023-01-29 15,2.5,,14.58,,171.2,,0,,
2023-01-29 16,2.5,,14.57,,171.4,,0,,
2023-01-29 17,2.49,,14.53,,171.7,,0,,
2023-01-29 18,2.49,,14.52,,171.8,,0,,
2023-01-29 19,2.51,,14.53,,173,,0,,
2023-01-29 20,2.51,,14.5,,173.2,,0,,
2023-01-29 21,2.52,,14.5,,174.1,,0,,
2023-01-29 22,2.55,,14.59,,174.7,,0,,
2023-01-29 23,2.58,,14.7,,175.7,,0,,
2023-01-30 00,2.6,,14.87,,175,,0,,
2023-01-30 01,2.61,,14.92,,174.9,,0,,
2023-01-30 02,2.65,,15.32,,173,,0,,
2023-01-30 03,2.66,,15.44,,172.7,,0,,
2023-01-30 04,2.67,,15.42,,172.9,,0,,
2023-01-30 05,2.66,,15.39,,173.1,,0,,
2023-01-30 06,2.66,,15.37,,173.4,,0,,
2023-01-30 07,2.66,,15.35,,173.6,,0,,
2023-01-30 08,2.66,,15.33,,173.8,,0,,
2023-01-30 09,2.66,,15.31,,174,,0,,
2023-01-30 10,2.66,,15.29,,174.2,,0,,
2023-01-30 11,2.66,,15.27,,174.4,,0,,
2023-01-30 12,2.66,,15.25,25.4,174.6,,0,,
2023-01-30 13,2.66,,15.23,,174.8,,0,,
2023-01-30 14,2.66,,15.21,,175,,0,,
2023-01-30 15,2.66,,15.2,,175.2,,0,,
2023-01-30 16,2.66,,15.19,,175.4,,0,,
2023-01-30 17,2.66,,15.16,,175.6,,0,,
2023-01-30 18,2.66,,15.14,,175.8,,0,,
2023-01-30 19,2.66,,15.13,,176,,0,,
2023-01-30 20,2.66,,15.12,,176.2,,0,,
2023-01-30 21,2.66,,15.1,,176.4,,0,,
2023-01-30 22,2.66,,15.09,,176.5,,0,,
2023-01-30 23,2.67,,15.12,,176.5,,0,,
2023-01-31 00,2.67,,15.16,,176.4,,0,,
2023-01-31 01,2.68,,15.15,,176.5,,0,,
2023-01-31 02,2.68,,15.14,,176.7,,0,,
2023-01-31 03,2.68,,15.12,,176.9,,0,,
2023-01-31 04,2.68,,15.1,,177.1,,0,,
2023-01-31 05,2.67,,15.08,,177.3,,0,,
2023-01-31 06,2.67,,15.06,,177.5,,0,,
2023-01-31 07,2.67,,15.04,,177.7,,0,,
2023-01-31 08,2.67,,15.02,,177.9,,0,,
2023-01-31 09,2.68,,15.03,,178,,0,,
2023-01-31 10,2.68,,15.1,25.4,177.7,,0,,
2023-01-31 11,2.68,,15.09,,177.9,,0,,
2023-01-31 12,2.68,,15.07,,178,,0,,
2023-01-31 13,2.68,,15.04,,178.3,,0,,
2023-01-31 14,2.68,,15.02,,178.5,,0,,
2023-01-31 15,2.68,,14.99,,178.7,,0,,
2023-01-31 16,2.68,,14.96,,178.9,,0,,
2023-01-31 17,2.67,,14.93,,179.1,,0,,
2023-01-31 18,2.67,,14.91,,179.3,,0,,
2023-01-31 19,2.67,,14.88,,179.5,,0,,
2023-01-31 20,2.67,,14.85,,179.7,,0,,
2023-01-31 21,2.67,,14.82,,179.9,,0,,
2023-01-31 22,2.67,,14.8,,180.1,,0,,
2023-01-31 23,2.66,,14.78,,180.3,,0,,
2023-02-01 00,2.66,,14.76,,180.5,,0,,
2023-02-01 01,2.66,,14.75,,180.6,,0,,
2023-02-01 02,2.66,,14.73,,180.8,,0,,
2023-02-01 03,2.66,,14.72,,180.9,,0,,
2023-02-01 04,2.66,,14.7,,181.1,,0,,
2023-02-01 05,2.66,,14.69,,181.2,,0,,
2023-02-01 06,2.66,,14.68,,181.4,,0,,
2023-02-01 07,2.99,,16.45,,181.5,,0,Assim,
2023-02-01 08,3.31,,18.21,,181.7,,0,Assim,
2023-02-01 09,3.63,,19.98,,181.8,,0,Assim,
2023-02-01 10,3.96,,21.74,25.4,182,,0,Assim,
2023-02-01 11,4.28,,23.49,,182.2,,0,Assim,
2023-02-01 12,4.6,,25.24,,182.3,,0,Assim,
2023-02-01 13,4.6,,25.21,,182.5,,0,,
2023-02-01 14,4.6,,25.19,,182.7,,0,,
2023-02-01 15,4.6,,25.16,,182.8,,0,,
2023-02-01 16,4.6,,25.14,,183,,0,,
2023-02-01 17,4.6,,25.1,,183.2,,0,,
2023-02-01 18,4.6,,25.07,,183.3,,0,,
2023-02-01 19,4.59,,25.04,,183.5,,0,,
2023-02-01 20,4.59,,24.99,,183.7,,0,,
2023-02-01 21,4.59,,24.95,,183.9,,0,,
2023-02-01 22,4.59,,24.91,,184.1,,0,,
2023-02-01 23,4.58,,24.88,,184.3,,0,,
2023-02-02 00,4.58,,24.84,,184.5,,0,,
2023-02-02 01,4.58,,24.8,,184.7,,0,,
2023-02-02 02,4.58,,24.77,,184.9,,0,,
2023-02-02 03,4.58,,24.73,,185.1,,0,,
2023-02-02 04,4.58,,24.7,,185.3,,0,,
2023-02-02 05,4.58,,24.67,,185.5,,0,,
2023-02-02 06,4.58,,24.63,,185.7,,0,,
2023-02-02 07,4.57,,24.6,,185.9,,0,,
2023-02-02 08,4.57,,24.56,,186.2,,0,,
2023-02-02 09,4.57,,24.52,,186.4,,0,,
2023-02-02 10,4.57,,24.48,25.4,186.6,,0,,
2023-02-02 11,4.57,,24.44,,186.8,,0,,
2023-02-02 12,4.56,,24.4,,187,,0,,
2023-02-02 13,4.56,,24.36,,187.3,,0,,
2023-02-02 14,4.56,,24.32,,187.5,,0,,
2023-02-02 15,4.56,,24.27,,187.7,,0,,
2023-02-02 16,4.55,,24.23,,187.9,,0,,
2023-02-02 17,4.55,,24.18,,188.2,,0,,
2023-02-02 18,4.55,,24.13,,188.4,,0,,
2023-02-02 19,4.54,,24.08,,188.6,,0,,
2023-02-02 20,4.54,,24.02,,188.9,,0,,
2023-02-02 21,4.53,,23.95,,189.1,,0,,
2023-02-02 22,4.52,,23.89,,189.4,,0,,
2023-02-02 23,4.52,,23.81,,189.7,,0,,
2023-02-03 00,4.51,,23.74,,189.9,,0,,
2023-02-03 01,4.5,,23.67,,190.2,,0,,
2023-02-03 02,4.5,,23.6,,190.5,,0,,
2023-02-03 03,4.49,,23.53,,190.7,,0,,
2023-02-03 04,4.51,,23.78,,189.8,,0,,
2023-02-03 05,4.52,,23.78,,189.9,,0,,
2023-02-03 06,4.51,,23.75,,190.1,,0,,
2023-02-03 07,4.57,,24.01,,190.3,,0,Assim,
2023-02-03 08,4.63,,24.29,,190.6,,0,Assim,
2023-02-03 09,4.69,,24.56,,190.8,,0,Assim,
2023-02-03 10,4.75,,24.84,,191,,0,Assim,
2023-02-03 11,4.8,,25.12,,191.3,,0,Assim,
2023-02-03 12,4.86,,25.4,25.4,191.5,,0,Assim,
2023-02-03 13,4.86,,25.36,,191.7,,0,,
2023-02-03 14,4.86,,25.33,,191.9,,0,,
2023-02-03 15,4.86,,25.3,,192,,0,,
2023-02-03 16,4.86,,25.27,,192.2,,0,,
2023-02-03 17,4.86,,25.24,,192.4,,0,,
2023-02-03 18,4.85,,25.21,,192.5,,0,,
2023-02-03 19,4.85,,25.19,,192.7,,0,,
2023-02-03 20,4.85,,25.16,,192.8,,0,,
2023-02-03 21,4.85,,25.14,,193,,0,,
2023-02-03 22,4.85,,25.11,,193.1,,0,,
2023-02-03 23,4.85,,25.09,,193.3,,0,,
2023-02-04 00,4.85,,25.07,,193.4,,0,,
2023-02-04 01,4.85,,25.05,,193.5,,0,,
2023-02-04 02,4.85,,25.02,,193.6,,0,,
2023-02-04 03,4.84,,25,,193.8,,0,,
2023-02-04 04,4.84,,24.98,,193.9,,0,,
2023-02-04 05,4.84,,24.95,,194,,0,,
2023-02-04 06,4.84,,24.93,,194.1,,0,,
2023-02-04 07,4.84,,24.91,,194.2,,0,,
2023-02-04 08,4.84,,24.89,,194.4,,0,,
2023-02-04 09,4.84,,24.87,,194.5,,0,,
2023-02-04 10,4.84,,24.86,,194.6,,0,,
2023-02-04 11,4.84,,24.84,,194.7,,0,,
2023-02-04 12,4.83,,24.82,25.4,194.8,,0,,
2023-02-04 13,4.83,,24.81,,194.9,,0,,
2023-02-04 14,4.83,,24.79,,195,,0,,
2023-02-04 15,4.83,,24.78,,195.1,,0,,
2023-02-04 16,4.83,,24.76,,195.2,,0,,
2023-02-04 17,4.83,,24.75,,195.3,,0,,
2023-02-04 18,4.83,,24.73,,195.4,,0,,
2023-02-04 19,4.83,,24.71,,195.5,,0,,
2023-02-04 20,4.83,,24.7,,195.6,,0,,
2023-02-04 21,4.83,,24.68,,195.7,,0,,
2023-02-04 22,4.83,,24.66,,195.8,,0,,
2023-02-04 23,4.83,,24.64,,195.9,,0,,
2023-02-05 00,4.82,,24.62,,196,,0,,
2023-02-05 01,4.82,,24.59,,196.1,,0,,
2023-02-05 02,4.82,,24.57,,196.3,,0,,
2023-02-05 03,4.82,,24.54,,196.4,,0,,
2023-02-05 04,4.82,,24.51,,196.5,,0,,
2023-02-05 05,4.81,,24.47,,196.6,,0,,
2023-02-05 06,4.81,,24.44,,196.8,,0,,
2023-02-05 07,4.8,,24.39,,196.9,,0,,
2023-02-05 08,4.8,,24.36,,197.1,,0,,
2023-02-05 09,4.8,,24.32,,197.2,,0,,
2023-02-05 10,4.79,,24.28,,197.4,,0,,
2023-02-05 11,4.79,,24.25,,197.5,,0,,
2023-02-05 12,4.79,,24.21,25.4,197.7,,0,,
2023-02-05 13,4.78,,24.16,,197.9,,0,,
2023-02-05 14,4.78,,24.12,,198.1,,0,,
2023-02-05 15,4.77,,24.07,,198.2,,0,,
2023-02-05 16,4.77,,24.02,,198.4,,0,,
2023-02-05 17,4.76,,23.97,,198.6,,0,,
2023-02-05 18,4.75,,23.91,,198.8,,0,,
2023-02-05 19,4.75,,23.85,,199.1,,0,,
2023-02-05 20,4.74,,23.78,,199.3,,0,,
2023-02-05 21,4.73,,23.71,,199.5,,0,,
2023-02-05 22,4.72,,23.64,,199.8,,0,,
2023-02-05 23,4.72,,23.58,,200,,0,,
2023-02-06 00,4.71,,23.52,,200.2,,0,,
2023-02-06 01,4.7,,23.47,,200.5,,0,,
2023-02-06 02,4.7,,23.41,,200.7,,0,,
2023-02-06 03,4.69,,23.36,,200.9,,0,,
2023-02-06 04,4.69,,23.31,,201.2,,0,,
2023-02-06 05,4.69,,23.27,,201.4,,0,,
2023-02-06 06,4.68,,23.23,,201.6,,0,,
2023-02-06 07,4.68,,23.19,,201.9,,0,,
2023-02-06 08,4.68,,23.15,,202.1,,0,,
2023-02-06 09,4.68,,23.12,,202.3,,0,,
2023-02-06 10,4.68,,23.09,,202.5,,0,,
2023-02-06 11,4.68,,23.06,,202.7,,0,,
2023-02-06 12,4.67,,23.03,,203,,0,,
2023-02-06 13,4.67,,23,,203.2,,0,,
2023-02-06 14,4.67,,22.98,,203.3,,0,,
2023-02-06 15,4.67,,22.95,25.4,203.5,,0,,
2023-02-06 16,4.67,,22.92,,203.8,,0,,
2023-02-06 17,4.67,,22.89,,204,,0,,
2023-02-06 18,4.67,,22.86,,204.2,,0,,
2023-02-06 19,4.66,,22.82,,204.4,,0,,
2023-02-06 20,4.66,,22.78,,204.6,,0,,
2023-02-06 21,4.66,,22.74,,204.9,,0,,
2023-02-06 22,4.66,,22.7,,205.1,,0,,
2023-02-06 23,4.65,,22.67,,205.3,,0,,
2023-02-07 00,4.65,,22.63,,205.5,,0,,
2023-02-07 01,4.65,,22.6,,205.7,,0,,
2023-02-07 02,4.65,,22.57,,205.9,,0,,
2023-02-07 03,4.65,,22.54,,206.1,,0,,
2023-02-07 04,4.64,,22.52,,206.3,,0,,
2023-02-07 05,4.64,,22.49,,206.5,,0,,
2023-02-07 06,4.64,,22.47,,206.6,,0,,
2023-02-07 07,4.64,,22.45,,206.8,,0,,
2023-02-07 08,4.64,,22.42,,207,,0,,
2023-02-07 09,4.64,,22.4,,207.1,,0,,
2023-02-07 10,4.64,,22.38,,207.3,,0,,
2023-02-07 11,4.64,,22.36,,207.4,,0,,
2023-02-07 12,4.64,,22.34,,207.6,,0,,
2023-02-07 13,4.64,,22.32,,207.7,,0,,
2023-02-07 14,4.64,,22.3,25.4,207.9,,0,,
2023-02-07 15,4.63,,22.28,,208.1,,0,,
2023-02-07 16,4.63,,22.25,,208.2,,0,,
2023-02-07 17,4.62,,22.19,,208.4,,0,,
2023-02-07 18,4.62,,22.12,,208.7,,0,,
2023-02-07 19,4.61,,22.05,,208.9,,0,,
2023-02-07 20,4.6,,21.97,,209.2,,0,,
2023-02-07 21,4.59,,21.9,,209.4,,0,,
2023-02-07 22,4.57,,21.81,,209.7,,0,,
2023-02-07 23,4.56,,21.73,,210,,0,,
2023-02-08 00,4.55,,21.66,,210.3,,0,,
2023-02-08 01,4.55,,21.62,,210.5,,0,,
2023-02-08 02,4.55,,21.57,,210.8,,0,,
2023-02-08 03,4.54,,21.53,,211,,0,,
2023-02-08 04,4.54,,21.48,,211.3,,0,,
2023-02-08 05,4.55,,21.46,,211.9,,0,,
2023-02-08 06,4.6,,21.6,,213.1,,0,,
2023-02-08 07,4.66,,21.64,,215.2,,0,,
2023-02-08 08,4.65,,21.61,,215.3,,0,,
2023-02-08 09,4.65,,21.59,,215.5,,0,,
2023-02-08 10,4.65,,21.57,,215.7,,0,,
2023-02-08 11,4.65,,21.54,,215.9,,0,,
2023-02-08 12,4.65,,21.51,,216.1,,0,,
2023-02-08 13,4.65,,21.49,25.4,216.3,,0,,
2023-02-08 14,4.65,,21.46,,216.5,,0,,
2023-02-08 15,4.64,,21.43,,216.7,,0,,
2023-02-08 16,4.64,,21.41,,216.9,,0,,
2023-02-08 17,4.64,,21.38,,217.1,,0,,
2023-02-08 18,4.64,,21.35,,217.3,,0,,
2023-02-08 19,4.64,,21.32,,217.5,,0,,
2023-02-08 20,4.63,,21.3,,217.6,,0,,
2023-02-08 21,4.63,,21.26,,217.8,,0,,
2023-02-08 22,4.63,,21.23,,218,,0,,
2023-02-08 23,4.63,,21.2,,218.2,,0,,
2023-02-09 00,4.62,,21.17,,218.4,,0,,
2023-02-09 01,4.62,,21.14,,218.6,,0,,
2023-02-09 02,4.62,,21.11,,218.8,,0,,
2023-02-09 03,4.62,,21.09,,218.9,,0,,
2023-02-09 04,4.62,,21.07,,219.1,,0,,
2023-02-09 05,4.62,,21.04,,219.3,,0,,
2023-02-09 06,4.61,,21.02,,219.5,,0,,
2023-02-09 07,4.61,,21,,219.7,,0,,
2023-02-09 08,4.61,,20.98,,219.8,,0,,
2023-02-09 09,4.61,,20.96,,220,,0,,
2023-02-09 10,4.61,,20.94,,220.2,,0,,
2023-02-09 11,4.61,,20.92,,220.4,,0,,
2023-02-09 12,4.61,,20.9,,220.5,,0,,
2023-02-09 13,4.61,,20.89,25.4,220.7,,0,,
2023-02-09 14,4.61,,20.87,,220.9,,0,,
2023-02-09 15,4.61,,20.85,,221,,0,,
2023-02-09 16,4.61,,20.83,,221.2,,0,,
2023-02-09 17,4.61,,20.81,,221.3,,0,,
2023-02-09 18,4.6,,20.78,,221.5,,0,,
2023-02-09 19,4.6,,20.76,,221.8,,0,,
2023-02-09 20,4.67,,20.82,,224.5,,0,,
2023-02-09 21,4.78,,20.98,,227.9,,0,,
2023-02-09 22,4.91,,20.35,,241.1,,0,,
2023-02-09 23,5.14,,20.63,,249,,0,,
2023-02-10 00,5.45,,20.99,,259.8,,0,,
2023-02-10 01,5.83,,21.02,,277.4,,0,,
2023-02-10 02,6.1,,18.43,,331.3,,6.79,,
2023-02-10 03,5.52,,14.21,,388.4,,1.61,,
2023-02-10 04,5.34,,14.71,,363.2,,4.55,,
2023-02-10 05,4.88,,14.72,,331.3,,0,,
2023-02-10 06,4.84,,14.72,,328.7,,0,,
2023-02-10 07,4.92,,14.89,,330.5,,0,,
2023-02-10 08,4.93,,13.82,,356.6,,0.12,,
2023-02-10 09,4.96,,13.83,,358.3,,3.9,,
2023-02-10 10,4.51,,13.87,,325.2,,0,,
2023-02-10 11,4.47,,13.91,,321.2,,0,,
2023-02-10 12,4.42,,13.52,20.32,327.3,,0,,
2023-02-10 13,4.43,,12.89,,343.6,,0.31,,
2023-02-10 14,4.41,,12.24,,360.3,,1.94,,
2023-02-10 15,4.22,,12.25,,344.5,,0.64,,
2023-02-10 16,4.15,,11.76,,352.7,,1.16,,
2023-02-10 17,4.04,,11.26,,358.8,,1.16,,
2023-02-10 18,3.92,,10.83,,361.8,,0.64,,
2023-02-10 19,3.87,,10.83,,357.4,,1.54,,
2023-02-10 20,3.72,,10.83,,343.7,,0,,
2023-02-10 21,3.72,,10.82,,343.8,,0,,
2023-02-10 22,3.74,,10.84,,344.8,,0,,
2023-02-10 23,3.77,,10.88,,346.1,,0,,
2023-02-11 00,3.79,,10.92,,347.2,,0,,
2023-02-11 01,3.87,,11.35,,340.7,,0,,
2023-02-11 02,3.9,,11.71,,333.4,,0,,
2023-02-11 03,3.93,,11.98,,328,,0,,
2023-02-11 04,3.96,,12.32,,321.7,,0,,
2023-02-11 05,4.06,,13.25,,306.2,,0,,
2023-02-11 06,4.08,,13.47,,302.7,,0,,
2023-02-11 07,4.1,,13.72,,299.1,,0,,
2023-02-11 08,4.14,,14.1,,293.7,,0,,
2023-02-11 09,4.18,,14.45,,289,,0,,
2023-02-11 10,4.2,,14.69,,285.9,,0,,
2023-02-11 11,4.21,,14.8,,284.5,,0,,
2023-02-11 12,4.21,,14.79,,284.5,,0,,
2023-02-11 13,4.21,,14.79,,284.6,,0,,
2023-02-11 14,4.21,,14.78,20.32,284.7,,0,,
2023-02-11 15,4.21,,14.77,,284.7,,0,,
2023-02-11 16,4.2,,14.76,,284.8,,0,,
2023-02-11 17,4.2,,14.75,,284.9,,0,,
2023-02-11 18,4.2,,14.74,,285,,0,,
2023-02-11 19,4.2,,14.73,,285.1,,0,,
2023-02-11 20,4.2,,14.72,,285.2,,0,,
2023-02-11 21,4.19,,14.71,,285.2,,0,,
2023-02-11 22,4.19,,14.7,,285.3,,0,,
2023-02-11 23,4.19,,14.69,,285.4,,0,,
2023-02-12 00,4.19,,14.67,,285.5,,0,,
2023-02-12 01,4.19,,14.66,,285.6,,0,,
2023-02-12 02,4.18,,14.64,,285.7,,0,,
2023-02-12 03,4.18,,14.62,,285.8,,0,,
2023-02-12 04,4.18,,14.6,,286,,0,,
2023-02-12 05,4.17,,14.59,,286.1,,0,,
2023-02-12 06,4.17,,14.57,,286.2,,0,,
2023-02-12 07,4.17,,14.55,,286.3,,0,,
2023-02-12 08,4.16,,14.54,,286.4,,0,,
2023-02-12 09,4.16,,14.52,,286.5,,0,,
2023-02-12 10,4.16,,14.5,,286.6,,0,,
2023-02-12 11,4.16,,14.49,,286.7,,0,,
2023-02-12 12,4.15,,14.48,20.32,286.8,,0,,
2023-02-12 13,4.15,,14.47,,286.9,,0,,
2023-02-12 14,4.15,,14.45,,287,,0,,
2023-02-12 15,4.15,,14.44,,287.1,,0,,
2023-02-12 16,4.14,,14.42,,287.2,,0,,
2023-02-12 17,4.14,,14.41,,287.3,,0,,
2023-02-12 18,4.14,,14.4,,287.4,,0,,
2023-02-12 19,4.14,,14.39,,287.5,,0,,
2023-02-12 20,4.13,,14.37,,287.6,,0,,
2023-02-12 21,4.13,,14.37,,287.7,,0,,
2023-02-12 22,4.13,,14.36,,287.8,,0,,
2023-02-12 23,4.13,,14.35,,287.8,,0,,
2023-02-13 00,4.13,,14.34,,287.9,,0,,
2023-02-13 01,4.13,,14.34,,288,,0,,
2023-02-13 02,4.13,,14.33,,288,,0,,
2023-02-13 03,4.13,,14.32,,288.1,,0,,
2023-02-13 04,4.13,,14.32,,288.2,,0,,
2023-02-13 05,4.12,,14.31,,288.3,,0,,
2023-02-13 06,4.12,,14.3,,288.3,,0,,
2023-02-13 07,4.12,,14.29,,288.4,,0,,
2023-02-13 08,4.12,,14.28,,288.5,,0,,
2023-02-13 09,4.12,,14.27,,288.6,,0,,
2023-02-13 10,4.12,,14.26,20.32,288.6,,0,,
2023-02-13 11,4.12,,14.26,,288.7,,0,,
2023-02-13 12,4.11,,14.25,,288.8,,0,,
2023-02-13 13,4.11,,14.24,,288.8,,0,,
2023-02-13 14,4.11,,14.24,,288.9,,0,,
2023-02-13 15,4.11,,14.23,,289,,0,,
2023-02-13 16,4.11,,14.22,,289,,0,,
2023-02-13 17,4.11,,14.21,,289.1,,0,,
2023-02-13 18,4.11,,14.21,,289.2,,0,,
2023-02-13 19,4.11,,14.2,,289.2,,0,,
2023-02-13 20,4.09,,14.18,,288.9,,0,,
2023-02-13 21,4.07,,14.04,,289.6,,0,,
2023-02-13 22,4.04,,13.85,,291.5,,0,,
2023-02-13 23,4.03,,13.79,,292.2,,0,,
2023-02-14 00,4.03,,13.78,,292.3,,0,,
2023-02-14 01,4.02,,13.76,,292.4,,0,,
2023-02-14 02,4.02,,13.75,,292.5,,0,,
2023-02-14 03,4.02,,13.74,,292.6,,0,,
2023-02-14 04,4.02,,13.73,,292.7,,0,,
2023-02-14 05,4.02,,13.72,,292.8,,0,,
2023-02-14 06,4.02,,13.72,,292.8,,0,,
2023-02-14 07,4.02,,13.71,,292.9,,0,,
2023-02-14 08,4.01,,13.7,,293,,0,,
2023-02-14 09,4.01,,13.7,,293,,0,,
2023-02-14 10,4.01,,13.69,17.78,293.1,,0,,
2023-02-14 11,4.01,,13.68,,293.2,,0,,
2023-02-14 12,4.01,,13.67,,293.2,,0,,
2023-02-14 13,4.01,,13.67,,293.3,,0,,
2023-02-14 14,4.01,,13.66,,293.4,,0,,
2023-02-14 15,4.01,,13.65,,293.5,,0,,
2023-02-14 16,4,,13.63,,293.6,,0,,
2023-02-14 17,4,,13.62,,293.7,,0,,
2023-02-14 18,4,,13.61,,293.8,,0,,
2023-02-14 19,4,,13.59,,293.9,,0,,
2023-02-14 20,3.99,,13.58,,294,,0,,
2023-02-14 21,3.99,,13.57,,294.1,,0,,
2023-02-14 22,3.99,,13.56,,294.2,,0,,
2023-02-14 23,3.99,,13.55,,294.2,,0,,
2023-02-15 00,3.99,,13.54,,294.3,,0,,
2023-02-15 01,3.98,,13.53,,294.4,,0,,
2023-02-15 02,3.98,,13.52,,294.5,,0,,
2023-02-15 03,3.98,,13.51,,294.6,,0,,
2023-02-15 04,3.98,,13.49,,294.7,,0,,
2023-02-15 05,3.97,,13.48,,294.8,,0,,
2023-02-15 06,3.97,,13.45,,295,,0,,
2023-02-15 07,4.16,,14.1,,295.1,,0,Assim,
2023-02-15 08,4.36,,14.76,,295.2,,0,Assim,
2023-02-15 09,4.55,,15.4,,295.3,,0,Assim,
2023-02-15 10,4.74,,16.05,17.78,295.5,,0,Assim,
2023-02-15 11,4.93,,16.69,,295.6,,0,Assim,
2023-02-15 12,5.13,,17.34,,295.7,,0,Assim,
2023-02-15 13,5.12,,17.3,,295.9,,0,,
2023-02-15 14,5.12,,17.28,,296.5,,0,,
2023-02-15 15,5.12,,17.26,,296.7,,0,,
2023-02-15 16,5.11,,17.25,,296.4,,0,,
2023-02-15 17,5.02,,17.17,,292.1,,0,,
2023-02-15 18,5.02,,15.65,,321.1,,0.01,,
2023-02-15 19,5,,14.58,,342.9,,0.7,,
2023-02-15 20,4.9,,13.8,,355.4,,1.52,,
2023-02-15 21,4.77,,13.79,,345.7,,4.32,,
2023-02-15 22,4.33,,13.8,,314.1,,0.21,,
2023-02-15 23,4.31,,12.71,,338.8,,4.02,,
2023-02-16 00,3.93,,11.69,,336.2,,0.21,,
2023-02-16 01,3.93,,11,,356.8,,3.66,,
2023-02-16 02,3.57,,9.92,,359.6,,0.21,,
2023-02-16 03,3.59,,9.93,,361.1,,3.35,,
2023-02-16 04,3.24,,9.96,,325.5,,0.77,,
2023-02-16 05,3.14,,9.98,,314.8,,2.16,,
2023-02-16 06,2.89,,9.24,,313.1,,0.78,,
2023-02-16 07,2.81,,8.36,,335.9,,2.46,,
2023-02-16 08,2.55,,7.57,,337.1,,0.78,,
2023-02-16 09,2.45,,7.56,,324.2,,0.78,,
2023-02-16 10,2.35,,7.08,12.7,332.5,,0.78,,
2023-02-16 11,2.29,,6.71,,341.4,,0.45,,
2023-02-16 12,2.24,,6.71,,334.6,,0.21,,
2023-02-16 13,2.22,,6.7,,331.4,,0.24,,
2023-02-16 14,2.2,,6.7,,327.8,,0.28,,
2023-02-16 15,2.17,,6.7,,323.5,,0.28,,
2023-02-16 16,2.14,,6.69,,319.3,,0.28,,
2023-02-16 17,2.11,,6.69,,315,,0.33,,
2023-02-16 18,2.07,,6.68,,310.1,,0.38,,
2023-02-16 19,2.03,,6.67,,304.4,,0.29,,
2023-02-16 20,2,,6.67,,300,,0.12,,
2023-02-16 21,1.99,,6.66,,298.2,,0.03,,
2023-02-16 22,1.98,,6.65,,297.7,,0,,
2023-02-16 23,1.98,,6.65,,297.7,,0,,
2023-02-17 00,1.98,,6.64,,297.7,,0,,
2023-02-17 01,1.98,,6.64,,297.7,,0,,
2023-02-17 02,1.98,,6.63,,297.8,,0,,
2023-02-17 03,1.97,,6.63,,297.8,,0,,
2023-02-17 04,1.97,,6.63,,297.8,,0,,
2023-02-17 05,1.97,,6.62,,297.8,,0,,
2023-02-17 06,1.97,,6.62,,297.9,,0,,
2023-02-17 07,1.97,,6.62,,297.9,,0,,
2023-02-17 08,1.97,,6.61,,297.9,,0,,
2023-02-17 09,1.97,,6.61,,298,,0,,
2023-02-17 10,1.99,,6.63,,300.1,,0,,
2023-02-17 11,2.01,,6.65,,302.4,,0,,
2023-02-17 12,2.02,,6.66,0,303.7,,0,,
2023-02-17 13,2.05,,6.69,,306.8,,0,,
2023-02-17 14,2.2,,6.84,,322.3,,0,,
2023-02-17 15,2.25,,6.91,,325.4,,0,,
2023-02-17 16,2.32,,7.62,,304.6,,0,,
2023-02-17 17,2.38,,8.23,,289.2,,0,,
2023-02-17 18,2.47,,9.14,,270.4,,0,,
2023-02-17 19,2.49,,9.31,,267.3,,0,,
2023-02-17 20,2.49,,9.39,,265.8,,0,,
2023-02-17 21,2.5,,9.4,,265.6,,0,,
2023-02-17 22,2.5,,9.4,,265.3,,0,,
2023-02-17 23,2.5,,9.41,,265.2,,0,,
2023-02-18 00,2.49,,9.41,,265.2,,0,,
2023-02-18 01,2.49,,9.4,,265.2,,0,,
2023-02-18 02,2.49,,9.4,,265.2,,0,,
2023-02-18 03,2.49,,9.39,,265.3,,0,,
2023-02-18 04,2.49,,9.39,,265.3,,0,,
2023-02-18 05,2.49,,9.39,,265.3,,0,,
2023-02-18 06,2.49,,9.38,,265.4,,0,,
2023-02-18 07,2.49,,9.38,,265.4,,0,,
2023-02-18 08,2.49,,9.38,,265.4,,0,,
2023-02-18 09,2.49,,9.38,,265.5,,0,,
2023-02-18 10,2.49,,9.37,,265.5,,0,,
2023-02-18 11,2.49,,9.37,,265.5,,0,,
2023-02-18 12,2.49,,9.37,,265.5,,0,,
2023-02-18 13,2.49,,9.36,,265.6,,0,,
2023-02-18 14,2.49,,9.36,2.54,265.6,,0,,
2023-02-18 15,2.49,,9.36,,265.6,,0,,
2023-02-18 16,2.48,,9.35,,265.6,,0,,
2023-02-18 17,2.48,,9.35,,265.7,,0,,
2023-02-18 18,2.48,,9.34,,265.7,,0,,
2023-02-18 19,2.48,,9.32,,265.8,,0,,
2023-02-18 20,2.48,,9.31,,265.8,,0,,
2023-02-18 21,2.47,,9.3,,265.9,,0,,
2023-02-18 22,2.47,,9.28,,266,,0,,
2023-02-18 23,2.46,,9.27,,266,,0,,
2023-02-19 00,2.46,,9.25,,266.1,,0,,
2023-02-19 01,2.46,,9.24,,266.1,,0,,
2023-02-19 02,2.46,,9.23,,266.2,,0,,
2023-02-19 03,2.45,,9.22,,266.3,,0,,
2023-02-19 04,2.45,,9.21,,266.3,,0,,
2023-02-19 05,2.45,,9.2,,266.4,,0,,
2023-02-19 06,2.45,,9.19,,266.4,,0,,
2023-02-19 07,2.45,,9.18,,266.5,,0,,
2023-02-19 08,2.44,,9.17,,266.5,,0,,
2023-02-19 09,2.44,,9.16,,266.6,,0,,
2023-02-19 10,2.44,,9.16,,266.6,,0,,
2023-02-19 11,2.44,,9.15,,266.7,,0,,
2023-02-19 12,2.44,,9.15,2.54,266.7,,0,,
2023-02-19 13,2.44,,9.14,,266.8,,0,,
2023-02-19 14,2.44,,9.13,,266.8,,0,,
2023-02-19 15,2.44,,9.12,,266.9,,0,,
2023-02-19 16,2.43,,9.12,,266.9,,0,,
2023-02-19 17,2.43,,9.1,,267,,0,,
2023-02-19 18,2.43,,9.09,,267.1,,0,,
2023-02-19 19,2.42,,9.07,,267.1,,0,,
2023-02-19 20,2.42,,9.05,,267.2,,0,,
2023-02-19 21,2.41,,9.02,,267.3,,0,,
2023-02-19 22,2.4,,8.98,,267.2,,0,,
2023-02-19 23,2.38,,8.91,,267.1,,0,,
2023-02-20 00,2.35,,8.78,,267.9,,0,,
2023-02-20 01,2.33,,8.65,,268.8,,0,,
2023-02-20 02,2.3,,8.55,,269.1,,0,,
2023-02-20 03,2.27,,8.43,,269.5,,0,,
2023-02-20 04,2.23,,8.29,,269.1,,0,,
2023-02-20 05,2.21,,8.03,,275,,0,,
2023-02-20 06,2.18,,7.74,,281.9,,0,,
2023-02-20 07,2.16,,7.47,,289.7,,0.04,,
2023-02-20 08,2.15,,7.42,,290.2,,0.03,,
2023-02-20 09,2.14,,7.38,,290.4,,0.03,,
2023-02-20 10,2.13,,7.34,,290.6,,0.02,,
2023-02-20 11,2.12,,7.29,,291,,0.02,,
2023-02-20 12,2.11,,7.26,,291.3,,0.01,,
2023-02-20 13,2.1,,7.22,,291.5,,0.01,,
2023-02-20 14,2.09,,7.18,0,290.9,,0.01,,
2023-02-20 15,2.06,,7.09,,289.9,,0.01,,
2023-02-20 16,2.05,,6.93,,296.2,,0.15,,
2023-02-20 17,2.05,,6.77,,302,,0.14,,
2023-02-20 18,2.03,,6.82,,298.2,,0.13,,
2023-02-20 19,2.1,,6.92,,302.9,,0.58,,
2023-02-20 20,2.04,,6.51,,313.2,,0.55,,
2023-02-20 21,2,,6.52,,306.5,,0.1,,
2023-02-20 22,2,,6.55,,305.3,,0.1,,
2023-02-20 23,1.98,,6.54,,302.2,,0.1,,
2023-02-21 00,1.96,,6.53,,300.7,,0.1,,
2023-02-21 01,1.95,,6.52,,299.2,,0.09,,
2023-02-21 02,1.95,,6.51,,299.3,,0.05,,
2023-02-21 03,1.95,,6.5,,299.4,,0.02,,
2023-02-21 04,1.94,,6.49,,299.4,,0,,
2023-02-21 05,1.94,,6.48,,299.5,,0,,
2023-02-21 06,1.94,,6.46,,299.6,,0,,
2023-02-21 07,1.93,,6.45,,299.6,,0,,
2023-02-21 08,1.93,,6.45,,299.7,,0,,
2023-02-21 09,1.93,,6.44,,299.7,,0,,
2023-02-21 10,1.93,,6.44,0,299.7,,0,,
2023-02-21 11,1.93,,6.44,,299.8,,0,,
2023-02-21 12,1.93,,6.44,,299.8,,0,,
2023-02-21 13,1.93,,6.43,,299.8,,0,,
2023-02-21 14,1.93,,6.43,,299.8,,0,,
2023-02-21 15,1.93,,6.43,,299.8,,0,,
2023-02-21 16,1.93,,6.42,,299.9,,0,,
2023-02-21 17,1.93,,6.42,,299.9,,0,,
2023-02-21 18,1.92,,6.41,,299.9,,0,,
2023-02-21 19,1.92,,6.4,,300,,0,,
2023-02-21 20,1.92,,6.39,,300.1,,0,,
2023-02-21 21,1.92,,6.38,,300.1,,0,,
2023-02-21 22,1.91,,6.37,,300.2,,0,,
2023-02-21 23,1.91,,6.37,,300.4,,0,,
2023-02-22 00,1.91,,6.37,,300.3,,0,,
2023-02-22 01,1.92,,6.47,,297.2,,0,,
2023-02-22 02,1.92,,6.48,,296.8,,0,,
2023-02-22 03,1.92,,6.48,,296.8,,0,,
2023-02-22 04,1.92,,6.47,,296.8,,0,,
2023-02-22 05,1.92,,6.47,,296.8,,0,,
2023-02-22 06,1.92,,6.46,,296.8,,0,,
2023-02-22 07,1.92,,6.46,,296.7,,0,,
2023-02-22 08,1.92,,6.46,,296.5,,0,,
2023-02-22 09,1.91,,6.46,,296.5,,0,,
2023-02-22 10,1.91,,6.44,0,296.5,,0,,
2023-02-22 11,1.91,,6.43,,296.6,,0,,
2023-02-22 12,1.91,,6.43,,296.6,,0,,
2023-02-22 13,1.9,,6.42,,296.6,,0,,
2023-02-22 14,1.9,,6.42,,296.6,,0,,
2023-02-22 15,1.9,,6.41,,296.6,,0,,
2023-02-22 16,1.9,,6.41,,296.6,,0,,
2023-02-22 17,1.9,,6.4,,296.6,,0,,
2023-02-22 18,1.9,,6.39,,296.7,,0,,
2023-02-22 19,1.9,,6.39,,296.7,,0,,
2023-02-22 20,1.89,,6.38,,296.7,,0,,
2023-02-22 21,1.89,,6.37,,296.7,,0,,
2023-02-22 22,1.89,,6.36,,296.7,,0,,
2023-02-22 23,1.89,,6.36,,296.7,,0,,
2023-02-23 00,1.89,,6.35,,296.8,,0,,
2023-02-23 01,1.88,,6.35,,296.8,,0,,
2023-02-23 02,1.88,,6.35,,296.8,,0,,
2023-02-23 03,1.88,,6.34,,296.8,,0,,
2023-02-23 04,1.88,,6.33,,296.8,,0,,
2023-02-23 05,1.88,,6.33,,296.6,,0,,
2023-02-23 06,1.92,,6.79,,283.3,,0,,
2023-02-23 07,2,,7.55,,264.8,,0,,
2023-02-23 08,2.13,,8.85,,240.5,,0,,
2023-02-23 09,2.26,,10.2,,221.9,,0,,
2023-02-23 10,2.34,,11,5.08,213.1,,0,,
2023-02-23 11,2.39,,11.49,,208.2,,0,,
2023-02-23 12,2.41,,11.68,,206.5,,0,,
2023-02-23 13,2.41,,11.71,,206.2,,0,,
2023-02-23 14,2.41,,11.7,,206.3,,0,,
2023-02-23 15,2.41,,11.69,,206.4,,0,,
2023-02-23 16,2.41,,11.69,,206.5,,0,,
2023-02-23 17,2.41,,11.68,,206.5,,0,,
2023-02-23 18,2.41,,11.67,,206.6,,0,,
2023-02-23 19,2.41,,11.67,,206.7,,0,,
2023-02-23 20,2.41,,11.67,,206.7,,0,,
2023-02-23 21,2.42,,11.71,,206.4,,0,,
2023-02-23 22,2.42,,11.72,,206.3,,0,,
2023-02-23 23,2.42,,11.72,,206.3,,0,,
2023-02-24 00,2.44,,11.97,,204.2,,0,,
2023-02-24 01,2.47,,12.23,,202,,0,,
2023-02-24 02,2.51,,12.67,,198.5,,0,,
2023-02-24 03,2.53,,12.85,,197.1,,0,,
2023-02-24 04,2.54,,12.92,,196.7,,0,,
2023-02-24 05,2.55,,12.96,,196.5,,0,,
2023-02-24 06,2.55,,12.97,,196.5,,0,,
2023-02-24 07,2.55,,12.97,,196.5,,0,,
2023-02-24 08,2.55,,13.01,,196.2,,0,,
2023-02-24 09,2.56,,13.04,,196.1,,0,,
2023-02-24 10,2.56,,13.06,,195.9,,0,,
2023-02-24 11,2.56,,13.05,,196,,0,,
2023-02-24 12,2.56,,13.04,10.16,196.1,,0,,
2023-02-24 13,2.56,,13.04,,196.2,,0,,
2023-02-24 14,2.56,,13.07,,196,,0,,
2023-02-24 15,2.56,,13.07,,196,,0,,
2023-02-24 16,2.56,,13.06,,196.1,,0,,
2023-02-24 17,2.56,,13.05,,196.2,,0,,
2023-02-24 18,2.56,,13.04,,196.3,,0,,
2023-02-24 19,2.56,,13.03,,196.4,,0,,
2023-02-24 20,2.56,,13.03,,196.4,,0,,
2023-02-24 21,2.56,,13.02,,196.5,,0,,
2023-02-24 22,2.56,,13,,196.7,,0,,
2023-02-24 23,2.55,,12.98,,196.8,,0,,
2023-02-25 00,2.55,,12.96,,197,,0,,
2023-02-25 01,2.55,,12.94,,197.1,,0,,
2023-02-25 02,2.55,,12.93,,197.2,,0,,
2023-02-25 03,2.55,,12.91,,197.3,,0,,
2023-02-25 04,2.55,,12.9,,197.4,,0,,
2023-02-25 05,2.55,,12.89,,197.6,,0,,
2023-02-25 06,2.55,,12.88,,197.7,,0,,
2023-02-25 07,2.54,,12.87,,197.7,,0,,
2023-02-25 08,2.54,,12.86,,197.8,,0,,
2023-02-25 09,2.54,,12.85,,197.9,,0,,
2023-02-25 10,2.54,,12.84,,198,,0,,
2023-02-25 11,2.54,,12.84,,198.1,,0,,
2023-02-25 12,2.54,,12.83,10.16,198.2,,0,,
2023-02-25 13,2.54,,12.83,,198.2,,0,,
2023-02-25 14,2.54,,12.82,,198.3,,0,,
2023-02-25 15,2.54,,12.81,,198.4,,0,,
2023-02-25 16,2.54,,12.81,,198.5,,0,,
2023-02-25 17,2.54,,12.8,,198.6,,0,,
2023-02-25 18,2.54,,12.79,,198.6,,0,,
2023-02-25 19,2.54,,12.78,,198.7,,0,,
2023-02-25 20,2.54,,12.77,,198.9,,0,,
2023-02-25 21,2.54,,12.77,,198.9,,0,,
2023-02-25 22,2.54,,12.78,,198.9,,0,,
2023-02-25 23,2.54,,12.79,,198.9,,0,,
2023-02-26 00,2.54,,12.78,,199,,0,,
2023-02-26 01,2.54,,12.77,,199.1,,0,,
2023-02-26 02,2.54,,12.76,,199.2,,0,,
2023-02-26 03,2.54,,12.75,,199.3,,0,,
2023-02-26 04,2.54,,12.74,,199.4,,0,,
2023-02-26 05,2.54,,12.73,,199.5,,0,,
2023-02-26 06,2.54,,12.72,,199.6,,0,,
2023-02-26 07,2.54,,12.71,,199.7,,0,,
2023-02-26 08,2.54,,12.69,,199.8,,0,,
2023-02-26 09,2.54,,12.68,,199.9,,0,,
2023-02-26 10,2.53,,12.67,,200,,0,,
2023-02-26 11,2.53,,12.66,,200.1,,0,,
2023-02-26 12,2.53,,12.65,,200.2,,0,,
2023-02-26 13,2.53,,12.64,10.16,200.3,,0,,
2023-02-26 14,2.53,,12.63,,200.4,,0,,
2023-02-26 15,2.54,,12.71,,199.7,,0,,
2023-02-26 16,2.55,,12.86,,198.6,,0,,
2023-02-26 17,2.56,,12.96,,197.8,,0,,
2023-02-26 18,2.61,,13.42,,194.5,,0,,
2023-02-26 19,2.61,,13.42,,194.5,,0,,
2023-02-26 20,2.63,,13.57,,193.5,,0,,
2023-02-26 21,2.63,,13.59,,193.4,,0,,
2023-02-26 22,2.63,,13.58,,193.6,,0,,
2023-02-26 23,2.63,,13.56,,193.8,,0,,
2023-02-27 00,2.63,,13.55,,194,,0,,
2023-02-27 01,2.63,,13.53,,194.1,,0,,
2023-02-27 02,2.63,,13.52,,194.3,,0,,
2023-02-27 03,2.63,,13.54,,194.2,,0,,
2023-02-27 04,2.63,,13.53,,194.3,,0,,
2023-02-27 05,2.63,,13.51,,194.5,,0,,
2023-02-27 06,2.63,,13.5,,194.6,,0,,
2023-02-27 07,2.63,,13.49,,194.8,,0,,
2023-02-27 08,2.63,,13.48,,194.9,,0,,
2023-02-27 09,2.63,,13.5,,194.8,,0,,
2023-02-27 10,2.63,,13.48,,195,,0,,
2023-02-27 11,2.63,,13.47,,195.1,,0,,
2023-02-27 12,2.63,,13.45,,195.3,,0,,
2023-02-27 13,2.63,,13.44,,195.4,,0,,
2023-02-27 14,2.63,,13.43,,195.6,,0,,
2023-02-27 15,2.63,,13.42,15.24,195.7,,0,,
2023-02-27 16,2.62,,13.41,,195.8,,0,,
2023-02-27 17,2.62,,13.39,,195.9,,0,,
2023-02-27 18,2.62,,13.38,,196.1,,0,,
2023-02-27 19,2.62,,13.36,,196.3,,0,,
2023-02-27 20,2.62,,13.34,,196.4,,0,,
2023-02-27 21,2.62,,13.33,,196.6,,0,,
2023-02-27 22,2.62,,13.31,,196.8,,0,,
2023-02-27 23,2.62,,13.29,,197,,0,,
2023-02-28 00,2.62,,13.27,,197.1,,0,,
2023-02-28 01,2.61,,13.25,,197.3,,0,,
2023-02-28 02,2.61,,13.23,,197.5,,0,,
2023-02-28 03,2.61,,13.2,,197.7,,0,,
2023-02-28 04,2.61,,13.17,,197.9,,0,,
2023-02-28 05,2.6,,13.13,,198.2,,0,,
2023-02-28 06,2.6,,13.09,,198.4,,0,,
2023-02-28 07,2.59,,13.04,,198.7,,0,,
2023-02-28 08,2.59,,13.04,,198.7,,0,,
2023-02-28 09,2.59,,13.02,,198.8,,0,,
2023-02-28 10,2.59,,13,,198.9,,0,,
2023-02-28 11,2.58,,12.98,,199.1,,0,,
2023-02-28 12,2.58,,12.95,15.24,199.2,,0,,
2023-02-28 13,2.58,,12.93,,199.4,,0,,
2023-02-28 14,2.58,,12.94,,199.3,,0,,
2023-02-28 15,2.58,,12.94,,199.3,,0,,
2023-02-28 16,2.58,,12.99,,198.9,,0,,
2023-02-28 17,2.6,,13.15,,197.7,,0,,
2023-02-28 18,2.61,,13.29,,196.7,,0,,
2023-02-28 19,2.63,,13.42,,195.7,,0,,
2023-02-28 20,2.64,,13.55,,194.9,,0,,
2023-02-28 21,2.65,,13.64,,194.3,,0,,
2023-02-28 22,2.67,,13.88,,192.7,,0,,
2023-02-28 23,2.72,,14.35,,189.7,,0,,
2023-03-01 00,2.74,,14.57,,188.4,,0,,
2023-03-01 01,2.76,,14.72,,187.5,,0,,
2023-03-01 02,2.76,,14.69,,187.8,,0,,
2023-03-01 03,2.76,,14.65,,188.2,,0,,
2023-03-01 04,2.75,,14.61,,188.5,,0,,
2023-03-01 05,2.75,,14.56,,188.8,,0,,
2023-03-01 06,2.75,,14.52,,189.2,,0,,
2023-03-01 07,2.74,,14.47,,189.5,,0,,
2023-03-01 08,2.74,,14.43,,189.9,,0,,
2023-03-01 09,2.74,,14.39,,190.2,,0,,
2023-03-01 10,2.73,,14.35,15.24,190.5,,0,,
2023-03-01 11,2.73,,14.31,,190.8,,0,,
2023-03-01 12,2.73,,14.28,,191.1,,0,,
2023-03-01 13,2.73,,14.25,,191.4,,0,,
2023-03-01 14,2.72,,14.22,,191.6,,0,,
2023-03-01 15,2.72,,14.18,,191.9,,0,,
2023-03-01 16,2.72,,14.14,,192.2,,0,,
2023-03-01 17,2.72,,14.11,,192.5,,0,,
2023-03-01 18,2.72,,14.09,,192.8,,0,,
2023-03-01 19,2.71,,14.06,,193,,0,,
2023-03-01 20,2.71,,14.03,,193.3,,0,,
2023-03-01 21,2.71,,14.01,,193.6,,0,,
2023-03-01 22,2.71,,13.98,,193.8,,0,,
2023-03-01 23,2.71,,13.94,,194.1,,0,,
2023-03-02 00,2.7,,13.91,,194.4,,0,,
2023-03-02 01,2.7,,13.89,,194.6,,0,,
2023-03-02 02,2.7,,13.85,,194.9,,0,,
2023-03-02 03,2.7,,13.82,,195.2,,0,,
2023-03-02 04,2.7,,13.79,,195.5,,0,,
2023-03-02 05,2.69,,13.75,,195.8,,0,,
2023-03-02 06,2.69,,13.71,,196.1,,0,,
2023-03-02 07,2.76,,14.04,,196.3,,0,Assim,
2023-03-02 08,2.83,,14.38,,196.6,,0,Assim,
2023-03-02 09,2.9,,14.71,,196.9,,0,Assim,
2023-03-02 10,2.97,,15.05,15.24,197.2,,0,Assim,
2023-03-02 11,3.04,,15.39,,197.4,,0,Assim,
2023-03-02 12,3.11,,15.73,,197.7,,0,Assim,
2023-03-02 13,3.11,,15.71,,197.9,,0,,
2023-03-02 14,3.12,,15.7,,198.7,,0,,
2023-03-02 15,3.13,,15.69,,199.3,,0,,
2023-03-02 16,3.2,,15.74,,203.2,,0,,
2023-03-02 17,3.25,,15.78,,206.1,,0,,
2023-03-02 18,3.31,,15.83,,209.2,,0,,
2023-03-02 19,3.42,,16.7,,204.9,,0,,
2023-03-02 20,3.44,,16.86,,203.9,,0,,
2023-03-02 21,3.46,,17.03,,203,,0,,
2023-03-02 22,3.51,,17.53,,200.1,,0,,
2023-03-02 23,3.54,,17.87,,198.3,,0,,
2023-03-03 00,3.56,,18.03,,197.5,,0,,
2023-03-03 01,3.57,,18.05,,197.5,,0,,
2023-03-03 02,3.57,,18.04,,197.7,,0,,
2023-03-03 03,3.56,,18.01,,197.9,,0,,
2023-03-03 04,3.56,,17.99,,198.1,,0,,
2023-03-03 05,3.56,,17.97,,198.3,,0,,
2023-03-03 06,3.56,,17.94,,198.5,,0,,
2023-03-03 07,3.56,,17.9,,198.8,,0,,
2023-03-03 08,3.56,,17.86,,199,,0,,
2023-03-03 09,3.55,,17.83,,199.3,,0,,
2023-03-03 10,3.55,,17.8,,199.5,,0,,
2023-03-03 11,3.55,,17.77,,199.7,,0,,
2023-03-03 12,3.55,,17.75,15.24,199.9,,0,,
2023-03-03 13,3.55,,17.72,,200.1,,0,,
2023-03-03 14,3.55,,17.7,,200.3,,0,,
2023-03-03 15,3.54,,17.68,,200.5,,0,,
2023-03-03 16,3.54,,17.66,,200.7,,0,,
2023-03-03 17,3.54,,17.64,,200.8,,0,,
2023-03-03 18,3.54,,17.62,,201,,0,,
2023-03-03 19,3.54,,17.6,,201.2,,0,,
2023-03-03 20,3.54,,17.57,,201.4,,0,,
2023-03-03 21,3.54,,17.54,,201.6,,0,,
2023-03-03 22,3.54,,17.52,,201.8,,0,,
2023-03-03 23,3.53,,17.5,,202,,0,,
2023-03-04 00,3.53,,17.47,,202.2,,0,,
2023-03-04 01,3.53,,17.44,,202.4,,0,,
2023-03-04 02,3.53,,17.41,,202.7,,0,,
2023-03-04 03,3.52,,17.36,,202.9,,0,,
2023-03-04 04,3.52,,17.31,,203.2,,0,,
2023-03-04 05,3.51,,17.26,,203.4,,0,,
2023-03-04 06,3.51,,17.28,,203.1,,0,,
2023-03-04 07,3.54,,17.59,,201.4,,0,,
2023-03-04 08,3.58,,17.92,,199.6,,0,,
2023-03-04 09,3.69,,19,,193.9,,0,,
2023-03-04 10,3.8,,20.17,,188.6,,0,,
2023-03-04 11,3.94,,21.54,,183,,0,,
2023-03-04 12,4.06,,22.65,,179.1,,0,,
2023-03-04 13,4.14,,23.46,,176.6,,0,,
2023-03-04 14,4.27,,24.67,,173,,0,,
2023-03-04 15,4.32,,25.15,,171.8,,0,,
2023-03-04 16,4.34,,25.24,,171.8,,0,,
2023-03-04 17,4.36,,25.37,25.4,171.7,,0,,
2023-03-04 18,4.37,,25.42,,171.8,,0,,
2023-03-04 19,4.37,,25.39,,172.2,,0,,
2023-03-04 20,4.37,,25.31,,172.7,,0,,
2023-03-04 21,4.37,,25.25,,173.1,,0,,
2023-03-04 22,4.38,,25.24,,173.5,,0,,
2023-03-04 23,4.38,,25.19,,173.9,,0,,
2023-03-05 00,4.38,,25.15,,174.2,,0,,
2023-03-05 01,4.41,,25.33,,174,,0,,
2023-03-05 02,4.44,,25.56,,173.5,,0,,
2023-03-05 03,4.45,,25.6,,173.7,,0,,
2023-03-05 04,4.45,,25.54,,174.1,,0,,
2023-03-05 05,4.45,,25.47,,174.6,,0,,
2023-03-05 06,4.45,,25.41,,175,,0,,
2023-03-05 07,4.45,,25.34,,175.5,,0,,
2023-03-05 08,4.45,,25.28,,175.9,,0,,
2023-03-05 09,4.45,,25.22,,176.3,,0,,
2023-03-05 10,4.45,,25.16,,176.7,,0,,
2023-03-05 11,4.45,,25.1,,177.1,,0,,
2023-03-05 12,4.45,,25.04,25.4,177.5,,0,,
2023-03-05 13,4.44,,24.98,,177.9,,0,,
2023-03-05 14,4.44,,24.92,,178.3,,0,,
2023-03-05 15,4.44,,24.86,,178.7,,0,,
2023-03-05 16,4.44,,24.81,,179.1,,0,,
2023-03-05 17,4.44,,24.75,,179.5,,0,,
2023-03-05 18,4.44,,24.69,,179.9,,0,,
2023-03-05 19,4.44,,24.62,,180.4,,0,,
2023-03-05 20,4.44,,24.56,,180.8,,0,,
2023-03-05 21,4.44,,24.49,,181.2,,0,,
2023-03-05 22,4.44,,24.43,,181.6,,0,,
2023-03-05 23,4.43,,24.37,,182,,0,,
2023-03-06 00,4.43,,24.3,,182.4,,0,,
2023-03-06 01,4.43,,24.23,,182.8,,0,,
2023-03-06 02,4.43,,24.16,,183.2,,0,,
2023-03-06 03,4.42,,24.09,,183.6,,0,,
2023-03-06 04,4.42,,24.03,,184,,0,,
2023-03-06 05,4.42,,23.96,,184.4,,0,,
2023-03-06 06,4.42,,23.89,,184.8,,0,,
2023-03-06 07,4.39,,23.71,,185.2,,0,Assim,
2023-03-06 08,4.36,,23.52,,185.6,,0,Assim,
2023-03-06 09,4.34,,23.34,,186,,0,Assim,
2023-03-06 10,4.31,,23.16,22.86,186.3,,0,Assim,
2023-03-06 11,4.29,,22.98,,186.7,,0,Assim,
2023-03-06 12,4.26,,22.8,,187,,0,Assim,
2023-03-06 13,4.26,,22.74,,187.4,,0,,
2023-03-06 14,4.26,,22.68,,187.8,,0,,
2023-03-06 15,4.25,,22.6,,188.1,,0,,
2023-03-06 16,4.25,,22.53,,188.5,,0,,
2023-03-06 17,4.24,,22.44,,188.9,,0,,
2023-03-06 18,4.23,,22.35,,189.4,,0,,
2023-03-06 19,4.22,,22.26,,189.8,,0,,
2023-03-06 20,4.22,,22.18,,190.2,,0,,
2023-03-06 21,4.21,,22.07,,190.7,,0,,
2023-03-06 22,4.2,,21.98,,191.1,,0,,
2023-03-06 23,4.19,,21.89,,191.5,,0,,
2023-03-07 00,4.19,,21.81,,191.9,,0,,
2023-03-07 01,4.18,,21.73,,192.3,,0,,
2023-03-07 02,4.17,,21.66,,192.7,,0,,
2023-03-07 03,4.17,,21.6,,193,,0,,
2023-03-07 04,4.16,,21.54,,193.4,,0,,
2023-03-07 05,4.16,,21.47,,193.7,,0,,
2023-03-07 06,4.15,,21.4,,194.1,,0,,
2023-03-07 07,4.15,,21.34,,194.4,,0,,
2023-03-07 08,4.14,,21.27,,194.8,,0,,
2023-03-07 09,4.14,,21.21,,195.1,,0,,
2023-03-07 10,4.14,,21.16,,195.5,,0,,
2023-03-07 11,4.13,,21.11,,195.7,,0,,
2023-03-07 12,4.13,,21.08,25.4,196,,0,,
2023-03-07 13,4.13,,21.08,,196.1,,0,,
2023-03-07 14,4.13,,21.07,,196.3,,0,,
2023-03-07 15,4.13,,21.04,,196.5,,0,,
2023-03-07 16,4.13,,21,,196.7,,0,,
2023-03-07 17,4.13,,20.97,,196.9,,0,,
2023-03-07 18,4.13,,20.94,,197.2,,0,,
2023-03-07 19,4.13,,20.9,,197.4,,0,,
2023-03-07 20,4.12,,20.86,,197.7,,0,,
2023-03-07 21,4.12,,20.82,,198,,0,,
2023-03-07 22,4.12,,20.78,,198.2,,0,,
2023-03-07 23,4.12,,20.74,,198.5,,0,,
2023-03-08 00,4.11,,20.7,,198.7,,0,,
2023-03-08 01,4.11,,20.67,,199,,0,,
2023-03-08 02,4.11,,20.64,,199.2,,0,,
2023-03-08 03,4.11,,20.62,,199.4,,0,,
2023-03-08 04,4.11,,20.59,,199.6,,0,,
2023-03-08 05,4.11,,20.56,,199.8,,0,,
2023-03-08 06,4.11,,20.53,,200.1,,0,,
2023-03-08 07,4.11,,20.5,,200.3,,0,,
2023-03-08 08,4.1,,20.47,,200.6,,0,,
2023-03-08 09,4.1,,20.44,,200.8,,0,,
2023-03-08 10,4.1,,20.41,22.86,201,,0,,
2023-03-08 11,4.1,,20.38,,201.2,,0,,
2023-03-08 12,4.1,,20.36,,201.4,,0,,
2023-03-08 13,4.1,,20.33,,201.6,,0,,
2023-03-08 14,4.1,,20.31,,201.8,,0,,
2023-03-08 15,4.1,,20.31,,201.9,,0,,
2023-03-08 16,4.11,,20.37,,201.7,,0,,
2023-03-08 17,4.11,,20.39,,201.7,,0,,
2023-03-08 18,4.11,,20.36,,201.9,,0,,
2023-03-08 19,4.11,,20.33,,202.1,,0,,
2023-03-08 20,4.11,,20.3,,202.4,,0,,
2023-03-08 21,4.11,,20.26,,202.6,,0,,
2023-03-08 22,4.1,,20.23,,202.8,,0,,
2023-03-08 23,4.1,,20.2,,203.1,,0,,
2023-03-09 00,4.1,,20.17,,203.3,,0,,
2023-03-09 01,4.1,,20.14,,203.5,,0,,
2023-03-09 02,4.1,,20.11,,203.8,,0,,
2023-03-09 03,4.1,,20.09,,204,,0,,
2023-03-09 04,4.1,,20.06,,204.2,,0,,
2023-03-09 05,4.09,,20.02,,204.4,,0,,
2023-03-09 06,4.09,,19.99,,204.7,,0,,
2023-03-09 07,4.09,,19.95,,204.9,,0,,
2023-03-09 08,4.09,,19.92,,205.2,,0,,
2023-03-09 09,4.08,,19.88,,205.4,,0,,
2023-03-09 10,4.08,,19.85,,205.6,,0,,
2023-03-09 11,4.08,,19.82,,205.9,,0,,
2023-03-09 12,4.08,,19.8,,206.1,,0,,
2023-03-09 13,4.08,,19.77,,206.3,,0,,
2023-03-09 14,4.08,,19.75,,206.5,,0,,
2023-03-09 15,4.08,,19.72,,206.7,,0,,
2023-03-09 16,4.07,,19.69,,206.9,,0,,
2023-03-09 17,4.07,,19.67,,207.1,,0,,
2023-03-09 18,4.07,,19.64,,207.3,,0,,
2023-03-09 19,4.07,,19.61,,207.6,,0,,
2023-03-09 20,4.07,,19.59,,207.8,,0,,
2023-03-09 21,4.07,,19.56,,208,,0,,
2023-03-09 22,4.07,,19.53,,208.2,,0,,
2023-03-09 23,4.06,,19.5,,208.4,,0,,
2023-03-10 00,4.06,,19.47,,208.7,,0,,
2023-03-10 01,4.06,,19.45,,208.9,,0,,
2023-03-10 02,4.06,,19.42,,209.1,,0,,
2023-03-10 03,4.06,,19.4,,209.3,,0,,
2023-03-10 04,4.06,,19.38,,209.5,,0,,
2023-03-10 05,4.06,,19.36,,209.6,,0,,
2023-03-10 06,4.06,,19.34,,209.8,,0,,
2023-03-10 07,4.06,,19.32,,210,,0,,
2023-03-10 08,4.06,,19.3,,210.2,,0,,
2023-03-10 09,4.06,,19.28,,210.3,,0,,
2023-03-10 10,4.06,,19.26,,210.5,,0,,
2023-03-10 11,4.05,,19.25,,210.7,,0,,
2023-03-10 12,4.05,,19.23,22.86,210.8,,0,,
2023-03-10 13,4.05,,19.21,,211,,0,,
2023-03-10 14,4.05,,19.2,,211.2,,0,,
2023-03-10 15,4.05,,19.18,,211.3,,0,,
2023-03-10 16,4.05,,19.16,,211.5,,0,,
2023-03-10 17,4.05,,19.13,,211.7,,0,,
2023-03-10 18,4.05,,19.11,,211.9,,0,,
2023-03-10 19,4.05,,19.08,,212.1,,0,,
2023-03-10 20,4.05,,19.06,,212.3,,0,,
2023-03-10 21,4.04,,19.03,,212.5,,0,,
2023-03-10 22,4.04,,19.01,,212.7,,0,,
2023-03-10 23,4.04,,18.98,,212.9,,0,,
2023-03-11 00,4.04,,18.96,,213.1,,0,,
2023-03-11 01,4.04,,18.93,,213.3,,0,,
2023-03-11 02,4.04,,18.91,,213.5,,0,,
2023-03-11 03,4.03,,18.88,,213.7,,0,,
2023-03-11 04,4.03,,18.86,,213.8,,0,,
2023-03-11 05,4.03,,18.83,,214,,0,,
2023-03-11 06,4.03,,18.81,,214.2,,0,,
2023-03-11 07,4.03,,18.78,,214.4,,0,,
2023-03-11 08,4.03,,18.76,,214.6,,0,,
2023-03-11 09,4.03,,18.75,,214.7,,0,,
2023-03-11 10,4.02,,18.73,,214.9,,0,,
2023-03-11 11,4.02,,18.71,,215,,0,,
2023-03-11 12,4.02,,18.69,,215.2,,0,,
2023-03-11 13,4.02,,18.68,,215.3,,0,,
2023-03-11 14,4.02,,18.67,20.32,215.5,,0,,
2023-03-11 15,4.02,,18.65,,215.6,,0,,
2023-03-11 16,4.02,,18.63,,215.7,,0,,
2023-03-11 17,4.02,,18.62,,215.9,,0,,
2023-03-11 18,4.02,,18.6,,216,,0,,
2023-03-11 19,4.02,,18.58,,216.2,,0,,
2023-03-11 20,4.01,,18.55,,216.3,,0,,
2023-03-11 21,4.01,,18.53,,216.5,,0,,
2023-03-11 22,4.01,,18.5,,216.7,,0,,
2023-03-11 23,4.01,,18.48,,216.8,,0,,
2023-03-12 00,4.01,,18.45,,217,,0,,
2023-03-12 01,4,,18.43,,217.2,,0,,
2023-03-12 02,4,,18.41,,217.4,,0,,
2023-03-12 03,4,,18.39,,217.5,,0,,
2023-03-12 04,4,,18.37,,217.7,,0,,
2023-03-12 05,4,,18.36,,217.8,,0,,
2023-03-12 06,4,,18.34,,218,,0,,
2023-03-12 07,4,,18.32,,218.1,,0,,
2023-03-12 08,4,,18.31,,218.3,,0,,
2023-03-12 09,3.99,,18.29,,218.4,,0,,
2023-03-12 10,3.99,,18.28,,218.5,,0,,
2023-03-12 11,3.99,,18.26,0,218.7,,0,,
2023-03-12 12,3.99,,18.25,,218.8,,0,,
2023-03-12 13,3.99,,18.24,,218.9,,0,,
2023-03-12 14,3.99,,18.22,,219,,0,,
2023-03-12 15,3.99,,18.21,,219.2,,0,,
2023-03-12 16,3.99,,18.2,,219.3,,0,,
2023-03-12 17,3.99,,18.18,,219.4,,0,,
2023-03-12 18,3.99,,18.16,,219.6,,0,,
2023-03-12 19,3.99,,18.14,,219.7,,0,,
2023-03-12 20,3.98,,18.12,,219.9,,0,,
2023-03-12 21,3.98,,18.11,,220,,0,,
2023-03-12 22,3.98,,18.09,,220.2,,0,,
2023-03-12 23,3.98,,18.07,,220.3,,0,,
2023-03-13 00,3.98,,18.05,,220.5,,0,,
2023-03-13 01,3.98,,18.03,,220.7,,0,,
2023-03-13 02,3.98,,18.02,,220.8,,0,,
2023-03-13 03,3.98,,18,,221,,0,,
2023-03-13 04,3.97,,17.97,,221.1,,0,,
2023-03-13 05,3.97,,17.94,,221.3,,0,,
2023-03-13 06,3.97,,17.9,,221.5,,0,,
2023-03-13 07,3.96,,17.87,,221.7,,0,,
2023-03-13 08,3.96,,17.83,,221.9,,0,,
2023-03-13 09,3.95,,17.8,17.78,222,,0,,
2023-03-13 10,3.95,,17.76,,222.2,,0,,
2023-03-13 11,3.94,,17.74,,222.4,,0,,
2023-03-13 12,3.94,,17.7,,222.6,,0,,
2023-03-13 13,3.94,,17.67,,222.7,,0,,
2023-03-13 14,3.93,,17.65,,222.9,,0,,
2023-03-13 15,3.93,,17.63,,223.1,,0,,
2023-03-13 16,3.93,,17.6,,223.3,,0,,
2023-03-13 17,3.93,,17.58,,223.4,,0,,
2023-03-13 18,3.93,,17.56,,223.6,,0,,
2023-03-13 19,3.92,,17.54,,223.8,,0,,
2023-03-13 20,3.92,,17.52,,223.9,,0,,
2023-03-13 21,3.92,,17.5,,224.1,,0,,
2023-03-13 22,3.92,,17.48,,224.3,,0,,
2023-03-13 23,3.92,,17.47,,224.4,,0,,
2023-03-14 00,3.92,,17.45,,224.6,,0,,
2023-03-14 01,3.92,,17.43,,224.7,,0,,
2023-03-14 02,3.92,,17.41,,224.9,,0,,
2023-03-14 03,3.92,,17.39,,225.4,,0,,
2023-03-14 04,3.92,,17.39,,225.6,,0,,
2023-03-14 05,3.95,,17.4,,226.9,,0,,
2023-03-14 06,3.95,,17.39,,227.1,,0,,
2023-03-14 07,3.97,,17.39,,228.2,,0,,
2023-03-14 08,3.99,,17.42,,229.3,,0,,
2023-03-14 09,4.02,,17.48,12.7,230,,0,,
2023-03-14 10,4.04,,17.56,,229.9,,0,,
2023-03-14 11,4.08,,17.83,,228.7,,0,,
2023-03-14 12,4.17,,18.49,,225.3,,0,,
2023-03-14 13,4.2,,18.73,,224.5,,0,,
2023-03-14 14,4.23,,18.88,,224.1,,0,,
2023-03-14 15,4.26,,19.05,,223.6,,0,,
2023-03-14 16,4.28,,19.12,,223.6,,0,,
2023-03-14 17,4.28,,19.11,,223.7,,0,,
2023-03-14 18,4.28,,19.16,,223.4,,0,,
2023-03-14 19,4.29,,19.27,,222.7,,0,,
2023-03-14 20,4.32,,19.52,,221.2,,0,,
2023-03-14 21,4.33,,19.61,,220.6,,0,,
2023-03-14 22,4.34,,19.59,,221.4,,0,,
2023-03-14 23,4.34,,19.63,,221.1,,0,,
2023-03-15 00,4.34,,19.6,,221.3,,0,,
2023-03-15 01,4.33,,19.57,,221.5,,0,,
2023-03-15 02,4.35,,19.7,,220.7,,0,,
2023-03-15 03,4.43,,20.48,,216.2,,0,,
2023-03-15 04,4.47,,20.86,,214.1,,0,,
2023-03-15 05,4.49,,21.1,,212.8,,0,,
2023-03-15 06,4.5,,21.14,,212.7,,0,,
2023-03-15 07,4.51,,21.22,,212.4,,0,,
2023-03-15 08,4.53,,21.41,,211.4,,0,,
2023-03-15 09,4.53,,21.43,20.32,211.4,,0,,
2023-03-15 10,4.53,,21.42,,211.5,,0,,
2023-03-15 11,4.54,,21.52,,211.1,,0,,
2023-03-15 12,4.57,,21.75,,209.9,,0,,
2023-03-15 13,4.57,,21.73,,210.1,,0,,
2023-03-15 14,4.57,,21.71,,210.3,,0,,
2023-03-15 15,4.56,,21.67,,210.6,,0,,
2023-03-15 16,4.56,,21.63,,210.9,,0,,
2023-03-15 17,4.56,,21.58,,211.2,,0,,
2023-03-15 18,4.55,,21.54,,211.4,,0,,
2023-03-15 19,4.55,,21.49,,211.7,,0,,
2023-03-15 20,4.55,,21.45,,212,,0,,
2023-03-15 21,4.54,,21.4,,212.3,,0,,
2023-03-15 22,4.54,,21.37,,212.5,,0,,
2023-03-15 23,4.54,,21.33,,212.8,,0,,
2023-03-16 00,4.54,,21.29,,213.1,,0,,
2023-03-16 01,4.53,,21.25,,213.3,,0,,
2023-03-16 02,4.53,,21.2,,213.6,,0,,
2023-03-16 03,4.52,,21.15,,213.9,,0,,
2023-03-16 04,4.52,,21.11,,214.2,,0,,
2023-03-16 05,4.52,,21.07,,214.4,,0,,
2023-03-16 06,4.52,,21.03,,214.7,,0,,
2023-03-16 07,4.49,,20.9,,214.9,,0,Assim,
2023-03-16 08,4.47,,20.77,,215.2,,0,Assim,
2023-03-16 09,4.45,,20.64,20.32,215.4,,0,Assim,
2023-03-16 10,4.42,,20.51,,215.6,,0,Assim,
2023-03-16 11,4.4,,20.38,,215.9,,0,Assim,
2023-03-16 12,4.37,,20.24,,216.1,,0,Assim,
2023-03-16 13,4.37,,20.2,,216.4,,0,,
2023-03-16 14,4.37,,20.16,,216.6,,0,,
2023-03-16 15,4.36,,20.12,,216.8,,0,,
2023-03-16 16,4.36,,20.08,,217.1,,0,,
2023-03-16 17,4.36,,20.05,,217.3,,0,,
2023-03-16 18,4.36,,20.02,,217.7,,0,,
2023-03-16 19,4.37,,20.1,,217.3,,0,,
2023-03-16 20,4.37,,20.15,,217.1,,0,,
2023-03-16 21,4.38,,20.19,,217,,0,,
2023-03-16 22,4.38,,20.18,,217.1,,0,,
2023-03-16 23,4.38,,20.16,,217.2,,0,,
2023-03-17 00,4.38,,20.15,,217.4,,0,,
2023-03-17 01,4.38,,20.14,,217.6,,0,,
2023-03-17 02,4.38,,20.12,,217.8,,0,,
2023-03-17 03,4.38,,20.1,,218,,0,,
2023-03-17 04,4.38,,20.08,,218.2,,0,,
2023-03-17 05,4.38,,20.05,,218.4,,0,,
2023-03-17 06,4.38,,20.03,,218.6,,0,,
2023-03-17 07,4.38,,20.01,,218.8,,0,,
2023-03-17 08,4.38,,19.98,,219,,0,,
2023-03-17 09,4.38,,19.96,,219.2,,0,,
2023-03-17 10,4.37,,19.93,,219.4,,0,,
2023-03-17 11,4.37,,19.89,20.32,219.7,,0,,
2023-03-17 12,4.37,,19.86,,219.9,,0,,
2023-03-17 13,4.37,,19.83,,220.1,,0,,
2023-03-17 14,4.36,,19.8,,220.3,,0,,
2023-03-17 15,4.36,,19.78,,220.6,,0,,
2023-03-17 16,4.36,,19.75,,220.8,,0,,
2023-03-17 17,4.35,,19.73,,220.4,,0,,
2023-03-17 18,4.32,,19.45,,222.3,,0,,
2023-03-17 19,4.33,,18.38,,235.6,,0,,
2023-03-17 20,4.36,,17.64,,247,,0,,
2023-03-17 21,4.39,,17.23,,254.6,,0.01,,
2023-03-17 22,4.44,,17.18,,258.7,,0.04,,
2023-03-17 23,4.55,,16.41,,277.4,,0.77,,
2023-03-18 00,4.49,,15.39,,291.9,,1.75,,
2023-03-18 01,4.29,,15.41,,278.4,,0.19,,
2023-03-18 02,4.31,,15.43,,279,,0.19,,
2023-03-18 03,4.3,,14.76,,291.6,,1.22,,
2023-03-18 04,4.21,,14.78,,285,,1.22,,
2023-03-18 05,4.08,,14.81,,275.5,,0.54,,
2023-03-18 06,4.01,,14.23,,282,,0.59,,
2023-03-18 07,3.95,,13.85,,285.3,,0.59,,
2023-03-18 08,3.91,,13.85,,281.9,,0.59,,
2023-03-18 09,3.85,,13.82,,278.6,,0.36,,
2023-03-18 10,3.82,,13.8,,276.6,,0.2,,
2023-03-18 11,3.79,,13.79,20.32,275.3,,0.21,,
2023-03-18 12,3.77,,13.77,,273.9,,0.21,,
2023-03-18 13,3.75,,13.75,,272.6,,0.21,,
2023-03-18 14,3.72,,13.73,,271.3,,0.21,,
2023-03-18 15,3.7,,13.62,,271.7,,0.22,,
2023-03-18 16,3.68,,13.51,,272.2,,0.23,,
2023-03-18 17,3.65,,13.5,,270.8,,0.24,,
2023-03-18 18,3.63,,13.38,,271.4,,0.25,,
2023-03-18 19,3.61,,13.27,,272.1,,0.26,,
2023-03-18 20,3.59,,13.15,,272.9,,0.27,,
2023-03-18 21,3.56,,13.13,,271.5,,0.28,,
2023-03-18 22,3.54,,13,,272.4,,0.29,,
2023-03-18 23,3.52,,12.87,,273.5,,0.31,,
2023-03-19 00,3.49,,12.85,,271.3,,0.16,,
2023-03-19 01,3.47,,12.84,,270.6,,0.16,,
2023-03-19 02,3.46,,12.76,,271.3,,0.17,,
2023-03-19 03,3.45,,12.74,,270.7,,0.16,,
2023-03-19 04,3.43,,12.72,,270,,0.15,,
2023-03-19 05,3.42,,12.64,,270.6,,0.14,,
2023-03-19 06,3.41,,12.62,,270,,0.12,,
2023-03-19 07,3.39,,12.61,,269.1,,0.1,,
2023-03-19 08,3.38,,12.58,,268.5,,0.06,,
2023-03-19 09,3.37,,12.55,,268.6,,0.04,,
2023-03-19 10,3.37,,12.53,,268.7,,0.02,,
2023-03-19 11,3.36,,12.51,20.32,268.8,,0,,
2023-03-19 12,3.36,,12.5,,268.9,,0,,
2023-03-19 13,3.36,,12.48,,268.9,,0,,
2023-03-19 14,3.36,,12.48,,269,,0,,
2023-03-19 15,3.37,,12.61,,267.1,,0,,
2023-03-19 16,3.38,,12.71,,265.6,,0,,
2023-03-19 17,3.37,,12.71,,265.3,,0,,
2023-03-19 18,3.37,,12.69,,265.4,,0,,
2023-03-19 19,3.36,,12.66,,265.5,,0,,
2023-03-19 20,3.36,,12.64,,265.5,,0,,
2023-03-19 21,3.35,,12.62,,265.6,,0,,
2023-03-19 22,3.35,,12.59,,265.7,,0,,
2023-03-19 23,3.34,,12.56,,265.7,,0,,
2023-03-20 00,3.33,,12.54,,265.8,,0,,
2023-03-20 01,3.33,,12.53,,265.8,,0,,
2023-03-20 02,3.33,,12.52,,265.9,,0,,
2023-03-20 03,3.32,,12.5,,265.9,,0,,
2023-03-20 04,3.32,,12.49,,266,,0,,
2023-03-20 05,3.32,,12.49,,266,,0,,
2023-03-20 06,3.32,,12.48,,266,,0,,
2023-03-20 07,3.32,,12.47,,266.1,,0,,
2023-03-20 08,3.31,,12.46,,266.1,,0,,
2023-03-20 09,3.31,,12.44,20.32,266.2,,0,,
2023-03-20 10,3.31,,12.43,,266.2,,0,,
2023-03-20 11,3.31,,12.41,,266.3,,0,,
2023-03-20 12,3.3,,12.4,,266.3,,0,,
2023-03-20 13,3.3,,12.38,,266.4,,0,,
2023-03-20 14,3.29,,12.36,,266.4,,0,,
2023-03-20 15,3.29,,12.34,,266.5,,0,,
2023-03-20 16,3.28,,12.31,,266.6,,0,,
2023-03-20 17,3.28,,12.29,,266.6,,0,,
2023-03-20 18,3.27,,12.27,,266.7,,0,,
2023-03-20 19,3.27,,12.25,,266.8,,0,,
2023-03-20 20,3.26,,12.23,,266.9,,0,,
2023-03-20 21,3.26,,12.21,,266.9,,0,,
2023-03-20 22,3.26,,12.19,,267,,0,,
2023-03-20 23,3.25,,12.18,,267.1,,0,,
2023-03-21 00,3.25,,12.16,,267.1,,0,,
2023-03-21 01,3.25,,12.15,,267.2,,0,,
2023-03-21 02,3.24,,12.12,,267.2,,0,,
2023-03-21 03,3.23,,12.1,,267.3,,0,,
2023-03-21 04,3.23,,12.08,,267.4,,0,,
2023-03-21 05,3.23,,12.07,,267.4,,0,,
2023-03-21 06,3.22,,12.05,,267.5,,0,,
2023-03-21 07,3.22,,12.03,,267.6,,0,,
2023-03-21 08,3.22,,12.01,,267.6,,0,,
2023-03-21 09,3.21,,12,20.32,267.7,,0,,
2023-03-21 10,3.21,,11.99,,267.8,,0,,
2023-03-21 11,3.21,,11.98,,267.8,,0,,
2023-03-21 12,3.21,,11.97,,267.9,,0,,
2023-03-21 13,3.2,,11.96,,267.9,,0,,
2023-03-21 14,3.2,,11.94,,268,,0,,
2023-03-21 15,3.2,,11.93,,268.1,,0,,
2023-03-21 16,3.19,,11.91,,268.1,,0,,
2023-03-21 17,3.19,,11.9,,268.1,,0,,
2023-03-21 18,3.19,,11.88,,268.2,,0,,
2023-03-21 19,3.18,,11.85,,268.3,,0,,
2023-03-21 20,3.18,,11.84,,268.5,,0,,
2023-03-21 21,3.18,,11.83,,268.5,,0,,
2023-03-21 22,3.18,,11.83,,268.6,,0,,
2023-03-21 23,3.18,,11.82,,268.6,,0,,
2023-03-22 00,3.18,,11.82,,268.7,,0,,
2023-03-22 01,3.17,,11.81,,268.7,,0,,
2023-03-22 02,3.17,,11.8,,268.8,,0,,
2023-03-22 03,3.17,,11.8,,268.9,,0,,
2023-03-22 04,3.17,,11.79,,268.9,,0,,
2023-03-22 05,3.17,,11.79,,269,,0,,
2023-03-22 06,3.17,,11.78,,269,,0,,
2023-03-22 07,3.17,,11.78,,269.1,,0,,
2023-03-22 08,3.17,,11.77,,269.1,,0,,
2023-03-22 09,3.17,,11.76,20.32,269.2,,0,,
2023-03-22 10,3.17,,11.76,,269.2,,0,,
2023-03-22 11,3.16,,11.75,,269.2,,0,,
2023-03-22 12,3.16,,11.75,,269.3,,0,,
2023-03-22 13,3.16,,11.74,,269.3,,0,,
2023-03-22 14,3.16,,11.73,,269.4,,0,,
2023-03-22 15,3.16,,11.73,,269.4,,0,,
2023-03-22 16,3.16,,11.72,,269.5,,0,,
2023-03-22 17,3.16,,11.71,,269.5,,0,,
2023-03-22 18,3.16,,11.7,,269.6,,0,,
2023-03-22 19,3.15,,11.7,,269.6,,0,,
2023-03-22 20,3.15,,11.69,,269.5,,0,,
2023-03-22 21,3.13,,11.65,,268.8,,0,,
2023-03-22 22,3.1,,11.51,,269.7,,0,,
2023-03-22 23,3.09,,11.43,,270.4,,0,,
2023-03-23 00,3.09,,11.42,,270.5,,0,,
2023-03-23 01,3.09,,11.41,,270.6,,0,,
2023-03-23 02,3.09,,11.4,,270.6,,0,,
2023-03-23 03,3.08,,11.38,,270.7,,0,,
2023-03-23 04,3.08,,11.37,,270.7,,0,,
2023-03-23 05,3.08,,11.36,,270.8,,0,,
2023-03-23 06,3.08,,11.36,,270.9,,0,,
2023-03-23 07,3.07,,11.35,,271,,0,Assim,
2023-03-23 08,3.09,,11.35,,272,,0,Assim,
2023-03-23 09,3.08,,11.33,12.7,272,,0,Assim,
2023-03-23 10,3.08,,11.32,,272.1,,0,Assim,
2023-03-23 11,3.08,,11.31,,272.1,,0,Assim,
2023-03-23 12,3.08,,11.3,,272.2,,0,Assim,
2023-03-23 13,3.07,,11.29,,272.2,,0,,
2023-03-23 14,3.15,,11.39,,276.4,,0,,
2023-03-23 15,3.16,,11.5,,275.1,,0,,
2023-03-23 16,3.28,,11.68,,281.1,,0,,
2023-03-23 17,3.46,,11.93,,289.8,,1.41,,
2023-03-23 18,3.44,,10.71,,321.4,,3.51,,
2023-03-23 19,3.23,,10.92,,296.1,,0.11,,
2023-03-23 20,3.38,,11.11,,304.1,,3.47,,
2023-03-23 21,3.22,,10.33,,311.9,,0.66,,
2023-03-23 22,3.25,,9.29,,350.2,,2.31,,
2023-03-23 23,3.16,,9.44,,335.1,,2.68,,
2023-03-24 00,2.99,,9.54,,313.7,,2.11,,
2023-03-24 01,2.81,,9.57,,293.3,,0.06,,
2023-03-24 02,2.8,,9.59,,292.3,,0.06,,
2023-03-24 03,2.8,,9.61,,291.1,,0.06,,
2023-03-24 04,2.8,,9.62,,290.8,,0.06,,
2023-03-24 05,2.8,,9.63,,290.7,,0.06,,
2023-03-24 06,2.8,,9.64,,290.6,,0.05,,
2023-03-24 07,2.8,,9.64,,290.6,,0.05,,
2023-03-24 08,2.8,,9.64,,290.6,,0.05,,
2023-03-24 09,2.8,,9.63,,290.7,,0.05,,
2023-03-24 10,2.8,,9.63,,290.7,,0.05,,
2023-03-24 11,2.8,,9.62,10.16,290.8,,0.05,,
2023-03-24 12,2.8,,9.61,,290.8,,0.05,,
2023-03-24 13,2.79,,9.6,,290.9,,0.05,,
2023-03-24 14,2.79,,9.6,,290.9,,0.05,,
2023-03-24 15,2.79,,9.59,,291,,0.05,,
2023-03-24 16,2.79,,9.57,,291,,0.05,,
2023-03-24 17,2.78,,9.56,,291.1,,0.05,,
2023-03-24 18,2.78,,9.55,,291.1,,0.05,,
2023-03-24 19,2.78,,9.54,,291.2,,0.05,,
2023-03-24 20,2.77,,9.53,,291.2,,0.05,,
2023-03-24 21,2.77,,9.52,,291.3,,0.05,,
2023-03-24 22,2.77,,9.51,,291.3,,0.05,,
2023-03-24 23,2.77,,9.5,,291.4,,0.05,,
2023-03-25 00,2.76,,9.49,,291.4,,0.05,,
2023-03-25 01,2.76,,9.48,,291.4,,0.05,,
2023-03-25 02,2.76,,9.47,,291.5,,0.03,,
2023-03-25 03,2.76,,9.46,,291.5,,0.02,,
2023-03-25 04,2.76,,9.46,,291.6,,0,,
2023-03-25 05,2.76,,9.45,,291.6,,0,,
2023-03-25 06,2.76,,9.45,,291.6,,0,,
2023-03-25 07,2.76,,9.45,,291.7,,0,,
2023-03-25 08,2.75,,9.44,,291.7,,0,,
2023-03-25 09,2.75,,9.44,,291.7,,0,,
2023-03-25 10,2.75,,9.44,,291.8,,0,,
2023-03-25 11,2.75,,9.43,,291.8,,0,,
2023-03-25 12,2.75,,9.42,,291.8,,0,,
2023-03-25 13,2.75,,9.41,10.16,291.9,,0,,
2023-03-25 14,2.74,,9.4,,291.9,,0,,
2023-03-25 15,2.74,,9.39,,291.9,,0,,
2023-03-25 16,2.74,,9.38,,292,,0,,
2023-03-25 17,2.73,,9.36,,292,,0,,
2023-03-25 18,2.73,,9.35,,292.1,,0,,
2023-03-25 19,2.73,,9.34,,292.1,,0,,
2023-03-25 20,2.73,,9.41,,290.3,,0,,
2023-03-25 21,2.8,,9.67,,289.2,,0,,
2023-03-25 22,2.83,,9.79,,289.2,,0,,
2023-03-25 23,2.83,,9.78,,289.3,,0,,
2023-03-26 00,2.83,,9.77,,289.3,,0,,
2023-03-26 01,2.85,,9.85,,289.1,,0,,
2023-03-26 02,2.85,,9.85,,288.8,,0,,
2023-03-26 03,2.84,,9.85,,288.6,,0,,
2023-03-26 04,2.84,,9.83,,288.7,,0,,
2023-03-26 05,2.84,,9.82,,288.8,,0,,
2023-03-26 06,2.83,,9.82,,288.8,,0,,
2023-03-26 07,2.88,,9.86,,292,,0,,
2023-03-26 08,3.05,,10.11,,301.3,,0,,
2023-03-26 09,3.1,,10.17,,304.6,,2.26,,
2023-03-26 10,2.9,,10.19,,284.5,,0,,
2023-03-26 11,2.9,,10.18,7.62,284.6,,0,,
2023-03-26 12,2.9,,10.18,,284.6,,0,,
2023-03-26 13,2.9,,10.18,,284.6,,0,,
2023-03-26 14,2.9,,10.17,,284.7,,0,,
2023-03-26 15,2.9,,10.17,,284.8,,0,,
2023-03-26 16,2.9,,10.17,,284.9,,0,,
2023-03-26 17,2.9,,10.16,,284.9,,0,,
2023-03-26 18,2.89,,10.16,,285,,0,,
2023-03-26 19,2.89,,10.15,,285,,0,,
2023-03-26 20,2.89,,10.14,,285.1,,0,,
2023-03-26 21,2.89,,10.13,,285.1,,0,,
2023-03-26 22,2.89,,10.12,,285.2,,0,,
2023-03-26 23,2.89,,10.12,,285.2,,0,,
2023-03-27 00,2.88,,10.11,,285.3,,0,,
2023-03-27 01,2.88,,10.1,,285.3,,0,,
2023-03-27 02,2.88,,10.09,,285.4,,0,,
2023-03-27 03,2.88,,10.09,,285.4,,0,,
2023-03-27 04,2.88,,10.08,,285.4,,0,,
2023-03-27 05,2.88,,10.08,,285.5,,0,,
2023-03-27 06,2.87,,10.07,,285.5,,0,,
2023-03-27 07,2.87,,10.06,,285.6,,0,,
2023-03-27 08,2.87,,10.05,,285.6,,0,,
2023-03-27 09,2.87,,10.04,,285.7,,0,,
2023-03-27 10,2.87,,10.03,,285.7,,0,,
2023-03-27 11,2.86,,10.03,7.62,285.7,,0,,
2023-03-27 12,2.86,,10.02,,285.8,,0,,
2023-03-27 13,2.86,,10.02,,285.8,,0,,
2023-03-27 14,2.86,,10.01,,285.9,,0,,
2023-03-27 15,2.86,,10.01,,285.9,,0,,
2023-03-27 16,2.86,,10.01,,285.9,,0,,
2023-03-27 17,2.86,,10.01,,285.9,,0,,
2023-03-27 18,2.85,,10.01,,284.4,,0,,
2023-03-27 19,2.8,,9.87,,284,,0,,
2023-03-27 20,2.79,,9.62,,289.6,,0,,
2023-03-27 21,2.77,,9.52,,290.5,,0,,
2023-03-27 22,2.76,,9.48,,290.8,,0,,
2023-03-27 23,2.75,,9.47,,290.1,,0,,
2023-03-28 00,2.75,,9.47,,290,,0,,
2023-03-28 01,2.74,,9.46,,290,,0,,
2023-03-28 02,2.74,,9.46,,290,,0,,
2023-03-28 03,2.74,,9.45,,290.1,,0,,
2023-03-28 04,2.74,,9.44,,290.1,,0,,
2023-03-28 05,2.74,,9.44,,290.2,,0,,
2023-03-28 06,2.74,,9.43,,290.2,,0,,
2023-03-28 07,2.73,,9.42,7.62,290.3,,0,,
2023-03-28 08,2.73,,9.41,,290.3,,0,,
2023-03-28 09,2.73,,9.4,,290.4,,0,,
2023-03-28 10,2.73,,9.4,,290.4,,0,,
2023-03-28 11,2.73,,9.39,,290.4,,0,,
2023-03-28 12,2.73,,9.39,,290.5,,0,,
2023-03-28 13,2.73,,9.38,,290.5,,0,,
2023-03-28 14,2.72,,9.38,,290.5,,0,,
2023-03-28 15,2.72,,9.37,,290.6,,0,,
2023-03-28 16,2.72,,9.37,,290.6,,0,,
2023-03-28 17,2.72,,9.36,,290.7,,0,,
2023-03-28 18,2.72,,9.35,,290.7,,0,,
2023-03-28 19,2.72,,9.35,,290.7,,0,,
2023-03-28 20,2.72,,9.34,,290.8,,0,,
2023-03-28 21,2.71,,9.33,,290.8,,0,,
2023-03-28 22,2.71,,9.32,,290.9,,0,,
2023-03-28 23,2.71,,9.31,,290.9,,0,,
2023-03-29 00,2.71,,9.3,,291,,0,,
2023-03-29 01,2.7,,9.29,,291,,0,,
2023-03-29 02,2.7,,9.29,,291.1,,0,,
2023-03-29 03,2.7,,9.28,,291.1,,0,,
2023-03-29 04,2.7,,9.28,,291.1,,0,,
2023-03-29 05,2.7,,9.27,,291.2,,0,,
2023-03-29 06,2.7,,9.27,,291.2,,0,,
2023-03-29 07,2.7,,9.27,,291.2,,0,,
2023-03-29 08,2.7,,9.26,,291.3,,0,,
2023-03-29 09,2.7,,9.26,,291.3,,0,,
2023-03-29 10,2.7,,9.25,,291.3,,0,,
2023-03-29 11,2.7,,9.25,,291.3,,0,,
2023-03-29 12,2.69,,9.25,,291.4,,0,,
2023-03-29 13,2.69,,9.25,,291.4,,0,,
2023-03-29 14,2.69,,9.24,,291.4,,0,,
2023-03-29 15,2.69,,9.23,,291.5,,0,,
2023-03-29 16,2.69,,9.22,,291.5,,0,,
2023-03-29 17,2.67,,9.21,,289.9,,0,,
2023-03-29 18,2.6,,9.08,,286.2,,0,,
2023-03-29 19,2.59,,8.37,,309.5,,0.13,,
2023-03-29 20,2.54,,7.76,,327.5,,2.09,,
2023-03-29 21,2.3,,7.1,,323.3,,0.12,,
2023-03-29 22,2.29,,7.09,,323.3,,1.97,,
2023-03-29 23,2.07,,7.09,,292.1,,0.77,,
2023-03-30 00,1.99,,6.66,,298.5,,0.77,,
2023-03-30 01,1.94,,6.17,,314.8,,1.07,,
2023-03-30 02,1.9,,6.27,,302.6,,0.77,,
2023-03-30 03,1.93,,6.4,,301.2,,1.37,,
2023-03-30 04,2.07,,7.84,,264,,1.5,,
2023-03-30 05,1.91,,7.79,,245.3,,0,,
2023-03-30 06,1.91,,7.76,,245.5,,0,,
2023-03-30 07,1.87,,7.63,,245.6,,0,Assim,
2023-03-30 08,1.84,,7.51,,245.7,,0,Assim,
2023-03-30 09,1.81,,7.38,,245.8,,0,Assim,
2023-03-30 10,1.78,,7.26,,245.9,,0,Assim,
2023-03-30 11,1.76,,7.14,,246,,0,Assim,
2023-03-30 12,1.73,,7.02,,246.1,,0,Assim,
2023-03-30 13,1.72,,7.01,,246.1,,0,,
2023-03-30 14,1.72,,7,,246.2,,0,,
2023-03-30 15,1.72,,6.98,,246.3,,0,,
2023-03-30 16,1.71,,6.96,,246.4,,0,,
2023-03-30 17,1.71,,6.94,,246.5,,0,,
2023-03-30 18,1.71,,6.92,,246.6,,0,,
2023-03-30 19,1.7,,6.89,,246.7,,0,,
2023-03-30 20,1.69,,6.86,,246.8,,0,,
2023-03-30 21,1.69,,6.83,,247,,0,,
2023-03-30 22,1.68,,6.79,,247.1,,0,,
2023-03-30 23,1.67,,6.76,,247.3,,0,,
2023-03-31 00,1.67,,6.74,,247.4,,0,,
2023-03-31 01,1.66,,6.72,,247.5,,0,,
2023-03-31 02,1.66,,6.71,,247.6,,0,,
2023-03-31 03,1.66,,6.69,,247.7,,0,,
2023-03-31 04,1.66,,6.68,,247.7,,0,,
2023-03-31 05,1.65,,6.67,,247.8,,0,,
2023-03-31 06,1.65,,6.66,,247.9,,0,,
2023-03-31 07,1.65,,6.66,,247.9,,0,,
2023-03-31 08,1.65,,6.65,,248,,0,,
2023-03-31 09,1.65,,6.65,,248,,0,,
2023-03-31 10,1.65,,6.65,,248.1,,0,,
2023-03-31 11,1.65,,6.64,,248.1,,0,,
2023-03-31 12,1.65,,6.64,,248.1,,0,,
2023-03-31 13,1.65,,6.63,,248.2,,0,,
2023-03-31 14,1.64,,6.62,,248.3,,0,,
2023-03-31 15,1.64,,6.61,,248.3,,0,,
2023-03-31 16,1.64,,6.6,,248.4,,0,,
2023-03-31 17,1.64,,6.59,,248.5,,0,,
2023-03-31 18,1.63,,6.57,,248.6,,0,,
2023-03-31 19,1.63,,6.56,,248.7,,0,,
2023-03-31 20,1.63,,6.54,,248.8,,0,,
2023-03-31 21,1.63,,6.54,,249.2,,0,,
2023-03-31 22,1.68,,6.73,,249.3,,0,,
2023-03-31 23,1.78,,7.23,,245.9,,0,,
2023-04-01 00,1.84,,7.49,,245.2,,0,,
2023-04-01 01,1.89,,7.8,,241.8,,0,,
2023-04-01 02,1.9,,7.84,,242.6,,0,,
2023-04-01 03,1.92,,7.86,,244.5,,0,,
2023-04-01 04,1.93,,7.87,,245.8,,0,,
2023-04-01 05,1.94,,7.86,,246.1,,0,,
2023-04-01 06,1.95,,7.88,,247.6,,0,,
2023-04-01 07,1.99,,7.91,,251.4,,0,,
2023-04-01 08,2.05,,7.97,,257.3,,0,,
2023-04-01 09,2.05,,7.98,,257.3,,0,,
2023-04-01 10,2.06,,7.98,,257.6,,0,,
2023-04-01 11,2.13,,8.05,,264.4,,0,,
2023-04-01 12,2.28,,8.28,,275,,0,,
2023-04-01 13,2.52,,8.6,,293.5,,2.21,,
2023-04-01 14,2.37,,7.36,,321.8,,2.51,,
2023-04-01 15,2.1,,7.38,,285.2,,0,,
2023-04-01 16,2.04,,7.43,,274.5,,0.06,,
2023-04-01 17,2,,6.65,,301.3,,2.21,,
2023-04-01 18,1.73,,5.05,,342.3,,6.04,,
2023-04-01 19,1.14,,2.2,,517.9,,5.61,,
2023-04-01 20,0.59,,2.3,,255.5,,5.87,,
2023-04-01 21,0,,0,,,,,,
2023-04-01 22,0,,0,,,,,,
2023-04-01 23,0,,0,,,,,,
2023-04-02 00,0,,0,,,,,,
2023-04-02 01,0,,0,,,,,,
2023-04-02 02,0,,0,,,,,,
2023-04-02 03,0,,0,,,,,,
2023-04-02 04,0,,0,,,,,,
2023-04-02 05,0,,0,,,,,,
2023-04-02 06,0,,0,,,,,,
2023-04-02 07,0,,0,,,,,,
2023-04-02 08,0,,0,,,,,,
2023-04-02 09,0,,0,,,,,,
2023-04-02 10,0,,0,,,,,,
2023-04-02 11,0,,0,,,,,,
2023-04-02 12,0,,0,,,,,,
2023-04-02 13,0,,0,,,,,,
2023-04-02 14,0,,0,,,,,,
2023-04-02 15,0,,0,,,,,,
2023-04-02 16,0,,0,,,,,,
2023-04-02 17,0,,0,,,,,,
2023-04-02 18,0,,0,,,,,,
2023-04-02 19,0,,0,,,,,,
2023-04-02 20,0,,0,,,,,,
2023-04-02 21,0,,0,,,,,,
2023-04-02 22,0,,0,,,,,,
2023-04-02 23,0,,0,,,,,,
2023-04-03 00,0,,0,,,,,,
2023-04-03 01,0,,0,,,,,,
2023-04-03 02,0,,0,,,,,,
2023-04-03 03,0,,0,,,,,,
2023-04-03 04,0,,0,,,,,,
2023-04-03 05,0,,0,,,,,,
2023-04-03 06,0,,0,,,,,,
2023-04-03 07,0,,0,,,,,,
2023-04-03 08,0,,0,,,,,,
2023-04-03 09,0,,0,,,,,,
2023-04-03 10,0,,0,,,,,,
2023-04-03 11,0,,0,,,,,,
2023-04-03 12,0,,0,,,,,,
2023-04-03 13,0,,0,,,,,,
2023-04-03 14,0,,0,,,,,,
2023-04-03 15,0,,0,,,,,,
2023-04-03 16,0,,0,,,,,,
2023-04-03 17,0,,0,,,,,,
2023-04-03 18,0,,0,,,,,,
2023-04-03 19,0,,0,,,,,,
2023-04-03 20,0,,0,,,,,,
2023-04-03 21,0,,0,,,,,,
2023-04-03 22,0,,0,,,,,,
2023-04-03 23,0,,0,,,,,,
2023-04-04 00,0,,0,,,,,,
2023-04-04 01,0,,0,,,,,,
2023-04-04 02,0,,0,,,,,,
2023-04-04 03,0,,0,,,,,,
2023-04-04 04,0,,0,,,,,,
2023-04-04 05,0,,0,,,,,,
2023-04-04 06,0,,0,,,,,,
2023-04-04 07,0,,0,,,,,,
2023-04-04 08,0,,0,,,,,,
2023-04-04 09,0,,0,,,,,,
2023-04-04 10,0,,0,,,,,,
2023-04-04 11,0,,0,,,,,,
2023-04-04 12,0,,0,,,,,,
2023-04-04 13,0,,0,,,,,,
2023-04-04 14,0,,0,,,,,,
2023-04-04 15,0,,0,,,,,,
2023-04-04 16,0,,0,,,,,,
2023-04-04 17,0,,0,,,,,,
2023-04-04 18,0,,0,,,,,,
2023-04-04 19,0,,0,,,,,,
2023-04-04 20,0,,0,,,,,,
2023-04-04 21,0,,0,,,,,,
2023-04-04 22,0,,0,,,,,,
2023-04-04 23,0,,0,,,,,,
2023-04-05 00,0,,0,,,,,,
2023-04-05 01,0,,0,,,,,,
2023-04-05 02,0,,0,,,,,,
2023-04-05 03,0,,0,,,,,,
2023-04-05 04,0,,0,,,,,,
2023-04-05 05,0,,0,,,,,,
2023-04-05 06,0,,0,,,,,,
2023-04-05 07,0,,0,,,,,,
2023-04-05 08,0,,0,,,,,,
2023-04-05 09,0,,0,,,,,,
2023-04-05 10,0,,0,,,,,,
2023-04-05 11,0,,0,,,,,,
2023-04-05 12,0,,0,,,,,,
2023-04-05 13,0,,0,,,,,,
2023-04-05 14,0,,0,,,,,,
2023-04-05 15,0,,0,,,,,,
2023-04-05 16,0,,0,,,,,,
2023-04-05 17,0,,0,,,,,,
2023-04-05 18,0,,0,,,,,,
2023-04-05 19,0,,0,,,,,,
2023-04-05 20,0,,0,,,,,,
2023-04-05 21,0,,0,,,,,,
2023-04-05 22,0,,0,,,,,,
2023-04-05 23,0,,0,,,,,,
2023-04-06 00,0,,0,,,,,,
2023-04-06 01,0,,0,,,,,,
2023-04-06 02,0,,0,,,,,,
2023-04-06 03,0,,0,,,,,,
2023-04-06 04,0,,0,,,,,,
2023-04-06 05,0,,0,,,,,,
2023-04-06 06,0,,0,,,,,,
2023-04-06 07,0,,0,,,,,,
2023-04-06 08,0,,0,,,,,,
2023-04-06 09,0,,0,0,,,,,
2023-04-06 10,0,,0,,,,,,
2023-04-06 11,0,,0,,,,,,
2023-04-06 12,0,,0,,,,,,
2023-04-06 13,0,,0,,,,,,
2023-04-06 14,0,,0,,,,,,
2023-04-06 15,0,,0,,,,,,
2023-04-06 16,0,,0,,,,,,
2023-04-06 17,0,,0,,,,,,
2023-04-06 18,0,,0,,,,,,
2023-04-06 19,0,,0,,,,,,
2023-04-06 20,0,,0,,,,,,
2023-04-06 21,0,,0,,,,,,
2023-04-06 22,0,,0,,,,,,
2023-04-06 23,0,,0,,,,,,
2023-04-07 00,0,,0,,,,,,
2023-04-07 01,0,,0,,,,,,
2023-04-07 02,0,,0,,,,,,
2023-04-07 03,0,,0,,,,,,
2023-04-07 04,0,,0,,,,,,
2023-04-07 05,0,,0,,,,,,
2023-04-07 06,0,,0,,,,,,
2023-04-07 07,0,,0,,,,,,
2023-04-07 08,0,,0,,,,,,
2023-04-07 09,0,,0,,,,,,
2023-04-07 10,0,,0,,,,,,
2023-04-07 11,0,,0,0,,,,,
2023-04-07 12,0,,0,,,,,,
2023-04-07 13,0,,0,,,,,,
2023-04-07 14,0,,0,,,,,,
2023-04-07 15,0,,0,,,,,,
2023-04-07 16,0,,0,,,,,,
2023-04-07 17,0,,0,,,,,,
2023-04-07 18,0,,0,,,,,,
2023-04-07 19,0,,0,,,,,,
2023-04-07 20,0,,0,,,,,,
2023-04-07 21,0,,0,,,,,,
2023-04-07 22,0,,0,,,,,,
2023-04-07 23,0,,0,,,,,,
2023-04-08 00,0,,0,,,,,,
2023-04-08 01,0,,0,,,,,,
2023-04-08 02,0,,0,,,,,,
2023-04-08 03,0,,0,,,,,,
2023-04-08 04,0,,0,,,,,,
2023-04-08 05,0,,0,,,,,,
2023-04-08 06,0,,0,,,,,,
2023-04-08 07,0,,0,,,,,,
2023-04-08 08,0,,0,,,,,,
2023-04-08 09,0,,0,,,,,,
2023-04-08 10,0,,0,,,,,,
2023-04-08 11,0,,0,,,,,,
2023-04-08 12,0,,0,0,,,,,
2023-04-08 13,0,,0,,,,,,
2023-04-08 14,0,,0,,,,,,
2023-04-08 15,0,,0,,,,,,
2023-04-08 16,0,,0,,,,,,
2023-04-08 17,0,,0,,,,,,
2023-04-08 18,0,,0,,,,,,
2023-04-08 19,0,,0,,,,,,
2023-04-08 20,0,,0,,,,,,
2023-04-08 21,0,,0,,,,,,
2023-04-08 22,0,,0,,,,,,
2023-04-08 23,0,,0,,,,,,
2023-04-09 00,0,,0,,,,,,
2023-04-09 01,0,,0,,,,,,
2023-04-09 02,0,,0,,,,,,
2023-04-09 03,0,,0,,,,,,
2023-04-09 04,0,,0,,,,,,
2023-04-09 05,0,,0,,,,,,
2023-04-09 06,0,,0,,,,,,
2023-04-09 07,0,,0,,,,,,
2023-04-09 08,0,,0,,,,,,
2023-04-09 09,0,,0,,,,,,
2023-04-09 10,0,,0,0,,,,,
2023-04-09 11,0,,0,,,,,,
2023-04-09 12,0,,0,,,,,,
2023-04-09 13,0,,0,,,,,,
2023-04-09 14,0,,0,,,,,,
2023-04-09 15,0,,0,,,,,,
2023-04-09 16,0,,0,,,,,,
2023-04-09 17,0,,0,,,,,,
2023-04-09 18,0,,0,,,,,,
2023-04-09 19,0,,0,,,,,,
2023-04-09 20,0,,0,,,,,,
2023-04-09 21,0,,0,,,,,,
2023-04-09 22,0,,0,,,,,,
2023-04-09 23,0,,0,,,,,,
2023-04-10 00,0,,0,,,,,,
2023-04-10 01,0,,0,,,,,,
2023-04-10 02,0,,0,,,,,,
2023-04-10 03,0,,0,,,,,,
2023-04-10 04,0,,0,,,,,,
2023-04-10 05,0,,0,,,,,,
2023-04-10 06,0,,0,,,,,,
2023-04-10 07,0,,0,,,,,,
2023-04-10 08,0,,0,,,,,,
2023-04-10 09,0,,0,0,,,,,
2023-04-10 10,0,,0,,,,,,
2023-04-10 11,0,,0,,,,,,
2023-04-10 12,0,,0,,,,,,
2023-04-10 13,0,,0,,,,,,
2023-04-10 14,0,,0,,,,,,
2023-04-10 15,0,,0,,,,,,
2023-04-10 16,0,,0,,,,,,
2023-04-10 17,0,,0,,,,,,
2023-04-10 18,0,,0,,,,,,
2023-04-10 19,0,,0,,,,,,
2023-04-10 20,0,,0,,,,,,
2023-04-10 21,0,,0,,,,,,
2023-04-10 22,0,,0,,,,,,
2023-04-10 23,0,,0,,,,,,
2023-04-11 00,0,,0,,,,,,
2023-04-11 01,0,,0,,,,,,
2023-04-11 02,0,,0,,,,,,
2023-04-11 03,0,,0,,,,,,
2023-04-11 04,0,,0,,,,,,
2023-04-11 05,0,,0,,,,,,
2023-04-11 06,0,,0,,,,,,
2023-04-11 07,0,,0,,,,,,
2023-04-11 08,0,,0,,,,,,
2023-04-11 09,0,,0,0,,,,,
2023-04-11 10,0,,0,,,,,,
2023-04-11 11,0,,0,,,,,,
2023-04-11 12,0,,0,,,,,,
2023-04-11 13,0,,0,,,,,,
2023-04-11 14,0,,0,,,,,,
2023-04-11 15,0,,0,,,,,,
2023-04-11 16,0,,0,,,,,,
2023-04-11 17,0,,0,,,,,,
2023-04-11 18,0,,0,,,,,,
2023-04-11 19,0,,0,,,,,,
2023-04-11 20,0,,0,,,,,,
2023-04-11 21,0,,0,,,,,,
2023-04-11 22,0,,0,,,,,,
2023-04-11 23,0,,0,,,,,,
2023-04-12 00,0,,0,,,,,,
2023-04-12 01,0,,0,,,,,,
2023-04-12 02,0,,0,,,,,,
2023-04-12 03,0,,0,,,,,,
2023-04-12 04,0,,0,,,,,,
2023-04-12 05,0,,0,,,,,,
2023-04-12 06,0,,0,,,,,,
2023-04-12 07,0,,0,,,,,,
2023-04-12 08,0,,0,,,,,,
2023-04-12 09,0,,0,,,,,,
2023-04-12 10,0,,0,,,,,,
2023-04-12 11,0,,0,,,,,,
2023-04-12 12,0,,0,,,,,,
2023-04-12 13,0,,0,,,,,,
2023-04-12 14,0,,0,,,,,,
2023-04-12 15,0,,0,,,,,,
2023-04-12 16,0,,0,,,,,,
2023-04-12 17,0,,0,,,,,,
2023-04-12 18,0,,0,,,,,,
2023-04-12 19,0,,0,,,,,,
2023-04-12 20,0,,0,,,,,,
2023-04-12 21,0,,0,,,,,,
2023-04-12 22,0,,0,,,,,,
2023-04-12 23,0,,0,,,,,,
2023-04-13 00,0,,0,,,,,,
2023-04-13 01,0,,0,,,,,,
2023-04-13 02,0,,0,,,,,,
2023-04-13 03,0,,0,,,,,,
2023-04-13 04,0,,0,,,,,,
2023-04-13 05,0,,0,,,,,,
2023-04-13 06,0,,0,,,,,,
2023-04-13 07,0,,0,,,,,,
2023-04-13 08,0,,0,,,,,,
2023-04-13 09,0,,0,0,,,,,
2023-04-13 10,0,,0,,,,,,
2023-04-13 11,0,,0,,,,,,
2023-04-13 12,0,,0,,,,,,
2023-04-13 13,0,,0,,,,,,
2023-04-13 14,0,,0,,,,,,
2023-04-13 15,0,,0,,,,,,
2023-04-13 16,0,,0,,,,,,
2023-04-13 17,0,,0,,,,,,
2023-04-13 18,0,,0,,,,,,
2023-04-13 19,0,,0,,,,,,
2023-04-13 20,0,,0,,,,,,
2023-04-13 21,0,,0,,,,,,
2023-04-13 22,0,,0,,,,,,
2023-04-13 23,0,,0,,,,,,
2023-04-14 00,0,,0,,,,,,
2023-04-14 01,0,,0,,,,,,
2023-04-14 02,0,,0,,,,,,
2023-04-14 03,0,,0,,,,,,
2023-04-14 04,0,,0,,,,,,
2023-04-14 05,0,,0,,,,,,
2023-04-14 06,0,,0,,,,,,
2023-04-14 07,0,,0,,,,,,
2023-04-14 08,0,,0,,,,,,
2023-04-14 09,0,,0,,,,,,
2023-04-14 10,0,,0,0,,,,,
2023-04-14 11,0,,0,,,,,,
2023-04-14 12,0,,0,,,,,,
2023-04-14 13,0,,0,,,,,,
2023-04-14 14,0,,0,,,,,,
2023-04-14 15,0,,0,,,,,,
2023-04-14 16,0,,0,,,,,,
2023-04-14 17,0,,0,,,,,,
2023-04-14 18,0,,0,,,,,,
2023-04-14 19,0,,0,,,,,,
2023-04-14 20,0,,0,,,,,,
2023-04-14 21,0,,0,,,,,,
2023-04-14 22,0,,0,,,,,,
2023-04-14 23,0,,0,,,,,,
2023-04-15 00,0,,0,,,,,,
2023-04-15 01,0,,0,,,,,,
2023-04-15 02,0,,0,,,,,,
2023-04-15 03,0,,0,,,,,,
2023-04-15 04,0,,0,,,,,,
2023-04-15 05,0,,0,,,,,,
2023-04-15 06,0,,0,,,,,,
