"Site","Datetime","Q_total","Q_old","Q_new"
"Hungerford",2022-03-05 00:02:00,1.137528313,0.17804512429327,0.95948318870673
"Hungerford",2022-03-05 00:17:00,1.142011296,0.17848951542664,0.96352178057336
"Hungerford",2022-03-05 00:32:00,1.142011296,0.161058647433624,0.980952648566376
"Hungerford",2022-03-05 00:47:00,1.133055288,0.173069329262518,0.959985958737482
"Hungerford",2022-03-05 01:02:00,1.137528313,0.174072904895579,0.963455408104421
"Hungerford",2022-03-05 01:17:00,1.142011296,0.175530770306055,0.966480525693945
"Hungerford",2022-03-05 01:32:00,1.137528313,0.167730167470234,0.969798145529766
"Hungerford",2022-03-05 01:47:00,1.142011296,0.166397252759899,0.975614043240101
"Hungerford",2022-03-05 02:02:00,1.133055288,0.164071255727852,0.968984032272148
"Hungerford",2022-03-05 02:17:00,1.142011296,0.163888751462011,0.978122544537989
"Hungerford",2022-03-05 02:32:00,1.142011296,0.171800178632273,0.970211117367727
"Hungerford",2022-03-05 02:47:00,1.142011296,0.353763003548296,0.788248292451704
"Hungerford",2022-03-05 03:02:00,1.146504242,0.163435777893664,0.983068464106336
"Hungerford",2022-03-05 03:17:00,1.146504242,0.162338026718558,0.984166215281442
"Hungerford",2022-03-05 03:32:00,1.128592217,0.160183181460997,0.968409035539003
"Hungerford",2022-03-05 03:47:00,1.137528313,0.170356957717094,0.967171355282906
"Hungerford",2022-03-05 04:02:00,1.137528313,0.160426409222867,0.977101903777133
"Hungerford",2022-03-05 04:17:00,1.151007158,0.0268384659764572,1.12416869202354
"Hungerford",2022-03-05 04:32:00,1.146504242,0.186875994162095,0.959628247837905
"Hungerford",2022-03-05 04:47:00,1.142011296,0.192961638299071,0.949049657700929
"Hungerford",2022-03-05 05:02:00,1.133055288,0.383790171897043,0.749265116102957
"Hungerford",2022-03-05 05:17:00,1.137528313,0.42528374777212,0.712244565227879
"Hungerford",2022-03-05 05:32:00,1.137528313,0.453345555775162,0.684182757224838
"Hungerford",2022-03-05 05:47:00,1.137528313,0.471861223612785,0.665667089387215
"Hungerford",2022-03-05 06:02:00,1.133055288,0.491511789815601,0.641543498184399
"Hungerford",2022-03-05 06:17:00,1.133055288,0.497127608759223,0.635927679240777
"Hungerford",2022-03-05 06:32:00,1.133055288,0.518761274917038,0.614294013082962
"Hungerford",2022-03-05 06:47:00,1.137528313,0.531957059016559,0.605571253983441
"Hungerford",2022-03-05 07:02:00,1.137528313,0.540862518633962,0.596665794366038
"Hungerford",2022-03-05 07:17:00,1.137528313,0.556174783731512,0.581353529268488
"Hungerford",2022-03-05 07:32:00,1.133055288,0.567708242300648,0.565347045699352
"Hungerford",2022-03-05 07:47:00,1.142011296,0.582744147663193,0.559267148336806
"Hungerford",2022-03-05 08:02:00,1.137528313,0.587888470858237,0.549639842141763
"Hungerford",2022-03-05 08:17:00,1.133055288,0.596999843381583,0.536055444618417
"Hungerford",2022-03-05 08:32:00,1.133055288,0.609507803756012,0.523547484243988
"Hungerford",2022-03-05 08:47:00,1.128592217,0.605454287069839,0.523137929930161
"Hungerford",2022-03-05 09:02:00,1.137528313,0.61120924280597,0.52631907019403
"Hungerford",2022-03-05 09:17:00,1.133055288,0.624249328483019,0.508805959516981
"Hungerford",2022-03-05 09:32:00,1.128592217,0.65281002920811,0.47578218779189
"Hungerford",2022-03-05 09:47:00,1.133055288,0.668154822042242,0.464900465957758
"Hungerford",2022-03-05 10:02:00,1.133055288,0.678684482561532,0.454370805438468
"Hungerford",2022-03-05 10:17:00,1.128592217,0.689486892582315,0.439105324417685
"Hungerford",2022-03-05 10:32:00,1.133055288,0.705040541921938,0.428014746078062
"Hungerford",2022-03-05 10:47:00,1.128592217,0.712179509955956,0.416412707044044
"Hungerford",2022-03-05 11:02:00,1.142011296,0.724120707990313,0.417890588009687
"Hungerford",2022-03-05 11:17:00,1.128592217,0.725718802674683,0.402873414325317
"Hungerford",2022-03-05 11:32:00,1.128592217,0.734490738802309,0.394101478197691
"Hungerford",2022-03-05 11:47:00,1.133055288,0.736374258982371,0.396681029017629
"Hungerford",2022-03-05 12:02:00,1.133055288,0.753987509305548,0.379067778694452
"Hungerford",2022-03-05 12:17:00,1.151007158,0.768591431441735,0.382415726558265
"Hungerford",2022-03-05 12:32:00,1.128592217,0.76614598656722,0.36244623043278
"Hungerford",2022-03-05 12:47:00,1.133055288,0.770834966136412,0.362220321863588
"Hungerford",2022-03-05 13:02:00,1.137528313,0.779772294988623,0.357756018011377
"Hungerford",2022-03-05 13:17:00,1.133055288,0.789596906698057,0.343458381301943
"Hungerford",2022-03-05 13:32:00,1.142011296,0.802334492047536,0.339676803952464
"Hungerford",2022-03-05 13:47:00,1.137528313,0.798544235045452,0.338984077954548
"Hungerford",2022-03-05 14:02:00,1.133055288,0.798020635113489,0.335034652886511
"Hungerford",2022-03-05 14:17:00,1.137528313,0.813087683485384,0.324440629514616
"Hungerford",2022-03-05 14:32:00,1.137528313,0.820199237568347,0.317329075431653
"Hungerford",2022-03-05 14:47:00,1.146504242,0.828995858000338,0.317508383999662
"Hungerford",2022-03-05 15:02:00,1.142011296,0.830056647416502,0.311954648583498
"Hungerford",2022-03-05 15:17:00,1.142011296,0.835909817111574,0.306101478888426
"Hungerford",2022-03-05 15:32:00,1.151007158,0.849106829371107,0.301900328628893
"Hungerford",2022-03-05 15:47:00,1.133055288,0.833949113127795,0.299106174872205
"Hungerford",2022-03-05 16:02:00,1.133055288,0.838160977335511,0.294894310664489
"Hungerford",2022-03-05 16:17:00,1.128592217,0.846364706806815,0.282227510193185
"Hungerford",2022-03-05 16:32:00,1.133055288,0.851307098953534,0.281748189046466
"Hungerford",2022-03-05 16:47:00,1.133055288,0.851307098953534,0.281748189046466
"Hungerford",2022-03-05 17:02:00,1.142011296,0.85546326312588,0.28654803287412
"Hungerford",2022-03-05 17:17:00,1.133055288,0.856859101772796,0.276196186227204
"Hungerford",2022-03-05 17:32:00,1.137528313,0.862227881518108,0.275300431481892
"Hungerford",2022-03-05 17:47:00,1.146504242,0.865092499581751,0.281411742418249
"Hungerford",2022-03-05 18:02:00,1.146504242,0.854244135027767,0.292260106972233
"Hungerford",2022-03-05 18:17:00,1.137528313,0.849542406667418,0.287985906332582
"Hungerford",2022-03-05 18:32:00,1.137528313,0.84569832337933,0.29182998962067
"Hungerford",2022-03-05 18:47:00,1.137528313,0.853450558010307,0.284077754989693
"Hungerford",2022-03-05 19:02:00,1.133055288,0.86802692353568,0.26502836446432
"Hungerford",2022-03-05 19:17:00,1.142011296,0.882670854126049,0.259340441873951
"Hungerford",2022-03-05 19:32:00,1.146504242,0.888403568653112,0.258100673346888
"Hungerford",2022-03-05 19:47:00,1.142011296,0.886272804707632,0.255738491292368
"Hungerford",2022-03-05 20:02:00,1.142011296,0.894312872970093,0.247698423029907
"Hungerford",2022-03-05 20:17:00,1.142011296,0.903767993246748,0.238243302753252
"Hungerford",2022-03-05 20:32:00,1.137528313,0.900348374124979,0.237179938875021
"Hungerford",2022-03-05 20:47:00,1.128592217,0.892004200572289,0.236588016427711
"Hungerford",2022-03-05 21:02:00,1.137528313,0.905601954618699,0.231926358381301
"Hungerford",2022-03-05 21:17:00,1.142011296,0.785932752792115,0.356078543207885
"Hungerford",2022-03-05 21:32:00,1.133055288,0.586597815111011,0.546457472888989
"Hungerford",2022-03-05 21:47:00,1.133055288,0.495021676655365,0.638033611344635
"Hungerford",2022-03-05 22:02:00,1.128592217,0.271930019956407,0.856662197043593
"Hungerford",2022-03-05 22:17:00,1.128592217,0.4706334426735,0.6579587743265
"Hungerford",2022-03-05 22:32:00,1.137528313,0.258258328904703,0.879269984095297
"Hungerford",2022-03-05 22:47:00,1.124139093,0.489163538863306,0.634975554136694
"Hungerford",2022-03-05 23:02:00,1.128592217,0.503814244547564,0.624777972452436
"Hungerford",2022-03-05 23:17:00,1.128592217,0.579202043441509,0.549390173558491
"Hungerford",2022-03-05 23:32:00,1.142011296,0.623780656074796,0.518230639925204
"Hungerford",2022-03-05 23:47:00,1.142011296,0.66243730428071,0.47957399171929
"Hungerford",2022-03-06 00:02:00,1.137528313,0.68424682527964,0.45328148772036
"Hungerford",2022-03-06 00:17:00,1.128592217,0.704933127937482,0.423659089062518
"Hungerford",2022-03-06 00:32:00,1.142011296,0.743545512912419,0.398465783087581
"Hungerford",2022-03-06 00:47:00,1.137528313,0.751390146711574,0.386138166288426
"Hungerford",2022-03-06 01:02:00,1.128592217,0.760997241448831,0.367594975551169
"Hungerford",2022-03-06 01:17:00,1.128592217,0.778286854685891,0.350305362314109
"Hungerford",2022-03-06 01:32:00,1.128592217,0.787885132622642,0.340707084377358
"Hungerford",2022-03-06 01:47:00,1.128592217,0.800534518777696,0.328057698222304
"Hungerford",2022-03-06 02:02:00,1.128592217,0.811340527050859,0.317251689949141
"Hungerford",2022-03-06 02:17:00,1.133055288,0.829481984422642,0.303573303577358
"Hungerford",2022-03-06 02:32:00,1.124139093,0.832768318233117,0.291370774766883
"Hungerford",2022-03-06 02:47:00,1.124139093,0.840302677684934,0.283836415315066
"Hungerford",2022-03-06 03:02:00,1.128592217,0.852848311770713,0.275743905229287
"Hungerford",2022-03-06 03:17:00,1.119695913,0.851107634010025,0.268588278989975
"Hungerford",2022-03-06 03:32:00,1.137528313,0.879205916040496,0.258322396959504
"Hungerford",2022-03-06 03:47:00,1.137528313,0.8837547479314,0.2537735650686
"Hungerford",2022-03-06 04:02:00,1.128592217,0.874778152089777,0.253814064910223
"Hungerford",2022-03-06 04:17:00,1.128592217,0.886346937417516,0.242245279582484
"Hungerford",2022-03-06 04:32:00,1.137528313,0.906178567111912,0.231349745888088
"Hungerford",2022-03-06 04:47:00,1.133055288,0.908613978628217,0.224441309371783
"Hungerford",2022-03-06 05:02:00,1.142011296,0.910778932771614,0.231232363228386
"Hungerford",2022-03-06 05:17:00,1.133055288,0.906827127146156,0.226228160853844
"Hungerford",2022-03-06 05:32:00,1.133055288,0.91320873958209,0.21984654841791
"Hungerford",2022-03-06 05:47:00,1.137528313,0.919760994729823,0.217767318270177
"Hungerford",2022-03-06 06:02:00,1.142011296,0.933870008821402,0.208141287178598
"Hungerford",2022-03-06 06:17:00,1.137528313,0.934176307060152,0.203352005939848
"Hungerford",2022-03-06 06:32:00,1.142011296,0.94268192363706,0.19932937236294
"Hungerford",2022-03-06 06:47:00,1.133055288,0.934523325118107,0.198531962881893
"Hungerford",2022-03-06 07:02:00,1.146504242,0.953364608779949,0.193139633220051
"Hungerford",2022-03-06 07:17:00,1.146504242,0.956076699918445,0.190427542081555
"Hungerford",2022-03-06 07:32:00,1.146504242,0.923596179855027,0.222908062144973
"Hungerford",2022-03-06 07:47:00,1.146504242,0.913458124884934,0.233046117115066
"Hungerford",2022-03-06 08:02:00,1.146504242,0.89285914695207,0.25364509504793
"Hungerford",2022-03-06 08:17:00,1.146504242,0.898799918017347,0.247704323982653
"Hungerford",2022-03-06 08:32:00,1.142011296,0.545502551471473,0.596508744528527
"Hungerford",2022-03-06 08:47:00,1.142011296,0.130442067490172,1.01156922850983
"Hungerford",2022-03-06 09:02:00,1.146504242,0.102413727277499,1.0440905147225
"Hungerford",2022-03-06 09:17:00,1.151007158,0.203881583323571,0.947125574676429
"Hungerford",2022-03-06 09:32:00,1.155520046,0.195569571288651,0.959950474711349
"Hungerford",2022-03-06 09:47:00,1.151007158,0.19428715587305,0.95672000212695
"Hungerford",2022-03-06 10:02:00,1.164575765,0.201234494340749,0.963341270659251
"Hungerford",2022-03-06 10:17:00,1.169118605,0.198463727145593,0.970654877854407
"Hungerford",2022-03-06 10:32:00,1.164575765,0.187985026330048,0.976590738669952
"Hungerford",2022-03-06 10:47:00,1.182807109,0.183533291202197,0.999273817797803
"Hungerford",2022-03-06 11:02:00,1.191982815,0.159915689401859,1.03206712559814
"Hungerford",2022-03-06 11:17:00,1.205821529,0.180584592825176,1.02523693617482
"Hungerford",2022-03-06 11:32:00,1.205821529,0.183708658740918,1.02211287025908
"Hungerford",2022-03-06 11:47:00,1.2150975,0.0780180878625742,1.13707941213743
"Hungerford",2022-03-06 12:02:00,1.219750549,0.149969892901549,1.06978065609845
"Hungerford",2022-03-06 12:17:00,1.233770011,0.596351125564742,0.637418885435258
"Hungerford",2022-03-06 12:32:00,1.252603545,0.229426456116023,1.02317708888398
"Hungerford",2022-03-06 12:47:00,1.266834558,0.218262287407604,1.0485722705924
"Hungerford",2022-03-06 13:02:00,1.276372384,0.213435629856153,1.06293675414385
"Hungerford",2022-03-06 13:17:00,1.305228623,0.218334497905379,1.08689412509462
"Hungerford",2022-03-06 13:32:00,1.349197609,0.236708000677837,1.11248960832216
"Hungerford",2022-03-06 13:47:00,1.424313647,0.304917835665841,1.11939581133416
"Hungerford",2022-03-06 14:02:00,1.538661403,0.606191862235145,0.932469540764855
"Hungerford",2022-03-06 14:17:00,1.658021696,0.718865165632667,0.939156530367333
"Hungerford",2022-03-06 14:32:00,1.759442629,0.787116463089102,0.972326165910898
"Hungerford",2022-03-06 14:47:00,2.027989403,1.01553668161493,1.01245272138507
"Hungerford",2022-03-06 15:02:00,2.836380288,1.61476383841757,1.22161644958243
"Hungerford",2022-03-06 15:17:00,4.25808843,2.89324577975331,1.36484265024669
"Hungerford",2022-03-06 15:32:00,4.664990713,3.70230268301228,0.962688029987722
"Hungerford",2022-03-06 15:47:00,4.855982006,4.2200958801791,0.635886125820895
"Hungerford",2022-03-06 16:02:00,4.999488539,4.40788474173506,0.59160379726494
"Hungerford",2022-03-06 16:17:00,5.166393032,4.5436906333247,0.622702398675303
"Hungerford",2022-03-06 16:32:00,5.261639509,4.60197127205075,0.659668236949254
"Hungerford",2022-03-06 16:47:00,5.357870067,4.66320282429462,0.694667242705379
"Hungerford",2022-03-06 17:02:00,5.465949898,4.81268345567074,0.653266442329259
"Hungerford",2022-03-06 17:17:00,5.696895452,5.16619057576187,0.530704876238129
"Hungerford",2022-03-06 17:32:00,5.719172141,5.32039235442957,0.398779786570431
"Hungerford",2022-03-06 17:47:00,5.990331296,5.67959656642433,0.310734729575669
"Hungerford",2022-03-06 18:02:00,6.151791294,5.93523992487863,0.216551369121374
"Hungerford",2022-03-06 18:17:00,6.362954566,6.20061052666471,0.162344039335286
"Hungerford",2022-03-06 18:32:00,6.33929306,6.19683302446409,0.142460035535906
"Hungerford",2022-03-06 18:47:00,6.614412295,6.4903571390307,0.124055155969304
"Hungerford",2022-03-06 19:02:00,6.748329221,6.62518314003103,0.123146080968967
"Hungerford",2022-03-06 19:17:00,7.096069034,7.00214753453562,0.0939214994643764
"Hungerford",2022-03-06 19:32:00,6.883764466,6.7856742148089,0.0980902511911017
"Hungerford",2022-03-06 19:47:00,7.045787164,6.9668172036713,0.0789699603286964
"Hungerford",2022-03-06 20:02:00,7.045787164,6.9636425318993,0.0821446321007038
"Hungerford",2022-03-06 20:17:00,7.083479629,7.083479629,0
"Hungerford",2022-03-06 20:32:00,7.159205575,7.06041619928189,0.0987893757181064
"Hungerford",2022-03-06 20:47:00,7.058338696,6.99075674284202,0.0675819531579833
"Hungerford",2022-03-06 21:02:00,7.146552989,7.01291989452813,0.133633094471866
"Hungerford",2022-03-06 21:17:00,7.096069034,6.93180632642613,0.164262707573867
"Hungerford",2022-03-06 21:32:00,7.108671071,6.99056023090172,0.118110840098282
"Hungerford",2022-03-06 21:47:00,7.299219213,7.16766471296283,0.131554500037173
"Hungerford",2022-03-06 22:02:00,7.03324825,6.91837120170374,0.114877048296255
"Hungerford",2022-03-06 22:17:00,7.440766716,7.33893025798885,0.101836458011152
"Hungerford",2022-03-06 22:32:00,7.273648211,7.18638901252391,0.0872591984760911
"Hungerford",2022-03-06 22:47:00,7.108671071,7.02218991350431,0.0864811574956912
"Hungerford",2022-03-06 23:02:00,7.350513358,7.22921229272858,0.121301065271417
"Hungerford",2022-03-06 23:17:00,7.337670797,7.2587355606031,0.0789352363969016
"Hungerford",2022-03-06 23:32:00,7.414916544,7.30800476504962,0.10691177895038
"Hungerford",2022-03-06 23:47:00,7.273648211,7.13559023031248,0.138057980687525
"Hungerford",2022-03-07 00:02:00,7.171870806,7.05069022352746,0.121180582472543
"Hungerford",2022-03-07 00:17:00,7.235386732,7.11557801900603,0.119808712993973
"Hungerford",2022-03-07 00:32:00,7.159205575,6.99791679831738,0.161288776682624
"Hungerford",2022-03-07 00:47:00,6.84667678,6.64846828296142,0.19820849703858
"Hungerford",2022-03-07 01:02:00,6.945828926,6.72518980945458,0.220639116545423
"Hungerford",2022-03-07 01:17:00,6.675095655,6.43335606017235,0.241739594827654
"Hungerford",2022-03-07 01:32:00,6.662933934,6.41037665224376,0.252557281756238
"Hungerford",2022-03-07 01:47:00,6.822014519,6.51808810477702,0.30392641422298
"Hungerford",2022-03-07 02:02:00,6.542005241,6.25865959017888,0.283345650821121
"Hungerford",2022-03-07 02:17:00,6.256869697,5.96684414021988,0.290025556780118
"Hungerford",2022-03-07 02:32:00,6.256869697,5.93477570077032,0.322093996229682
"Hungerford",2022-03-07 02:47:00,6.070758061,5.76508316905215,0.305674891947846
"Hungerford",2022-03-07 03:02:00,6.105412267,5.77495317442963,0.330459092570375
"Hungerford",2022-03-07 03:17:00,5.831292968,5.49235214327592,0.338940824724077
"Hungerford",2022-03-07 03:32:00,5.652489352,5.33858597260986,0.313903379390144
"Hungerford",2022-03-07 03:47:00,5.730328906,5.36788681298744,0.36244209301256
"Hungerford",2022-03-07 04:02:00,5.56426556,5.19634397354886,0.367921586451141
"Hungerford",2022-03-07 04:17:00,5.336400335,4.98595016374627,0.350450171253732
"Hungerford",2022-03-07 04:32:00,5.368623198,5.00970707656795,0.358916121432047
"Hungerford",2022-03-07 04:47:00,5.251008013,4.89551876311963,0.355489249880371
"Hungerford",2022-03-07 05:02:00,5.092991301,4.75766565578068,0.335325645219318
"Hungerford",2022-03-07 05:17:00,5.051313678,4.69483403629152,0.356479641708477
"Hungerford",2022-03-07 05:32:00,4.906963351,4.53662649432075,0.370336856679246
"Hungerford",2022-03-07 05:47:00,5.051313678,4.64789138594683,0.403422292053168
"Hungerford",2022-03-07 06:02:00,4.876338451,4.48332012808358,0.393018322916419
"Hungerford",2022-03-07 06:17:00,4.764972776,4.39542236695736,0.369550409042636
"Hungerford",2022-03-07 06:32:00,4.855982006,4.42275894221492,0.433223063785075
"Hungerford",2022-03-07 06:47:00,4.845821819,4.44079790577015,0.405023913229851
"Hungerford",2022-03-07 07:02:00,4.674935042,4.28814373945435,0.38679130254565
"Hungerford",2022-03-07 07:17:00,4.664990713,4.28296331245356,0.382027400546438
"Hungerford",2022-03-07 07:32:00,4.517259231,4.14631223247575,0.370946998524247
"Hungerford",2022-03-07 07:47:00,4.478317249,4.09417322364224,0.384144025357759
"Hungerford",2022-03-07 08:02:00,4.3722077,4.00233690499014,0.369870795009857
"Hungerford",2022-03-07 08:17:00,4.353069374,3.97157819146303,0.381491182536975
"Hungerford",2022-03-07 08:32:00,4.295938778,3.91437327797713,0.381565500022867
"Hungerford",2022-03-07 08:47:00,4.30543094,3.92811466049338,0.377316279506618
"Hungerford",2022-03-07 09:02:00,4.267533278,3.87527113721172,0.392262140788285
"Hungerford",2022-03-07 09:17:00,4.154974458,3.73538171211467,0.419592745885328
"Hungerford",2022-03-07 09:32:00,4.2204272,3.8229868013292,0.397440398670797
"Hungerford",2022-03-07 09:47:00,4.136379767,3.74662120038829,0.389758566611714
"Hungerford",2022-03-07 10:02:00,4.06247175,3.67212667506336,0.390345074936638
"Hungerford",2022-03-07 10:17:00,4.05328615,3.40151865023937,0.651767499760631
"Hungerford",2022-03-07 10:32:00,3.989315601,3.08899526232318,0.900320338676823
"Hungerford",2022-03-07 10:47:00,3.989315601,3.11708112265125,0.872234478348747
"Hungerford",2022-03-07 11:02:00,3.889950302,2.92836247460051,0.961587827399493
"Hungerford",2022-03-07 11:17:00,3.85416817,2.6012107677336,1.2529574022664
"Hungerford",2022-03-07 11:32:00,3.925919346,2.28103542513861,1.64488392086139
"Hungerford",2022-03-07 11:47:00,3.880987255,2.20465432013123,1.67633293486877
"Hungerford",2022-03-07 12:02:00,3.704174115,2.1236152248147,1.5805588901853
"Hungerford",2022-03-07 12:17:00,3.739164382,2.10913721688144,1.63002716511856
"Hungerford",2022-03-07 12:47:00,3.626124734,2.10541931190121,1.52070542209879
"Hungerford",2022-03-07 13:02:00,3.643387918,2.07809571645092,1.56529220154908
"Hungerford",2022-03-07 13:17:00,3.669369576,2.05550829641769,1.61386127958231
"Hungerford",2022-03-07 13:32:00,3.557534751,1.94998187534396,1.60755287565604
"Hungerford",2022-03-07 13:47:00,3.626124734,1.98676099196576,1.63936374203424
"Hungerford",2022-03-07 14:02:00,3.439279446,1.90279031247863,1.53648913352137
"Hungerford",2022-03-07 14:17:00,3.523517008,2.56003207001971,0.963484937980287
"Hungerford",2022-03-07 14:32:00,3.515041413,1.89897365437882,1.61606775862118
"Hungerford",2022-03-07 14:47:00,3.566068045,1.95767193661588,1.60839610838412
"Hungerford",2022-03-07 15:02:00,3.481254292,1.860525033894,1.620729258106
"Hungerford",2022-03-07 15:17:00,3.515041413,1.93559898028167,1.57944243271833
"Hungerford",2022-03-07 15:32:00,3.430918982,1.82666725636981,1.60425172563019
"Hungerford",2022-03-07 15:47:00,3.472836308,1.85602611808572,1.61681018991428
"Hungerford",2022-03-07 16:02:00,3.515041413,1.80988502380434,1.70515638919566
"Hungerford",2022-03-07 16:17:00,3.532004135,1.83135060922613,1.70065352577387
"Hungerford",2022-03-07 16:32:00,3.447651408,1.79732252506043,1.65032888293957
"Hungerford",2022-03-07 16:47:00,3.439279446,1.75208575550943,1.68719369049057
"Hungerford",2022-03-07 17:02:00,3.481254292,1.79307634471079,1.68817794728921
"Hungerford",2022-03-07 17:17:00,3.397592018,1.75266377318288,1.64492824481712
"Hungerford",2022-03-07 17:32:00,3.439279446,1.77068169055962,1.66859775544038
"Hungerford",2022-03-07 17:47:00,3.389288983,1.72337375040969,1.66591523259031
"Hungerford",2022-03-07 18:02:00,3.456034869,1.72947731968826,1.72655754931174
"Hungerford",2022-03-07 18:17:00,3.339711614,1.8589901369283,1.4807214770717
"Hungerford",2022-03-07 18:32:00,3.380997422,1.65003337998479,1.73096404201521
"Hungerford",2022-03-07 18:47:00,3.439279446,1.70520850257043,1.73407094342957
"Hungerford",2022-03-07 19:02:00,3.323277487,1.6684706009078,1.6548068860922
"Hungerford",2022-03-07 19:17:00,3.372717332,1.66061925746798,1.71209807453202
"Hungerford",2022-03-07 19:32:00,3.356191553,1.6248844038067,1.7313071491933
"Hungerford",2022-03-07 19:47:00,3.331488826,1.63694218631507,1.69454663968493
"Hungerford",2022-03-07 20:02:00,3.323277487,1.58873440212087,1.73454308487913
"Hungerford",2022-03-07 20:17:00,3.380997422,1.63860787475697,1.74238954724303
"Hungerford",2022-03-07 20:32:00,3.298712129,1.56677214214909,1.73193998685092
"Hungerford",2022-03-07 20:47:00,3.282392403,1.55051676057229,1.73187564242771
"Hungerford",2022-03-07 21:02:00,3.298712129,2.00746744882259,1.29124468017741
"Hungerford",2022-03-07 21:17:00,3.323277487,1.57544503565638,1.74783245134362
"Hungerford",2022-03-07 21:32:00,3.306889142,2.00611112072554,1.30077802127446
"Hungerford",2022-03-07 21:47:00,3.364448711,2.03420765489074,1.33024105610926
"Hungerford",2022-03-07 22:02:00,3.430918982,2.05835815242264,1.37256082957736
"Hungerford",2022-03-07 22:17:00,3.472836308,2.06355522666291,1.40928108133709
"Hungerford",2022-03-07 22:32:00,3.447651408,2.03829889213044,1.40935251586956
"Hungerford",2022-03-07 22:47:00,3.523517008,2.08950214459206,1.43401486340794
"Hungerford",2022-03-07 23:02:00,3.549013003,2.12281149489496,1.42620150810504
"Hungerford",2022-03-07 23:17:00,3.574612891,2.1447677346,1.4298451564
"Hungerford",2022-03-07 23:32:00,3.660697434,2.1846662917862,1.4760311422138
"Hungerford",2022-03-07 23:47:00,3.756729235,2.24049596561053,1.51623326938947
"Hungerford",2022-03-08 00:02:00,3.872035886,2.31602484423092,1.55601104176908
"Hungerford",2022-03-08 00:17:00,3.925919346,2.35289821237882,1.57302113362118
"Hungerford",2022-03-08 00:32:00,4.025799802,2.4161601064552,1.6096396955448
"Hungerford",2022-03-08 00:47:00,4.007534247,2.40745481715021,1.60007942984979
"Hungerford",2022-03-08 01:02:00,4.164289475,2.52507690722895,1.63921256777105
"Hungerford",2022-03-08 01:17:00,4.2204272,2.54580542450014,1.67462177549986
"Hungerford",2022-03-08 01:32:00,4.267533278,2.59008384138147,1.67744943661853
"Hungerford",2022-03-08 01:47:00,4.31493494,2.64145468109603,1.67348025890397
"Hungerford",2022-03-08 02:02:00,4.362632608,2.71242474568921,1.65020786231079
"Hungerford",2022-03-08 02:17:00,4.3722077,2.72748929795551,1.64471840204449
"Hungerford",2022-03-08 02:32:00,4.410626707,2.7795270191283,1.6310996878717
"Hungerford",2022-03-08 02:47:00,4.381794652,2.78208792520394,1.59970672679606
"Hungerford",2022-03-08 03:02:00,4.458917656,2.8285434840624,1.6303741719376
"Hungerford",2022-03-08 03:17:00,4.343517993,2.76952786250369,1.57399013049631
"Hungerford",2022-03-08 03:32:00,4.497764431,2.859012636906,1.638751794094
"Hungerford",2022-03-08 03:47:00,4.458917656,2.83381733766849,1.62510031833151
"Hungerford",2022-03-08 04:02:00,4.458917656,2.85968433392689,1.59923332207311
"Hungerford",2022-03-08 04:17:00,4.546590771,2.93255744914064,1.61403332185936
"Hungerford",2022-03-08 04:32:00,4.239234188,2.75150294466415,1.48773124333585
"Hungerford",2022-03-08 04:47:00,4.30543094,2.82380981674458,1.48162112325542
"Hungerford",2022-03-08 05:02:00,4.192305255,2.75244733075387,1.43985792424613
"Hungerford",2022-03-08 05:17:00,4.267533278,2.84990943831293,1.41762383968707
"Hungerford",2022-03-08 05:32:00,4.324450779,2.86989600275736,1.45455477624264
"Hungerford",2022-03-08 05:47:00,4.229824789,2.85188580958147,1.37793897941853
"Hungerford",2022-03-08 06:02:00,4.192305255,2.83201966930273,1.36028558569727
"Hungerford",2022-03-08 06:17:00,4.201667436,2.88188713239133,1.31978030360867
"Hungerford",2022-03-08 06:32:00,4.136379767,2.81334396318175,1.32303580381825
"Hungerford",2022-03-08 06:47:00,4.099331665,2.82254742915376,1.27678423584624
"Hungerford",2022-03-08 07:02:00,4.090099052,2.81642078342732,1.27367826857268
"Hungerford",2022-03-08 07:17:00,4.044112294,2.80138198276012,1.24273031123988
"Hungerford",2022-03-08 07:32:00,4.06247175,2.82325198103351,1.23921976896649
"Hungerford",2022-03-08 07:47:00,4.034950179,2.81798829735849,1.21696188164151
"Hungerford",2022-03-08 08:02:00,4.090099052,2.86963468829986,1.22046436370014
"Hungerford",2022-03-08 08:17:00,4.071669098,2.8784900319964,1.1931790660036
"Hungerford",2022-03-08 08:32:00,4.016661159,2.85204433858141,1.16461682041859
"Hungerford",2022-03-08 08:47:00,4.044112294,2.8688028354227,1.1753094585773
"Hungerford",2022-03-08 09:02:00,3.94397403,2.81998030475077,1.12399372524923
"Hungerford",2022-03-08 09:17:00,3.925919346,2.8156945622058,1.1102247837942
"Hungerford",2022-03-08 09:32:00,4.034950179,2.91093645974717,1.12401371925283
"Hungerford",2022-03-08 09:47:00,4.016661159,2.90927978061053,1.10738137838947
"Hungerford",2022-03-08 10:02:00,3.898925032,2.83695930658451,1.06196572541549
"Hungerford",2022-03-08 10:17:00,3.94397403,2.88284398543171,1.06113004456829
"Hungerford",2022-03-08 10:32:00,4.007534247,3.16246478933917,0.845069457660828
"Hungerford",2022-03-08 10:47:00,3.907911446,2.8912601945737,1.0166512514263
"Hungerford",2022-03-08 11:02:00,3.94397403,3.07276782635821,0.871206203641791
"Hungerford",2022-03-08 11:17:00,3.880987255,3.12730412037651,0.753683134623486
"Hungerford",2022-03-08 11:32:00,4.025799802,3.15919282688065,0.866606975119347
"Hungerford",2022-03-08 11:47:00,4.05328615,3.17756631494509,0.875719835054914
"Hungerford",2022-03-08 12:02:00,4.090099052,3.24420529142867,0.845893760571332
"Hungerford",2022-03-08 12:17:00,4.090099052,3.36814070624005,0.721958345759955
"Hungerford",2022-03-08 12:32:00,4.164289475,3.45245514345255,0.711834331547451
"Hungerford",2022-03-08 12:47:00,3.971143836,3.27890558354041,0.692238252459588
"Hungerford",2022-03-08 13:02:00,4.117832179,3.37358416647333,0.744248012526668
"Hungerford",2022-03-08 13:17:00,4.201667436,3.55349131055905,0.648176125440946
"Hungerford",2022-03-08 13:32:00,4.211041416,3.49145258715494,0.719588828845058
"Hungerford",2022-03-08 13:47:00,4.127100087,3.40558396928398,0.721516117716023
"Hungerford",2022-03-08 14:02:00,3.953018925,3.32360836453957,0.629410560460434
"Hungerford",2022-03-08 14:17:00,4.06247175,3.43759930002816,0.624872449971839
"Hungerford",2022-03-08 14:32:00,4.007534247,3.40646053819904,0.601073708800957
"Hungerford",2022-03-08 14:47:00,3.872035886,3.31723671427463,0.554799171725373
"Hungerford",2022-03-08 15:02:00,3.836347125,3.27715442663334,0.559192698366657
"Hungerford",2022-03-08 15:17:00,3.827454096,3.28464759564923,0.542806500350774
"Hungerford",2022-03-08 15:32:00,3.809703006,3.28808160315089,0.521621402849113
"Hungerford",2022-03-08 15:47:00,3.669369576,3.1762625183635,0.493107057636497
"Hungerford",2022-03-08 16:02:00,3.634750537,3.16308254278722,0.471667994212785
"Hungerford",2022-03-08 16:17:00,3.695455577,3.21257993979133,0.482875637208674
"Hungerford",2022-03-08 16:32:00,3.660697434,3.20071343088798,0.459984003112024
"Hungerford",2022-03-08 16:47:00,3.704174115,3.23893568771473,0.465238427285271
"Hungerford",2022-03-08 17:02:00,3.652036883,3.21062482155714,0.441412061442861
"Hungerford",2022-03-08 17:17:00,3.686748644,3.22847467850814,0.458273965491861
"Hungerford",2022-03-08 17:32:00,3.617510508,3.20003492191766,0.417475586082343
"Hungerford",2022-03-08 17:47:00,3.574612891,3.13974024416474,0.434872646835257
"Hungerford",2022-03-08 18:02:00,3.498124808,3.10821835939217,0.389906448607829
"Hungerford",2022-03-08 18:17:00,3.498124808,3.11097666675979,0.387148141240214
"Hungerford",2022-03-08 18:32:00,3.515041413,3.12641700896063,0.388624404039369
"Hungerford",2022-03-08 18:47:00,3.472836308,3.09396365643165,0.378872651568347
"Hungerford",2022-03-08 19:02:00,3.397592018,3.02616278077454,0.371429237225458
"Hungerford",2022-03-08 19:17:00,3.306889142,2.94481690927412,0.36207223272588
"Hungerford",2022-03-08 19:32:00,3.282392403,2.93372486866837,0.348667534331625
"Hungerford",2022-03-08 19:47:00,3.274249682,2.9375118662111,0.336737815788904
"Hungerford",2022-03-08 20:02:00,3.209518856,2.87636519496885,0.333153661031146
"Hungerford",2022-03-08 20:17:00,3.169432513,2.84079690295027,0.328635610049732
"Hungerford",2022-03-08 20:32:00,3.137568219,2.80940915492323,0.328159064076767
"Hungerford",2022-03-08 20:47:00,3.137568219,2.79880627724709,0.338761941752915
"Hungerford",2022-03-08 21:02:00,3.05870219,2.7244931081301,0.334209081869896
"Hungerford",2022-03-08 21:17:00,3.035263351,2.71318865917888,0.322074691821121
"Hungerford",2022-03-08 21:32:00,2.957868572,2.65266917893303,0.305199393066967
"Hungerford",2022-03-08 21:47:00,2.889177289,2.59497100690977,0.294206282090228
"Hungerford",2022-03-08 22:02:00,2.904363244,2.59307046712971,0.31129277687029
"Hungerford",2022-03-08 22:17:00,2.919594188,2.60502456357623,0.314569624423768
"Hungerford",2022-03-08 22:32:00,2.889177289,2.58488207466995,0.304295214330048
"Hungerford",2022-03-08 22:47:00,2.881601172,2.56430856196001,0.317292610039989
"Hungerford",2022-03-08 23:02:00,2.889177289,2.57576949071141,0.313407798288595
"Hungerford",2022-03-08 23:17:00,2.784132703,2.5023480526316,0.281784650368403
"Hungerford",2022-03-08 23:32:00,2.754523108,2.46534084535218,0.289182262647818
"Hungerford",2022-03-08 23:47:00,2.747148644,2.45363464920034,0.293513994799662
"Hungerford",2022-03-09 00:02:00,2.799004599,2.47346562423599,0.32553897476401
"Hungerford",2022-03-09 00:17:00,2.776713535,2.4425070115252,0.334206523474796
"Hungerford",2022-03-09 00:32:00,2.754523108,2.42717623343622,0.327346874563785
"Hungerford",2022-03-09 00:47:00,2.710443738,2.3837555037381,0.326688234261898
"Hungerford",2022-03-09 01:02:00,2.703136212,2.3817438975234,0.321392314476598
"Hungerford",2022-03-09 01:17:00,2.71776241,2.37733415881217,0.340428251187835
"Hungerford",2022-03-09 01:32:00,2.681280477,2.35674813427553,0.324532342724472
"Hungerford",2022-03-09 01:47:00,2.710443738,2.37948107824309,0.330962659756914
"Hungerford",2022-03-09 02:02:00,2.681280477,2.34270369133771,0.338576785662293
"Hungerford",2022-03-09 02:17:00,2.681280477,2.35886235149197,0.322418125508026
"Hungerford",2022-03-09 02:32:00,2.681280477,2.34527095510054,0.336009521899465
"Hungerford",2022-03-09 02:47:00,2.652295312,2.28346866455827,0.368826647441735
"Hungerford",2022-03-09 03:02:00,2.580609922,2.18425265603019,0.396357265969812
"Hungerford",2022-03-09 03:17:00,2.580609922,2.03890712395472,0.541702798045283
"Hungerford",2022-03-09 03:32:00,2.587728554,2.07761591311011,0.51011264088989
"Hungerford",2022-03-09 03:47:00,2.609150946,2.12934932174261,0.479801624257392
"Hungerford",2022-03-09 04:02:00,2.559320464,2.08089835079155,0.478422113208448
"Hungerford",2022-03-09 04:17:00,2.552246112,2.07069024181132,0.481555870188679
"Hungerford",2022-03-09 04:32:00,2.552246112,2.08722126422078,0.465024847779217
"Hungerford",2022-03-09 04:47:00,2.573502366,2.09344380017674,0.480058565823261
"Hungerford",2022-03-09 05:02:00,2.538130582,2.02321386240755,0.514916719592453
"Hungerford",2022-03-09 05:17:00,2.580609922,1.80461012624906,0.775999795750943
"Hungerford",2022-03-09 05:32:00,2.559320464,1.66200872711462,0.897311736885384
"Hungerford",2022-03-09 05:47:00,2.545182819,1.58975372924303,0.95542908975697
"Hungerford",2022-03-09 06:02:00,2.545182819,1.54846887135106,0.996713947648944
"Hungerford",2022-03-09 06:17:00,2.559320464,1.51469104115528,1.04462942284472
"Hungerford",2022-03-09 06:32:00,2.524059261,1.47548358602754,1.04857567497246
"Hungerford",2022-03-09 06:47:00,2.538130582,1.03740994838491,1.50072063361509
"Hungerford",2022-03-09 07:02:00,2.524059261,1.43894834355629,1.08511091744371
"Hungerford",2022-03-09 07:17:00,2.510032116,1.4110183356686,1.0990137803314
"Hungerford",2022-03-09 07:32:00,2.482110226,1.37407273508048,1.10803749091952
"Hungerford",2022-03-09 07:47:00,2.447455785,1.34000099611293,1.10745478888707
"Hungerford",2022-03-09 08:02:00,2.461284533,1.33980935012363,1.12147518287637
"Hungerford",2022-03-09 08:17:00,2.426795151,1.30928024508189,1.11751490591811
"Hungerford",2022-03-09 08:32:00,2.413076342,1.30106335240586,1.11201298959414
"Hungerford",2022-03-09 08:47:00,2.385770447,1.26578189866179,1.11998854833821
"Hungerford",2022-03-09 09:02:00,2.378971393,1.24998164603193,1.12898974696807
"Hungerford",2022-03-09 09:17:00,2.365406158,1.23352833663317,1.13187782136683
"Hungerford",2022-03-09 09:32:00,2.35863997,1.21870814332751,1.13993182667249
"Hungerford",2022-03-09 09:47:00,2.311582947,1.17382325261346,1.13775969438654
"Hungerford",2022-03-09 10:02:00,2.284933521,0.831481581480203,1.4534519395198
"Hungerford",2022-03-09 10:17:00,2.298236413,1.15436059313624,1.14387581986376
"Hungerford",2022-03-09 10:32:00,2.245286366,1.124097465918,1.12118890008201
"Hungerford",2022-03-09 10:47:00,2.251867007,1.12396763818834,1.12789936881166
"Hungerford",2022-03-09 11:02:00,2.25845853,1.12522242502844,1.13323610497156
"Hungerford",2022-03-09 11:17:00,2.265060939,1.12914978153134,1.13591115746866
"Hungerford",2022-03-09 11:32:00,2.265060939,1.11511673713315,1.14994420186685
"Hungerford",2022-03-09 11:47:00,2.291579514,1.13552895320597,1.15605056079403
"Hungerford",2022-03-09 12:02:00,2.351884729,1.16395444177544,1.18793028722456
"Hungerford",2022-03-09 12:17:00,2.35863997,1.15600591489383,1.20263405510617
"Hungerford",2022-03-09 12:32:00,2.365406158,1.15252766391766,1.21287849408234
"Hungerford",2022-03-09 14:02:00,2.413076342,0.872404226375556,1.54067211562444
"Hungerford",2022-03-09 14:17:00,2.419930255,0.591795954221909,1.82813430077809
"Hungerford",2022-03-09 14:32:00,2.440557912,0.366599152424895,2.07395875957511
"Hungerford",2022-03-09 14:47:00,2.406233409,0.267524908440777,2.13870850055922
"Hungerford",2022-03-09 15:02:00,2.433671036,0.174900830297719,2.25877020570228
"Hungerford",2022-03-09 15:17:00,2.475157314,0.139266806909941,2.33589050709006
"Hungerford",2022-03-09 15:32:00,2.454364657,0.138096890585356,2.31626776641464
"Hungerford",2022-03-09 15:47:00,2.503035099,0.0974146580348638,2.40562044096514
"Hungerford",2022-03-09 16:02:00,2.475157314,0.074024699168347,2.40113261483165
"Hungerford",2022-03-09 16:17:00,2.447455785,0.0578953213010418,2.38956046369896
"Hungerford",2022-03-09 16:32:00,2.426795151,0.0519392935725149,2.37485585742748
"Hungerford",2022-03-09 16:47:00,2.440557912,0.0101718549979162,2.43038605700208
"Hungerford",2022-03-09 17:02:00,2.392580466,0.00983713737076904,2.38274332862923
"Hungerford",2022-03-09 17:17:00,2.440557912,0.0100343974979445,2.43052351450206
"Hungerford",2022-03-09 17:32:00,2.433671036,0.0157630058653905,2.41790803013461
"Hungerford",2022-03-09 17:47:00,2.399401451,0.0124328320750213,2.38696861892498
"Hungerford",2022-03-09 18:02:00,2.372183298,0.0084172091114615,2.36376608888854
"Hungerford",2022-03-09 18:17:00,2.392580466,0.0299156780316534,2.36266478796835
"Hungerford",2022-03-09 18:32:00,2.35863997,0.0341408320073218,2.32449913799268
"Hungerford",2022-03-09 18:47:00,2.338407072,0.01330211851715,2.32510495348285
"Hungerford",2022-03-09 19:02:00,2.311582947,0.0177062957359619,2.29387665126404
"Hungerford",2022-03-09 19:17:00,2.291579514,0.0268458765931848,2.26473363740681
"Hungerford",2022-03-09 19:32:00,2.298236413,0.0484111753569137,2.24982523764309
"Hungerford",2022-03-09 19:47:00,2.304904223,0.0421905870163334,2.26271363598367
"Hungerford",2022-03-09 20:02:00,2.311582947,0.741451133943396,1.5701318130566
"Hungerford",2022-03-09 20:17:00,2.291579514,0.122226178527626,2.16935333547237
"Hungerford",2022-03-09 20:32:00,2.27829843,0.0499159723610249,2.22838245763898
"Hungerford",2022-03-09 20:47:00,2.298236413,0.0445279259967333,2.25370848700327
"Hungerford",2022-03-09 21:02:00,2.271674237,0.0266126860769359,2.24506155092306
"Hungerford",2022-03-09 21:17:00,2.238716602,0.026100497697212,2.21261610430279
"Hungerford",2022-03-09 21:32:00,2.238716602,0.0278657487491979,2.2108508532508
"Hungerford",2022-03-09 21:47:00,2.238716602,0.0186612254067026,2.2200553765933
"Hungerford",2022-03-09 22:02:00,2.186549585,0.13115602973951,2.05539355526049
"Hungerford",2022-03-09 22:17:00,2.173616316,0.0970812581575895,2.07653505784241
"Hungerford",2022-03-09 22:32:00,2.206030801,0.0451021785842297,2.16092862241577
"Hungerford",2022-03-09 22:47:00,2.206030801,0.106853646232611,2.09917715476739
"Hungerford",2022-03-09 23:02:00,2.206030801,0.0972865174420161,2.10874428355798
"Hungerford",2022-03-09 23:17:00,2.173616316,0.125850609566207,2.04776570643379
"Hungerford",2022-03-09 23:32:00,2.154297639,0.0610313552473673,2.09326628375263
"Hungerford",2022-03-09 23:47:00,2.141472625,0.114219914157984,2.02725271084202
"Hungerford",2022-03-10 00:02:00,2.154297639,0.0907583573062238,2.06353928169378
"Hungerford",2022-03-10 00:17:00,2.147879724,0.0828666635280206,2.06501306047198
"Hungerford",2022-03-10 00:32:00,2.141472625,0.101435002963954,2.04003762203605
"Hungerford",2022-03-10 00:47:00,2.122316174,0.00657433903520149,2.1157418349648
"Hungerford",2022-03-10 01:02:00,2.128690853,0.0911182792610535,2.03757257373895
"Hungerford",2022-03-10 01:17:00,2.115952292,0,2.115952292
"Hungerford",2022-03-10 01:32:00,2.122316174,0.0836734059025626,2.03864276809744
"Hungerford",2022-03-10 01:47:00,2.147879724,0.0906089503393974,2.0572707736606
"Hungerford",2022-03-10 02:02:00,2.122316174,0.0607229859978596,2.06159318800214
"Hungerford",2022-03-10 02:17:00,2.109599205,0.0131887080684316,2.09641049693157
"Hungerford",2022-03-10 02:32:00,2.115952292,0.0955783575434523,2.02037393445655
"Hungerford",2022-03-10 02:47:00,2.103256907,0.0864757838417349,2.01678112315827
"Hungerford",2022-03-10 03:02:00,2.065429471,0.0879450678724866,1.97748440312751
"Hungerford",2022-03-10 03:17:00,2.059162584,0.0866344382003946,1.97252814579961
"Hungerford",2022-03-10 03:32:00,2.065429471,0.0863164555044778,1.97911301549552
"Hungerford",2022-03-10 03:47:00,2.046661074,0.107549128811152,1.93911194518885
"Hungerford",2022-03-10 04:02:00,2.040426442,0.10009639149434,1.94033005050566
"Hungerford",2022-03-10 04:17:00,2.027989403,0.093204131391045,1.93478527160895
"Hungerford",2022-03-10 04:32:00,2.015595304,0.118063594264151,1.89753170973585
"Hungerford",2022-03-10 04:47:00,2.009414345,0.110118848644607,1.89929549635539
"Hungerford",2022-03-10 05:02:00,1.99708459,0.122153413953253,1.87493117604675
"Hungerford",2022-03-10 05:17:00,2.003244109,0.144757093317206,1.85848701568279
"Hungerford",2022-03-10 05:32:00,1.984797688,0.138505453980963,1.84629223401904
"Hungerford",2022-03-10 05:47:00,1.984797688,0.371136486857786,1.61366120114221
"Hungerford",2022-03-10 06:02:00,1.972553604,0.372291023768178,1.60026258023182
"Hungerford",2022-03-10 06:17:00,1.972553604,0.384734054105998,1.587819549894
"Hungerford",2022-03-10 06:32:00,1.960352306,0.392512106326669,1.56784019967333
"Hungerford",2022-03-10 06:47:00,1.972553604,0.403509698097888,1.56904390590211
"Hungerford",2022-03-10 07:02:00,1.936077924,0.403354111003999,1.532723812996
"Hungerford",2022-03-10 07:17:00,1.95426769,0.41495855766263,1.53930913233737
"Hungerford",2022-03-10 07:32:00,1.936077924,0.395502936093945,1.54057498790605
"Hungerford",2022-03-10 07:47:00,1.924004773,0.399538473559617,1.52446629944038
"Hungerford",2022-03-10 08:02:00,1.948193757,0.427713842004281,1.52047991499572
"Hungerford",2022-03-10 08:17:00,1.917984191,0.430155620870854,1.48782857012915
"Hungerford",2022-03-10 08:32:00,1.924004773,0.441258655908533,1.48274611709147
"Hungerford",2022-03-10 08:47:00,1.942130504,0.457776184693889,1.48435431930611
"Hungerford",2022-03-10 09:02:00,1.942130504,0.464776824077499,1.4773536799225
"Hungerford",2022-03-10 09:17:00,1.905974996,0.468040044075472,1.43793495192453
"Hungerford",2022-03-10 09:32:00,1.930036016,0.485797294030076,1.44423872196992
"Hungerford",2022-03-10 09:47:00,1.936077924,0.485464315271642,1.45061360872836
"Hungerford",2022-03-10 10:02:00,1.930036016,0.495254524860377,1.43478149113962
"Hungerford",2022-03-10 10:17:00,1.936077924,0.511307766017235,1.42477015798277
"Hungerford",2022-03-10 10:32:00,1.936077924,0.525374454397747,1.41070346960225
"Hungerford",2022-03-10 10:47:00,1.948193757,0.540841848958209,1.40735190804179
"Hungerford",2022-03-10 11:02:00,1.978670296,0.578723449570713,1.39994684642929
"Hungerford",2022-03-10 11:17:00,1.990935784,0.590496639737764,1.40043914426224
"Hungerford",2022-03-10 11:32:00,1.990935784,0.607092443513151,1.38384334048685
"Hungerford",2022-03-10 11:47:00,1.99708459,0.611441950506336,1.38564263949366
"Hungerford",2022-03-10 12:02:00,2.027989403,0.655055996970149,1.37293340602985
"Hungerford",2022-03-10 12:17:00,2.034202553,0.665541122521938,1.36866143047806
"Hungerford",2022-03-10 12:32:00,2.040426442,0.676541282120755,1.36388515987925
"Hungerford",2022-03-10 12:47:00,2.040426442,0.716878633916981,1.32354780808302
"Hungerford",2022-03-10 13:02:00,2.027989403,0.713879682835821,1.31410972016418
"Hungerford",2022-03-10 13:17:00,2.040426442,0.72825583570566,1.31217060629434
"Hungerford",2022-03-10 13:32:00,2.040426442,0.746643232535849,1.29378320946415
"Hungerford",2022-03-10 13:47:00,2.040426442,0.765490314286792,1.27493612771321
"Hungerford",2022-03-10 14:02:00,2.015595304,0.759353251954717,1.25624205204528
"Hungerford",2022-03-10 14:17:00,2.021786988,0.779108227085103,1.2426787609149
"Hungerford",2022-03-10 14:32:00,1.99708459,0.776337811330893,1.22074677866911
"Hungerford",2022-03-10 14:47:00,2.003244109,0.811677731351507,1.19156637764849
"Hungerford",2022-03-10 15:02:00,2.009414345,0.827871919666291,1.18154242533371
"Hungerford",2022-03-10 15:17:00,2.003244109,0.822621954306899,1.1806221546931
"Hungerford",2022-03-10 15:32:00,2.015595304,0.851760719003774,1.16383458499623
"Hungerford",2022-03-10 15:47:00,2.015595304,0.840749018384906,1.17484628561509
"Hungerford",2022-03-10 16:02:00,2.009414345,0.874613013695297,1.1348013313047
"Hungerford",2022-03-10 16:17:00,2.015595304,0.893991158490566,1.12160414550943
"Hungerford",2022-03-10 16:32:00,2.027989403,0.895262232650746,1.13272717034925
"Hungerford",2022-03-10 16:47:00,2.021786988,0.916095540324416,1.10569144767558
"Hungerford",2022-03-10 17:02:00,2.034202553,0.929168273997747,1.10503427900225
"Hungerford",2022-03-10 17:17:00,2.027989403,0.93546793638806,1.09252146661194
"Hungerford",2022-03-10 17:32:00,2.027989403,0.965507993441791,1.06248140955821
"Hungerford",2022-03-10 17:47:00,2.034202553,0.971330286923909,1.06287226607609
"Hungerford",2022-03-10 18:02:00,2.040426442,0.976026007992453,1.06440043400755
"Hungerford",2022-03-10 18:17:00,2.040426442,0.987633052241509,1.05279338975849
"Hungerford",2022-03-10 18:32:00,2.059162584,1.01259073618158,1.04657184781842
"Hungerford",2022-03-10 18:47:00,2.059162584,1.0085315590236,1.0506310249764
"Hungerford",2022-03-10 19:02:00,2.059162584,1.02186885539983,1.03729372860017
"Hungerford",2022-03-10 19:17:00,2.052906453,1.04350778588144,1.00939866711856
"Hungerford",2022-03-10 19:32:00,2.052906453,1.06478262605897,0.988123826941031
"Hungerford",2022-03-10 19:47:00,2.084294711,1.06826707237961,1.01602763862039
"Hungerford",2022-03-10 20:02:00,2.059162584,1.07046300480541,0.988699579194593
"Hungerford",2022-03-10 20:17:00,2.065429471,1.09768473603807,0.967744734961926
"Hungerford",2022-03-10 20:32:00,2.046661074,1.08667270879178,0.959988365208223
"Hungerford",2022-03-10 20:47:00,2.046661074,1.10696064734565,0.939700426654351
"Hungerford",2022-03-10 21:02:00,2.059162584,1.12787136746832,0.931291216531681
"Hungerford",2022-03-10 21:17:00,2.052906453,1.09496052435427,0.957945928645733
"Hungerford",2022-03-10 21:32:00,2.040426442,1.10565715564528,0.934769286354717
"Hungerford",2022-03-10 21:47:00,2.046661074,1.14211872268048,0.904542351319516
"Hungerford",2022-03-10 22:02:00,2.034202553,1.13997833862856,0.894224214371445
"Hungerford",2022-03-10 22:17:00,2.040426442,1.12990553521509,0.910520906784905
"Hungerford",2022-03-10 22:32:00,2.034202553,1.1327603853287,0.901442167671304
"Hungerford",2022-03-10 22:47:00,2.021786988,1.1534035709069,0.8683834170931
"Hungerford",2022-03-10 23:02:00,2.034202553,1.17148527763588,0.862717275364123
"Hungerford",2022-03-10 23:17:00,2.021786988,1.13472865871135,0.887058329288651
"Hungerford",2022-03-10 23:32:00,2.021786988,1.1439522433933,0.877834744606702
"Hungerford",2022-03-10 23:47:00,2.040426442,1.16392221935094,0.876504222649056
