"","run_id","start","end","tot_q_m3","tot_constit_mgN","duration_hrs","intensity_m3_hr","filter_para","sf_thresh","storm_id","water_yield_mm","constit_yield_mm"
"1","FC = 0.996, SFT = 0.098",2014-07-27,"2014-07-29 23:30:00",75551.8499573972,12312.5993163283,60,1259.19749928995,0.996,"0.098","storm_1",1.57072453133882,0.255979195765662
"2","FC = 0.996, SFT = 0.098",2014-07-31,"2014-08-01 01:00:00",5963.0098042689,1796.29440564851,11.25,530.045315935013,0.996,"0.098","storm_2",0.123971097801848,0.0373449980384305
"3","FC = 0.996, SFT = 0.098",2014-08-13,"2014-08-14 20:30:00",35497.4643405219,4653.99488705197,28.5,1245.52506457972,0.996,"0.098","storm_3",0.737993021632473,0.0967566504584609
"4","FC = 0.996, SFT = 0.098",2014-09-02,"2014-09-03 09:45:00",4919.74132383847,2072.93853465441,11.25,437.310339896753,0.996,"0.098","storm_4",0.102281524404126,0.0430964352319005
"5","FC = 0.996, SFT = 0.098",2014-09-06,"2014-09-07 04:30:00",8490.54002822838,2856.06989017218,14.5,585.554484705405,0.996,"0.098","storm_5",0.176518503705372,0.0593777523944321
"6","FC = 0.996, SFT = 0.098",2014-10-04,"2014-10-05 16:15:00",26241.5545664962,8508.71927049298,25.5,1029.08057123514,0.996,"0.098","storm_6",0.54556246499992,0.17689645053
"7","FC = 0.996, SFT = 0.098",2014-10-16,"2014-10-17 13:45:00",27400.067613388,5635.70259512244,26.5,1033.96481559955,0.996,"0.098","storm_7",0.569647975330312,0.11716637411897
"8","FC = 0.996, SFT = 0.098",2014-10-18,"2014-10-19 14:45:00",15534.9749248743,3113.27429359085,25.5,609.214702936248,0.996,"0.098","storm_8",0.322972451660589,0.064725037288791
"9","FC = 0.996, SFT = 0.098",2014-10-23,"2014-10-25 02:15:00",19882.0457286954,4362.27197370431,32.25,616.497541975051,0.996,"0.098","storm_9",0.413348144047721,0.0906917250250376
"10","FC = 0.996, SFT = 0.098",2014-11-07,"2014-11-09 00:45:00",12298.8528053267,3188.98773177441,19.5,630.710400273166,0.996,"0.098","storm_10",0.255693405516148,0.0662991212427112
"11","FC = 0.996, SFT = 0.098",2015-04-07,"2015-04-12 08:30:00",96598.7577946491,56322.2504825213,112.75,856.751732103318,0.996,"0.098","storm_11",2.00829018284094,1.17094075847238
"12","FC = 0.996, SFT = 0.098",2015-04-12,"2015-04-13 08:15:00",5391.13330718628,2989.416852594,10.75,501.500772761514,0.996,"0.098","storm_12",0.112081773538176,0.0621500385154677
"13","FC = 0.996, SFT = 0.098",2015-04-14,"2015-04-15 08:30:00",15962.3061640644,7089.10383695172,30.25,527.679542613699,0.996,"0.098","storm_13",0.331856677007576,0.147382616152842
"14","FC = 0.996, SFT = 0.098",2015-04-15,"2015-04-16 08:30:00",4791.43619411214,2212.60095493068,9.75,491.429353242271,0.996,"0.098","storm_14",0.0996140580896495,0.0460000198530286
"15","FC = 0.996, SFT = 0.098",2015-04-17,"2015-04-17 13:45:00",2993.47173663649,1489.79412452629,6.5,460.534113328691,0.996,"0.098","storm_15",0.0622343396390123,0.0309728508217524
"16","FC = 0.996, SFT = 0.098",2015-04-17,"2015-04-18 09:30:00",5541.71720974402,2214.97169316544,13,426.285939211078,0.996,"0.098","storm_16",0.115212416002994,0.046049307550217
"17","FC = 0.996, SFT = 0.098",2015-04-20,"2015-04-21 03:00:00",9356.58356924575,3809.49275657567,17.75,527.131468689902,0.996,"0.098","storm_17",0.194523566928186,0.0791994336086417
"18","FC = 0.996, SFT = 0.098",2015-04-21,"2015-04-25 10:30:00",133988.14461319,51660.3655573668,102.5,1307.20141086039,0.996,"0.098","storm_18",2.78561631212453,1.07402007395773
"19","FC = 0.996, SFT = 0.098",2015-04-27,"2015-04-28 08:45:00",4772.64014876698,2162.07102107586,10.5,454.537157025427,0.996,"0.098","storm_19",0.0992232879161535,0.0449495014776687
"20","FC = 0.996, SFT = 0.098",2015-04-29,"2015-04-29 08:00:00",2949.30718634476,1130.64836489009,7.25,406.800991219968,0.996,"0.098","storm_20",0.0613161577202654,0.0235062030122679
"21","FC = 0.996, SFT = 0.098",2015-05-10,"2015-05-11 12:45:00",11137.366416376,4442.46997600068,18.25,610.266652952111,0.996,"0.098","storm_21",0.231546079342537,0.0923590431600972
"22","FC = 0.996, SFT = 0.098",2015-05-11,"2015-05-13 13:00:00",50836.8800855411,9402.82242440507,46,1105.14956707698,0.996,"0.098","storm_22",1.05689979387819,0.195484873688255
"23","FC = 0.996, SFT = 0.098",2015-05-28,"2015-05-29 00:45:00",2356.9299818337,1207.72035700984,5,471.38599636674,0.996,"0.098","storm_23",0.0490006233229459,0.0251085313307658
"24","FC = 0.996, SFT = 0.098",2015-05-30,"2015-06-03 10:00:00",136058.905286036,73727.3066356291,87.75,1550.52883516851,0.996,"0.098","storm_24",2.82866746956417,1.53279223774697
"25","FC = 0.996, SFT = 0.098",2015-06-05,"2015-06-06 14:30:00",16854.9686470123,4446.06219956449,18.75,898.931661173991,0.996,"0.098","storm_25",0.350415148586535,0.0924337255626713
"26","FC = 0.996, SFT = 0.098",2015-06-08,"2015-06-26 13:00:00",40729.3419674977,11303.1792312989,47.25,861.996655396776,0.996,"0.098","storm_26",0.846763866268143,0.234993331212036
"27","FC = 0.996, SFT = 0.098",2015-06-28,"2015-06-30 10:30:00",101946.994147434,26536.404417195,55.5,1836.88277743124,0.996,"0.098","storm_27",2.11948012780527,0.551692399525884
"28","FC = 0.996, SFT = 0.098",2015-07-01,"2015-07-03 17:15:00",388878.875675749,31066.658201684,57.75,6733.83334503462,0.996,"0.098","storm_28",8.08479991009874,0.64587646988948
"29","FC = 0.996, SFT = 0.098",2015-07-03,"2015-07-04 08:00:00",3372.23164102442,1837.71392114761,8.5,396.733134238167,0.996,"0.098","storm_29",0.0701087659256636,0.0382061106267695
"30","FC = 0.996, SFT = 0.098",2015-07-04,"2015-07-22 21:45:00",43025.644931099,16730.4563192081,50,860.51289862198,0.996,"0.098","storm_30",0.894504052621601,0.347826534702871
"31","FC = 0.996, SFT = 0.098",2015-08-11,"2015-08-13 08:15:00",41399.2715021935,8533.60459667497,47.25,876.175058247481,0.996,"0.098","storm_31",0.860691715222317,0.17741381697869
"32","FC = 0.996, SFT = 0.098",2015-08-21,"2015-08-22 01:00:00",19417.5191487035,5227.25778075703,20.75,935.784055359203,0.996,"0.098","storm_32",0.403690626792172,0.108674797936736
"33","FC = 0.996, SFT = 0.098",2015-09-13,"2015-09-14 17:30:00",26586.8480127555,4865.94490534522,24.75,1074.21608132346,0.996,"0.098","storm_33",0.55274112292631,0.101163095745223
"34","FC = 0.996, SFT = 0.098",2015-09-29,"2015-10-02 12:15:00",232762.471491361,29223.915097731,66.25,3513.39579609602,0.996,"0.098","storm_34",4.83913662144202,0.60756580244763
"35","FC = 0.996, SFT = 0.098",2015-10-09,"2015-10-10 16:30:00",35297.7984322647,13791.9484479862,34.5,1023.12459223956,0.996,"0.098","storm_35",0.733841963248747,0.286734894968528
"36","FC = 0.996, SFT = 0.098",2015-10-10,"2015-10-11 01:00:00",2683.69036599355,758.362669912736,7,383.384337999079,0.996,"0.098","storm_36",0.0557939785029845,0.0157663756738615
"37","FC = 0.996, SFT = 0.098",2015-10-13,"2015-10-14 08:30:00",4398.05631516174,2100.32699964237,10,439.805631516174,0.996,"0.098","storm_37",0.0914356822278949,0.043665841988407
"38","FC = 0.996, SFT = 0.098",2015-10-15,"2015-10-15 07:45:00",1535.48959718817,468.623754378928,4.25,361.291669926629,0.996,"0.098","storm_38",0.0319228606484027,0.00974269759623551
"39","FC = 0.996, SFT = 0.098",2015-10-17,"2015-10-18 09:45:00",7762.38027807412,2568.11125254794,18.25,425.335905647897,0.996,"0.098","storm_39",0.161380047361208,0.0533910863315581
"40","FC = 0.996, SFT = 0.098",2015-10-19,"2015-10-19 09:15:00",2289.08150753283,843.604729691477,6,381.513584588805,0.996,"0.098","storm_40",0.0475900521316596,0.0175385598688457
"41","FC = 0.996, SFT = 0.098",2015-10-28,"2015-11-01 07:15:00",177127.297036615,41720.3896811521,89,1990.19434872601,0.996,"0.098","storm_41",3.68248018787142,0.867367768838922
"42","FC = 0.996, SFT = 0.098",2015-11-04,"2015-11-04 10:45:00",3646.95488665697,1521.53045268659,8.75,416.794844189368,0.996,"0.098","storm_42",0.0758202679138663,0.0316326497440039
"43","FC = 0.996, SFT = 0.098",2015-11-08,"2015-11-09 05:00:00",2728.95583145688,793.672659393129,7,389.850833065269,0.996,"0.098","storm_43",0.0567350484710371,0.0165004710892542
"44","FC = 0.996, SFT = 0.098",2015-11-10,"2015-11-10 09:45:00",2731.96645678451,1187.19526358844,7,390.280922397788,0.996,"0.098","storm_44",0.0567976394341895,0.0246818142118179
"45","FC = 0.996, SFT = 0.098",2015-11-12,"2015-11-13 16:45:00",13767.8382348579,5067.37977328395,20,688.391911742896,0.996,"0.098","storm_45",0.286233643136339,0.105350930837504
"46","FC = 0.996, SFT = 0.098",2015-11-17,"2015-11-17 12:00:00",5646.0026568495,2545.93150928439,12.25,460.898176069347,0.996,"0.098","storm_46",0.117380512616414,0.0529299690079916
"47","FC = 0.996, SFT = 0.098",2015-11-17,"2015-11-18 09:45:00",7176.06388688089,3459.6805605567,15.5,462.971863669735,0.996,"0.098","storm_47",0.149190517398771,0.0719268307808045
"48","FC = 0.996, SFT = 0.098",2016-03-25,"2016-03-26 08:45:00",9029.66973942065,4962.81850499498,21,429.984273305745,0.996,"0.098","storm_48",0.187727021609577,0.103177099895946
"49","FC = 0.996, SFT = 0.098",2016-03-28,"2016-03-30 10:15:00",56721.0740794071,22767.4288768652,47.75,1187.87589695093,0.996,"0.098","storm_49",1.17923230934318,0.473335319685347
"50","FC = 0.996, SFT = 0.098",2016-04-05,"2016-04-05 11:30:00",2030.10984781316,1347.87929937613,4,507.527461953291,0.996,"0.098","storm_50",0.0422060259420616,0.0280224386564683
"51","FC = 0.996, SFT = 0.098",2016-04-07,"2016-04-09 14:30:00",41681.8875612001,18183.6850221887,42.25,986.55355174438,0.996,"0.098","storm_51",0.866567308964658,0.378039189650493
"52","FC = 0.996, SFT = 0.098",2016-04-12,"2016-04-12 15:45:00",2542.00695653253,1499.36055664512,6.25,406.721113045205,0.996,"0.098","storm_52",0.0528483774746888,0.0311717371443892
"53","FC = 0.996, SFT = 0.098",2016-04-19,"2016-04-19 09:00:00",1950.18352883641,1073.16441603062,4.75,410.564953439243,0.996,"0.098","storm_53",0.040544356108865,0.0223111105203872
"54","FC = 0.996, SFT = 0.098",2016-04-26,"2016-04-27 09:15:00",12042.5818401424,5283.48852664442,21.75,553.681923684707,0.996,"0.098","storm_54",0.250365526822087,0.109843836312774
"55","FC = 0.996, SFT = 0.098",2016-05-02,"2016-05-03 15:45:00",25773.5142043008,6917.57997387662,26.75,963.495858104704,0.996,"0.098","storm_55",0.53583189613931,0.143816631473526
"56","FC = 0.996, SFT = 0.098",2016-05-08,"2016-05-09 10:15:00",21000.8412337979,5881.08033764404,25.25,831.716484506847,0.996,"0.098","storm_56",0.436607925858584,0.122267782487402
"57","FC = 0.996, SFT = 0.098",2016-05-15,"2016-05-15 11:45:00",4230.51948771686,1466.68539048313,9.5,445.317840812301,0.996,"0.098","storm_57",0.0879525881022215,0.0304924197605641
"58","FC = 0.996, SFT = 0.098",2016-05-29,"2016-05-30 06:00:00",5424.59157905798,2493.53236628209,9.75,556.36836708287,0.996,"0.098","storm_58",0.112777371705987,0.0518405897355943
"59","FC = 0.996, SFT = 0.098",2016-06-05,"2016-06-06 16:15:00",45425.9032237964,18236.2331632326,27.5,1651.85102631987,0.996,"0.098","storm_59",0.944405472428199,0.379131666595272
"60","FC = 0.996, SFT = 0.098",2016-07-10,"2016-07-10 15:15:00",4330.4020737705,1178.65227060585,8.75,494.9030941452,0.996,"0.098","storm_60",0.0900291491428379,0.0245042052101009
"61","FC = 0.996, SFT = 0.098",2016-07-14,"2016-07-15 00:15:00",3467.11520730968,1184.32809155326,7,495.302172472812,0.996,"0.098","storm_61",0.0720813972413655,0.0246222056455979
"62","FC = 0.996, SFT = 0.098",2016-07-23,"2016-07-24 03:15:00",1977.28593049376,366.013506806247,4.75,416.270722209212,0.996,"0.098","storm_62",0.0411078156027808,0.00760942841593028
"63","FC = 0.996, SFT = 0.098",2016-08-16,"2016-08-17 13:00:00",11130.3537236552,2778.12914510861,15.25,729.859260567553,0.996,"0.098","storm_63",0.231400285315076,0.0577573626841706
"64","FC = 0.996, SFT = 0.098",2016-10-22,"2016-10-23 16:15:00",28840.0904793181,5931.16887024737,32.25,894.266371451725,0.996,"0.098","storm_64",0.599586080651105,0.123309124121567
"65","FC = 0.996, SFT = 0.098",2016-10-29,"2016-10-29 21:30:00",4595.2936335999,1211.72884860111,9.25,496.788500929719,0.996,"0.098","storm_65",0.095536250178792,0.0251918679542849
"66","FC = 0.996, SFT = 0.098",2016-11-03,"2016-11-04 09:45:00",10910.7318435844,2944.84097728326,19.5,559.524709927407,0.996,"0.098","storm_66",0.226834341862462,0.061223305141024
"67","FC = 0.996, SFT = 0.098",2016-11-20,"2016-11-22 01:45:00",26712.2002716776,6657.4773048779,40.25,663.657149606896,0.996,"0.098","storm_67",0.555347198995375,0.138409091577503
"68","FC = 0.996, SFT = 0.098",2016-11-30,"2016-12-02 01:45:00",11044.6934599901,2112.61846211213,14.25,775.0662077186,0.996,"0.098","storm_68",0.2296194066526,0.0439213817486929
"69","FC = 0.996, SFT = 0.098",2016-12-02,"2018-04-21 10:30:00",426195.596593801,249852.630566113,188.25,2263.987232902,0.996,"0.098","storm_69",8.86061531380043,5.19444138391087
"70","FC = 0.996, SFT = 0.098",2018-04-21,"2018-04-22 08:30:00",5274.72334412652,4474.44545372336,10.5,502.354604202525,0.996,"0.098","storm_70",0.109661607985998,0.0930238140067226
"71","FC = 0.996, SFT = 0.098",2018-04-22,"2018-04-23 08:15:00",4125.88741228699,3575.73032899067,9.25,446.041882409404,0.996,"0.098","storm_71",0.0857772850787316,0.0743395078792239
"72","FC = 0.996, SFT = 0.098",2018-04-25,"2018-04-28 10:00:00",131472.807247981,57815.2564992404,67.75,1940.5580405606,0.996,"0.098","storm_72",2.73332239600792,1.20198038459959
"73","FC = 0.996, SFT = 0.098",2018-04-28,"2018-05-02 06:45:00",211873.939407454,90592.2968958408,79.25,2673.48819441582,0.996,"0.098","storm_73",4.40486360514457,1.88341573588027
"74","FC = 0.996, SFT = 0.098",2018-05-04,"2018-05-06 07:30:00",43186.1581292085,12770.8130713605,36.25,1191.34229321955,0.996,"0.098","storm_74",0.897841125347371,0.265505469259054
"75","FC = 0.996, SFT = 0.098",2018-05-08,"2018-05-08 07:00:00",1855.03646493301,1231.5336353609,5,371.007292986602,0.996,"0.098","storm_75",0.0385662466722039,0.025603609882763
"76","FC = 0.996, SFT = 0.098",2018-05-15,"2018-05-16 11:30:00",27403.3655921593,14921.4802500072,26.5,1034.08926762865,0.996,"0.098","storm_76",0.569716540377533,0.310217884615534
"77","FC = 0.996, SFT = 0.098",2018-05-22,"2018-05-23 14:45:00",13844.8512393272,7477.54209609427,19.25,719.213051393622,0.996,"0.098","storm_77",0.287834745100358,0.155458255636056
"78","FC = 0.996, SFT = 0.098",2018-06-02,"2018-06-02 13:00:00",6057.32122651713,4639.56436404638,10.5,576.887735858774,0.996,"0.098","storm_78",0.125931834231125,0.0964566395851638
"79","FC = 0.996, SFT = 0.098",2018-06-04,"2018-06-04 22:15:00",8262.65049116542,4937.726849141,14.25,579.835122187047,0.996,"0.098","storm_79",0.171780675492005,0.102655443849085
"80","FC = 0.996, SFT = 0.098",2018-06-18,"2018-06-20 07:30:00",133415.714782203,50172.5116946374,42.25,3157.76839721191,0.996,"0.098","storm_80",2.77371548403749,1.04308756121907
"81","FC = 0.996, SFT = 0.098",2018-06-27,"2018-06-29 06:15:00",11827.3153631345,3659.16327076784,16.5,716.806991705119,0.996,"0.098","storm_81",0.245890132289698,0.0760740804733439
"82","FC = 0.996, SFT = 0.098",2018-07-25,"2018-07-26 19:00:00",63205.3180398648,28364.4091349567,22.25,2840.68845122988,0.996,"0.098","storm_82",1.31403987608866,0.589696655612405
"83","FC = 0.996, SFT = 0.098",2018-08-07,"2018-08-08 05:00:00",5712.30528462053,2733.40308891917,9.5,601.295293117951,0.996,"0.098","storm_83",0.118758945626206,0.0568275070461365
"84","FC = 0.996, SFT = 0.098",2018-08-15,"2018-08-16 12:15:00",7666.9030879177,3734.78142621244,15.5,494.638908897916,0.996,"0.098","storm_84",0.159395074592884,0.0776461834971401
"85","FC = 0.996, SFT = 0.098",2018-08-18,"2018-08-18 14:15:00",9074.91102803928,3428.64658515164,14.25,636.835861616792,0.996,"0.098","storm_85",0.188667588940526,0.0712816337869363
"86","FC = 0.996, SFT = 0.098",2018-09-06,"2018-09-06 18:15:00",4102.77882865315,2433.42090276544,8,512.847353581643,0.996,"0.098","storm_86",0.0852968571445561,0.0505908711593646
"87","FC = 0.996, SFT = 0.098",2018-09-11,"2018-09-11 18:45:00",21813.6863639554,7171.55739048162,18.25,1195.27048569618,0.996,"0.098","storm_87",0.453506993013625,0.14909682724494
"88","FC = 0.996, SFT = 0.098",2018-09-21,"2018-09-22 01:15:00",16333.0320576916,9505.4015076878,17.5,933.316117582377,0.996,"0.098","storm_88",0.339564076043484,0.197617494962324
"89","FC = 0.996, SFT = 0.098",2018-09-26,"2018-09-27 13:00:00",34300.3926248663,10507.4935485833,21.5,1595.36709883099,0.996,"0.098","storm_89",0.713105875776845,0.218451009326057
"90","FC = 0.996, SFT = 0.098",2018-09-28,"2018-09-28 14:00:00",5117.20328544472,1976.6721375136,9.5,538.652977415234,0.996,"0.098","storm_90",0.106386762691159,0.0410950548339626
"91","FC = 0.996, SFT = 0.098",2018-10-02,"2018-10-04",45342.5163262497,17769.0540735039,38.25,1185.42526343137,0.996,"0.098","storm_91",0.942671857094589,0.369419003607149
"92","FC = 0.996, SFT = 0.098",2018-10-11,"2018-10-13 01:30:00",75632.2681313797,23832.7043443187,43.25,1748.72296257525,0.996,"0.098","storm_92",1.57239642684781,0.495482418800805
"93","FC = 0.996, SFT = 0.098",2018-10-24,"2018-10-24 23:30:00",4297.84273805025,2860.18292365988,10,429.784273805025,0.996,"0.098","storm_93",0.0893522398763046,0.0594632624461514
"94","FC = 0.996, SFT = 0.098",2018-10-27,"2018-10-28 21:45:00",22941.9933467079,10824.3940196607,30.5,752.196503170751,0.996,"0.098","storm_94",0.476964518642576,0.225039376708123
"95","FC = 0.996, SFT = 0.098",2018-11-01,"2018-11-05 09:45:00",254496.143494349,102015.075664649,84.5,3011.7886804065,0.996,"0.098","storm_95",5.29098011422763,2.1208955439636
"96","FC = 0.996, SFT = 0.098",2018-11-06,"2018-11-07 12:00:00",13844.3035492174,7356.50701478083,21.5,643.921095312438,0.996,"0.098","storm_96",0.287823358611589,0.152941933779227
"97","FC = 0.996, SFT = 0.098",2018-11-09,"2018-11-12 12:00:00",62264.3817698814,30922.6350979236,63.25,984.417103081128,0.996,"0.098","storm_97",1.29447779147362,0.642882226568058
"98","FC = 0.996, SFT = 0.098",2018-11-12,"2018-11-14 19:15:00",55258.4105287559,33027.5088137989,47.5,1163.33495850012,0.996,"0.098","storm_98",1.14882350371634,0.686642594881475
"99","FC = 0.996, SFT = 0.098",2018-11-14,"2018-11-19 10:00:00",514900.972861313,332851.024386375,110,4680.91793510284,0.996,"0.098","storm_99",10.7048019305886,6.91997971697246
"100","FC = 0.98, SFT = 0.098",2014-07-27,"2014-07-28 04:45:00",7066.04741624318,2297.87347065842,10.5,672.956896785065,0.98,"0.098","storm_1",0.146903272686968,0.0477728372278258
"101","FC = 0.98, SFT = 0.098",2014-07-28,"2014-07-29 12:15:00",42914.4185721429,5142.98722963266,25.5,1682.91837537815,0.98,"0.098","storm_2",0.892191654306505,0.106922811426874
"102","FC = 0.98, SFT = 0.098",2014-07-31,"2014-07-31 22:00:00",4458.09491231583,1418.38283466649,8.25,540.375140886767,0.98,"0.098","storm_3",0.092683885910932,0.029488208620925
"103","FC = 0.98, SFT = 0.098",2014-08-13,"2014-08-14 10:45:00",25722.9827429406,3573.15154670482,18.75,1371.89241295683,0.98,"0.098","storm_4",0.534781346007081,0.0742858949418881
"104","FC = 0.98, SFT = 0.098",2014-09-02,"2014-09-03 04:30:00",2505.14896567128,1274.4298235253,6,417.52482761188,0.98,"0.098","storm_5",0.0520820990784049,0.0264954225265135
"105","FC = 0.98, SFT = 0.098",2014-09-06,"2014-09-07 01:15:00",6529.53625800892,2295.38854859112,11.25,580.403222934126,0.98,"0.098","storm_6",0.1357491945532,0.0477211756463849
"106","FC = 0.98, SFT = 0.098",2014-10-04,"2014-10-05 09:30:00",19291.4995534174,6735.76603256275,18.75,1028.87997618226,0.98,"0.098","storm_7",0.401070676786226,0.140036715853695
"107","FC = 0.98, SFT = 0.098",2014-10-16,"2014-10-17 04:30:00",19040.3572158457,4298.86545127383,17.25,1103.788824107,0.98,"0.098","storm_8",0.395849422366855,0.0893735021054851
"108","FC = 0.98, SFT = 0.098",2014-10-18,"2014-10-19 02:45:00",7553.99346826915,1775.12002396865,13.25,570.112714586351,0.98,"0.098","storm_9",0.157047681252997,0.0369047822030904
"109","FC = 0.98, SFT = 0.098",2014-10-23,"2014-10-24 14:00:00",10780.960766303,2573.19160171397,20,539.048038315151,0.98,"0.098","storm_10",0.224136398467838,0.0534967068963404
"110","FC = 0.98, SFT = 0.098",2014-11-07,"2014-11-08 14:15:00",6677.12424742993,2011.98806303206,8.5,785.544029109404,0.98,"0.098","storm_11",0.13881755192162,0.0418292736597102
"111","FC = 0.98, SFT = 0.098",2015-04-07,"2015-04-08 08:00:00",9813.63612570645,6478.97666739255,16,613.352257856653,0.98,"0.098","storm_12",0.204025699079136,0.134698059613151
"112","FC = 0.98, SFT = 0.098",2015-04-08,"2015-04-09 01:15:00",2319.5766049176,1456.62307094487,5.75,403.404626942192,0.98,"0.098","storm_13",0.0482240458402828,0.0302832239281677
"113","FC = 0.98, SFT = 0.098",2015-04-09,"2015-04-10 10:30:00",13621.9041952914,7577.8845792357,19,716.942326067966,0.98,"0.098","storm_14",0.283199671419779,0.157544377946688
"114","FC = 0.98, SFT = 0.098",2015-04-11,"2015-04-12 07:45:00",4036.37823856503,2218.90805187433,9,448.48647095167,0.98,"0.098","storm_15",0.0839163874961544,0.0461311445296119
"115","FC = 0.98, SFT = 0.098",2015-04-12,"2015-04-13 08:15:00",4003.88157315592,2206.63746486218,9.25,432.852061962802,0.98,"0.098","storm_16",0.0832407811466927,0.0458760387705235
"116","FC = 0.98, SFT = 0.098",2015-04-14,"2015-04-14 12:00:00",4400.65259450346,2110.14058089178,9.5,463.226588895101,0.98,"0.098","storm_17",0.0914896589293859,0.0438698665466066
"117","FC = 0.98, SFT = 0.098",2015-04-15,"2015-04-15 07:45:00",2860.33436060631,1228.12749702327,7.25,394.528877325008,0.98,"0.098","storm_18",0.059466410823416,0.02553279619591
"118","FC = 0.98, SFT = 0.098",2015-04-16,"2015-04-16 08:15:00",2504.88820575819,1156.13431441058,6,417.481367626365,0.98,"0.098","storm_19",0.0520766778743907,0.0240360564326525
"119","FC = 0.98, SFT = 0.098",2015-04-17,"2015-04-17 12:15:00",2151.7614872583,1046.94806704908,5,430.35229745166,0.98,"0.098","storm_20",0.0447351660552661,0.0217660720800225
"120","FC = 0.98, SFT = 0.098",2015-04-20,"2015-04-20 22:15:00",5896.41690325832,2472.54151049383,13,453.570531019871,0.98,"0.098","storm_21",0.122586630005371,0.0514041894073562
"121","FC = 0.98, SFT = 0.098",2015-04-21,"2015-04-22 08:30:00",37616.4283434223,13589.600430035,27.75,1355.54696733053,0.98,"0.098","storm_22",0.782046327306077,0.282528075468503
"122","FC = 0.98, SFT = 0.098",2015-04-22,"2015-04-23 16:00:00",28809.0239057713,11305.7110078553,23.25,1239.09780239877,0.98,"0.098","storm_23",0.598940205941191,0.235045966899278
"123","FC = 0.98, SFT = 0.098",2015-05-10,"2015-05-11 06:45:00",7589.70594449473,3279.59688775882,12,632.475495374561,0.98,"0.098","storm_24",0.15779014437619,0.0681828874793934
"124","FC = 0.98, SFT = 0.098",2015-05-11,"2015-05-12 16:15:00",24104.3048700599,5692.24911438374,24.75,973.911307881208,0.98,"0.098","storm_25",0.501128999377545,0.118341977430015
"125","FC = 0.98, SFT = 0.098",2015-05-28,"2015-05-28 23:45:00",1810.21720460507,1016.6496243495,4,452.554301151267,0.98,"0.098","storm_26",0.0376344533181927,0.0211361668263928
"126","FC = 0.98, SFT = 0.098",2015-05-30,"2015-05-31 19:30:00",29515.8259228206,6041.02657535347,25.25,1168.94360090379,0.98,"0.098","storm_27",0.613634634570076,0.125593068094667
"127","FC = 0.98, SFT = 0.098",2015-06-01,"2015-06-02 09:00:00",47834.2266437461,32137.2298234918,33.25,1438.62335770665,0.98,"0.098","storm_28",0.994474566398048,0.66813367616407
"128","FC = 0.98, SFT = 0.098",2015-06-05,"2015-06-06 10:45:00",13449.8183247301,3896.39269696463,15,896.654554982008,0.98,"0.098","storm_29",0.279622002593142,0.0810060851759799
"129","FC = 0.98, SFT = 0.098",2015-06-08,"2015-06-25 07:15:00",19514.2964084806,3842.06501591993,17.25,1131.26355991192,0.98,"0.098","storm_30",0.40570262803494,0.0798766115575868
"130","FC = 0.98, SFT = 0.098",2015-06-28,"2015-06-29 18:45:00",61353.0534466026,15702.0625230662,39.5,1553.24185940766,0.98,"0.098","storm_31",1.27553125668612,0.326446206300752
"131","FC = 0.98, SFT = 0.098",2015-07-01,"2015-07-03 11:45:00",308973.197737435,22564.2826153701,51.75,5970.49657463642,0.98,"0.098","storm_32",6.42355920452047,0.469111904685448
"132","FC = 0.98, SFT = 0.098",2015-07-04,"2015-07-05 13:15:00",19416.8330554394,8662.78003370495,19.25,1008.66665223062,0.98,"0.098","storm_33",0.403676362898948,0.180099377000103
"133","FC = 0.98, SFT = 0.098",2015-08-11,"2015-08-12 11:15:00",22287.6109425453,5626.52051649992,26.25,849.051845430297,0.98,"0.098","storm_34",0.463359894855412,0.116975478513512
"134","FC = 0.98, SFT = 0.098",2015-08-21,"2015-08-21 18:30:00",14562.502155602,4495.03604218293,14.25,1021.92997583172,0.98,"0.098","storm_35",0.302754722569689,0.093451892768876
"135","FC = 0.98, SFT = 0.098",2015-09-13,"2015-09-14 09:00:00",18239.0700094633,3852.7203892664,16.25,1122.40430827467,0.98,"0.098","storm_36",0.379190644687387,0.0800981369909855
"136","FC = 0.98, SFT = 0.098",2015-09-29,"2015-10-01 16:45:00",156787.415079675,18618.3778717466,46.25,3389.99816388487,0.98,"0.098","storm_37",3.25961361912007,0.387076463030075
"137","FC = 0.98, SFT = 0.098",2015-10-09,"2015-10-10 01:30:00",20910.9299499524,9080.84032304537,19.5,1072.35538204884,0.98,"0.098","storm_38",0.434738668398179,0.188790859106972
"138","FC = 0.98, SFT = 0.098",2015-10-28,"2015-10-30 13:15:00",106324.047376513,23301.4103787513,46.75,2274.31117382916,0.98,"0.098","storm_39",2.21047915543686,0.484436806211045
"139","FC = 0.98, SFT = 0.098",2015-10-31,"2015-10-31 10:00:00",2946.17299781062,1002.6305729699,7,420.881856830089,0.98,"0.098","storm_40",0.0612509978754807,0.0208447104567547
"140","FC = 0.98, SFT = 0.098",2015-11-12,"2015-11-13 11:15:00",9566.53647116176,3843.57470439956,14.5,659.761135942191,0.98,"0.098","storm_41",0.198888492123945,0.079907998012465
"141","FC = 0.98, SFT = 0.098",2016-03-28,"2016-03-29 14:15:00",31237.8259716336,12603.7380221209,27.75,1125.68742240121,0.98,"0.098","storm_42",0.649435051385315,0.262031975511869
"142","FC = 0.98, SFT = 0.098",2016-03-29,"2016-03-30 08:00:00",3575.77736194576,1493.38357464995,8.75,408.660269936659,0.98,"0.098","storm_43",0.0743404856953381,0.031047475564448
"143","FC = 0.98, SFT = 0.098",2016-04-07,"2016-04-09 04:30:00",25458.8424462016,11605.2008371013,32.25,789.42147120005,0.98,"0.098","storm_44",0.529289863746395,0.241272366675702
"144","FC = 0.98, SFT = 0.098",2016-04-26,"2016-04-27 03:15:00",6380.39256135157,2948.59682753207,13.25,481.539061234081,0.98,"0.098","storm_45",0.132648493998993,0.0613013893457811
"145","FC = 0.98, SFT = 0.098",2016-05-02,"2016-05-03 06:15:00",15048.8837713303,4107.83320706253,16.25,926.085155158788,0.98,"0.098","storm_46",0.312866606472563,0.0854019377767679
"146","FC = 0.98, SFT = 0.098",2016-05-08,"2016-05-08 23:30:00",13298.6503499577,4092.11291013735,14.5,917.14829999708,0.98,"0.098","storm_47",0.276479217254837,0.085075112476868
"147","FC = 0.98, SFT = 0.098",2016-05-29,"2016-05-30 03:30:00",4061.48009830242,2021.4164637842,7.25,560.204151489989,0.98,"0.098","storm_48",0.084438255681963,0.0420252903073638
"148","FC = 0.98, SFT = 0.098",2016-06-05,"2016-06-06 09:45:00",36340.5104585403,11976.3126630762,21,1730.50049802573,0.98,"0.098","storm_49",0.755519967953022,0.248987789253143
"149","FC = 0.98, SFT = 0.098",2016-07-10,"2016-07-10 11:45:00",1763.87707150544,491.585947793373,4,440.96926787636,0.98,"0.098","storm_50",0.0366710409876391,0.0102200820747063
"150","FC = 0.98, SFT = 0.098",2016-07-14,"2016-07-14 21:45:00",2297.12629006778,837.64290394335,4.5,510.472508903951,0.98,"0.098","storm_51",0.0477573033278125,0.0174146133875956
"151","FC = 0.98, SFT = 0.098",2016-08-16,"2016-08-17 11:00:00",9027.22118475788,2416.91157476339,13.25,681.299712057199,0.98,"0.098","storm_52",0.187676116107232,0.0502476418869728
"152","FC = 0.98, SFT = 0.098",2016-10-22,"2016-10-23 13:30:00",18267.9452393916,3790.5673397765,29.25,624.545136389455,0.98,"0.098","storm_53",0.379790961317912,0.0788059737999273
"153","FC = 0.98, SFT = 0.098",2016-11-03,"2016-11-04 02:00:00",6028.57184562045,1845.17235155393,11.75,513.069944308123,0.98,"0.098","storm_54",0.125334134004583,0.0383611715499777
"154","FC = 0.98, SFT = 0.098",2016-11-20,"2016-11-21 07:00:00",12887.8719950727,3796.97160126531,17.5,736.449828289867,0.98,"0.098","storm_55",0.267939126716688,0.0789391185294243
"155","FC = 0.98, SFT = 0.098",2016-11-30,"2016-12-01 20:45:00",7876.06828783034,1422.01770661197,9,875.118698647815,0.98,"0.098","storm_56",0.163743623447616,0.0295637776842406
"156","FC = 0.98, SFT = 0.098",2018-04-13,"2018-04-15 04:30:00",70505.5751668989,39657.5122205032,33.25,2120.46842607215,0.98,"0.098","storm_57",1.4658123735322,0.824480503544766
"157","FC = 0.98, SFT = 0.098",2018-04-16,"2018-04-18 11:45:00",167155.597045376,87653.6108034178,48,3482.40827177867,0.98,"0.098","storm_58",3.47516833774171,1.82232039092345
"158","FC = 0.98, SFT = 0.098",2018-04-22,"2018-04-22 07:45:00",1870.42939175046,1612.51509511664,4.75,393.774608789571,0.98,"0.098","storm_59",0.0388862659407581,0.0335242223516973
"159","FC = 0.98, SFT = 0.098",2018-04-23,"2018-04-23 07:45:00",2003.56355034561,1750.62043759831,5.25,381.631152446783,0.98,"0.098","storm_60",0.0416541278658131,0.0363954352931041
"160","FC = 0.98, SFT = 0.098",2018-04-25,"2018-04-27 09:00:00",80672.2770323718,35451.2018771585,42.5,1898.1712242911,0.98,"0.098","storm_61",1.67717831668133,0.737031224057349
"161","FC = 0.98, SFT = 0.098",2018-04-29,"2018-05-01 13:15:00",139871.9956204,58270.1823562416,54.25,2578.28563355576,0.98,"0.098","storm_62",2.90794169688982,1.21143830262456
"162","FC = 0.98, SFT = 0.098",2018-05-04,"2018-05-05 14:00:00",29784.3350935836,9001.20862609504,18.75,1588.49787165779,0.98,"0.098","storm_63",0.619216945812549,0.18713531447183
"163","FC = 0.98, SFT = 0.098",2018-05-15,"2018-05-16 04:00:00",19266.6363599011,11118.464564031,18.25,1055.70610191239,0.98,"0.098","storm_64",0.400553770476114,0.231153109439314
"164","FC = 0.98, SFT = 0.098",2018-05-22,"2018-05-23 10:00:00",10153.8376540003,5782.296605865,14.5,700.264665793126,0.98,"0.098","storm_65",0.211098495925163,0.12021406665
"165","FC = 0.98, SFT = 0.098",2018-06-02,"2018-06-02 09:15:00",4150.04248875012,3367.90909420946,6.5,638.468075192326,0.98,"0.098","storm_66",0.0862794696205846,0.0700189000875147
"166","FC = 0.98, SFT = 0.098",2018-06-04,"2018-06-04 18:15:00",5757.81631650341,3602.43999591434,10.25,561.738177219845,0.98,"0.098","storm_67",0.119705120925227,0.0748948024098615
"167","FC = 0.98, SFT = 0.098",2018-06-18,"2018-06-19 18:15:00",109462.334199617,40523.4613946363,29,3774.56324826265,0.98,"0.098","storm_68",2.27572420373424,0.842483604878093
"168","FC = 0.98, SFT = 0.098",2018-06-27,"2018-06-29 00:15:00",8445.64053950399,2510.88673344383,10.5,804.346718047999,0.98,"0.098","storm_69",0.17558504240133,0.0522013873896845
"169","FC = 0.98, SFT = 0.098",2018-07-25,"2018-07-26 14:00:00",55092.9048556011,25089.5856304098,17.25,3193.79158583195,0.98,"0.098","storm_70",1.14538263733058,0.521613006869228
"170","FC = 0.98, SFT = 0.098",2018-08-07,"2018-08-08 03:45:00",4797.91895238382,2327.95291324134,8,599.739869047978,0.98,"0.098","storm_71",0.0997488347688945,0.048398189464477
"171","FC = 0.98, SFT = 0.098",2018-08-15,"2018-08-16 08:15:00",5120.03853976647,2633.13838921592,11.25,455.114536868131,0.98,"0.098","storm_72",0.106445707687453,0.0547430018548008
"172","FC = 0.98, SFT = 0.098",2018-08-18,"2018-08-18 11:30:00",6412.08848787994,2503.10353669501,11.25,569.963421144884,0.98,"0.098","storm_73",0.133307452970477,0.0520395745674639
"173","FC = 0.98, SFT = 0.098",2018-09-06,"2018-09-06 17:00:00",3355.67109316144,2032.88875648449,6.75,497.13645824614,0.98,"0.098","storm_74",0.0697644717912982,0.042263799511112
"174","FC = 0.98, SFT = 0.098",2018-09-11,"2018-09-11 14:45:00",17826.4981527716,6209.02138085226,14.25,1250.98232651029,0.98,"0.098","storm_75",0.370613267209389,0.129085683593602
"175","FC = 0.98, SFT = 0.098",2018-09-21,"2018-09-21 20:30:00",12653.4065119897,7711.92126693054,12.75,992.424040156053,0.98,"0.098","storm_76",0.26306458444885,0.160331003470489
"176","FC = 0.98, SFT = 0.098",2018-09-26,"2018-09-27 07:45:00",27542.5018319665,8509.11161496782,16,1721.40636449791,0.98,"0.098","storm_77",0.572609185695769,0.176904607379788
"177","FC = 0.98, SFT = 0.098",2018-10-02,"2018-10-03 14:00:00",28267.4766988165,11359.4183168937,27.5,1027.90824359333,0.98,"0.098","storm_78",0.587681428249824,0.236162542970763
"178","FC = 0.98, SFT = 0.098",2018-10-11,"2018-10-12 12:45:00",55579.6494816402,17894.1727315839,30.5,1822.28358956197,0.98,"0.098","storm_79",1.15550206822537,0.372020223109853
"179","FC = 0.98, SFT = 0.098",2018-10-27,"2018-10-28 10:30:00",14434.6829149477,7320.85010183182,19.25,749.85365791936,0.98,"0.098","storm_80",0.30009735789912,0.152200625817709
"180","FC = 0.98, SFT = 0.098",2018-11-01,"2018-11-02 21:00:00",48253.3621939957,20804.3480863787,23.75,2031.7205134314,0.98,"0.098","storm_81",1.00318840320157,0.432522829238642
"181","FC = 0.98, SFT = 0.098",2018-11-03,"2018-11-05 06:45:00",126705.21304624,49116.4921869637,53.25,2379.44062058666,0.98,"0.098","storm_82",2.63420401343533,1.02113289369987
"182","FC = 0.98, SFT = 0.098",2018-11-06,"2018-11-07 05:00:00",9048.70835124516,5085.73898697,14.5,624.048851810011,0.98,"0.098","storm_83",0.188122834745222,0.105732619271726
"183","FC = 0.98, SFT = 0.098",2018-11-09,"2018-11-11 03:30:00",32046.2619470525,16056.7776087025,30.5,1050.69711301811,0.98,"0.098","storm_84",0.666242452121673,0.333820740305664
"184","FC = 0.98, SFT = 0.098",2018-11-11,"2018-11-11 08:00:00",1457.50437552785,648.030461716463,4,364.376093881963,0.98,"0.098","storm_85",0.0303015462687703,0.013472566771652
"185","FC = 0.98, SFT = 0.098",2018-11-13,"2018-11-14 19:15:00",36163.0370584734,20853.7869017502,35.25,1025.90176052407,0.98,"0.098","storm_86",0.751830292275954,0.433550663238049
"186","FC = 0.98, SFT = 0.098",2018-11-14,"2018-11-16 06:15:00",450755.727375365,285024.766146986,34.25,13160.7511642442,0.98,"0.098","storm_87",9.37122094335478,5.92567081386665
"187","FC = 0.996, SFT = 0.1",2014-07-27,"2014-07-29 22:45:00",75284.5887678003,12271.5326240554,59.25,1270.62597076456,0.996,"0.1","storm_1",1.56516816565073,0.255125418379529
"188","FC = 0.996, SFT = 0.1",2014-07-31,"2014-08-01 00:45:00",5874.60579967244,1775.69627257753,11,534.055072697495,0.996,"0.1","storm_2",0.122133176708367,0.0369167624236493
"189","FC = 0.996, SFT = 0.1",2014-08-13,"2014-08-14 20:00:00",35319.3397719945,4630.1276336665,28,1261.40499185694,0.996,"0.1","storm_3",0.734289808149573,0.0962604497643763
"190","FC = 0.996, SFT = 0.1",2014-09-02,"2014-09-03 09:45:00",4919.74132383847,2072.93853465441,11.25,437.310339896753,0.996,"0.1","storm_4",0.102281524404126,0.0430964352319005
"191","FC = 0.996, SFT = 0.1",2014-09-06,"2014-09-07 04:15:00",8400.60651863502,2833.58651277384,14.25,589.516246921756,0.996,"0.1","storm_5",0.174648784171206,0.0589103225108907
"192","FC = 0.996, SFT = 0.1",2014-10-04,"2014-10-05 16:00:00",26153.0690710204,8490.49125842497,25.25,1035.76511172358,0.996,"0.1","storm_6",0.543722849709364,0.176517489780145
"193","FC = 0.996, SFT = 0.1",2014-10-16,"2014-10-17 13:30:00",27310.5370475016,5623.70549929366,26.25,1040.4014113334,0.996,"0.1","storm_7",0.567786633004192,0.11691695424727
"194","FC = 0.996, SFT = 0.1",2014-10-18,"2014-10-19 14:30:00",15446.153695221,3102.26046111383,25.25,611.728859216672,0.996,"0.1","storm_8",0.321125856449501,0.0644960594826161
"195","FC = 0.996, SFT = 0.1",2014-10-23,"2014-10-24 22:15:00",18439.0520526788,4084.63947541094,28.25,652.709807174471,0.996,"0.1","storm_9",0.383348275523468,0.0849197396135331
"196","FC = 0.996, SFT = 0.1",2014-11-07,"2014-11-09 00:30:00",12209.8962510358,3169.15042016754,19.25,634.280324729134,0.996,"0.1","storm_10",0.253843996903032,0.0658867031219862
"197","FC = 0.996, SFT = 0.1",2015-04-07,"2015-04-12 08:30:00",96598.7577946491,56322.2504825213,112.75,856.751732103318,0.996,"0.1","storm_11",2.00829018284094,1.17094075847238
"198","FC = 0.996, SFT = 0.1",2015-04-12,"2015-04-13 08:15:00",5391.13330718628,2989.416852594,10.75,501.500772761514,0.996,"0.1","storm_12",0.112081773538176,0.0621500385154677
"199","FC = 0.996, SFT = 0.1",2015-04-14,"2015-04-14 16:00:00",6895.40237799798,3234.99997128673,13.75,501.483809308944,0.996,"0.1","storm_13",0.143355558794137,0.0672557166587678
"200","FC = 0.996, SFT = 0.1",2015-04-14,"2015-04-15 08:30:00",8797.84878155628,3734.46357675244,15.75,558.593573432145,0.996,"0.1","storm_14",0.182907459076014,0.0776395754002587
"201","FC = 0.996, SFT = 0.1",2015-04-15,"2015-04-16 08:30:00",4791.43619411214,2212.60095493068,9.75,491.429353242271,0.996,"0.1","storm_15",0.0996140580896495,0.0460000198530286
"202","FC = 0.996, SFT = 0.1",2015-04-17,"2015-04-17 13:45:00",2993.47173663649,1489.79412452629,6.5,460.534113328691,0.996,"0.1","storm_16",0.0622343396390123,0.0309728508217524
"203","FC = 0.996, SFT = 0.1",2015-04-17,"2015-04-18 09:15:00",5364.19048252624,2142.53433572558,12.5,429.135238602099,0.996,"0.1","storm_17",0.111521631653352,0.0445433333830682
"204","FC = 0.996, SFT = 0.1",2015-04-20,"2015-04-21 02:45:00",9268.08332984525,3777.01316871568,17.5,529.604761705443,0.996,"0.1","storm_18",0.192683645111128,0.0785241823017814
"205","FC = 0.996, SFT = 0.1",2015-04-21,"2015-04-25 10:30:00",133988.14461319,51660.3655573668,102.5,1307.20141086039,0.996,"0.1","storm_19",2.78561631212453,1.07402007395773
"206","FC = 0.996, SFT = 0.1",2015-04-27,"2015-04-28 08:45:00",4683.01987105863,2121.83151638482,10.25,456.879987420355,0.996,"0.1","storm_20",0.0973600804793895,0.0441129213385617
"207","FC = 0.996, SFT = 0.1",2015-04-29,"2015-04-29 08:00:00",2860.70847657592,1094.85448614347,7,408.672639510846,0.996,"0.1","storm_21",0.0594741887022022,0.0227620475289704
"208","FC = 0.996, SFT = 0.1",2015-05-10,"2015-05-11 12:15:00",10868.7056221284,4378.2521059124,17.5,621.068892693054,0.996,"0.1","storm_22",0.225960615844666,0.091023952305871
"209","FC = 0.996, SFT = 0.1",2015-05-11,"2015-05-13 12:45:00",50657.2725737861,9374.24387260419,45.5,1113.34664997332,0.996,"0.1","storm_23",1.05316574997476,0.194890725002166
"210","FC = 0.996, SFT = 0.1",2015-05-28,"2015-05-29 00:30:00",2268.45245721774,1186.04336347893,4.75,477.56893836163,0.996,"0.1","storm_24",0.0471611737467306,0.0246578661845931
"211","FC = 0.996, SFT = 0.1",2015-05-30,"2015-06-03 09:45:00",135970.238757838,73695.475352006,87.5,1553.94558580387,0.996,"0.1","storm_25",2.82682409059955,1.53213046469867
"212","FC = 0.996, SFT = 0.1",2015-06-05,"2015-06-06 14:30:00",16854.9686470123,4446.06219956449,18.75,898.931661173991,0.996,"0.1","storm_26",0.350415148586535,0.0924337255626713
"213","FC = 0.996, SFT = 0.1",2015-06-08,"2015-06-26 12:45:00",40551.1794111062,11215.9558130173,46.75,867.404907189438,0.996,"0.1","storm_27",0.843059863016762,0.233179954532584
"214","FC = 0.996, SFT = 0.1",2015-06-28,"2015-06-30 10:15:00",101857.504583551,26509.6470375941,55.25,1843.57474359368,0.996,"0.1","storm_28",2.11761963791166,0.551136113047695
"215","FC = 0.996, SFT = 0.1",2015-07-01,"2015-07-03 17:00:00",388789.3190655,31024.3874816463,57.5,6761.55337505217,0.996,"0.1","storm_29",8.08293802630977,0.644997660741088
"216","FC = 0.996, SFT = 0.1",2015-07-04,"2015-07-04 08:00:00",3105.85875844099,1703.63616051217,7.75,400.755968831095,0.996,"0.1","storm_30",0.0645708681588563,0.0354186311956791
"217","FC = 0.996, SFT = 0.1",2015-07-04,"2015-07-22 21:30:00",42936.509050553,16712.2725995767,49.75,863.045408051317,0.996,"0.1","storm_31",0.892650915811913,0.347448494793694
"218","FC = 0.996, SFT = 0.1",2015-08-11,"2015-08-13 08:00:00",41310.2642083918,8533.60459667497,47,878.941791667911,0.996,"0.1","storm_32",0.858841251733717,0.17741381697869
"219","FC = 0.996, SFT = 0.1",2015-08-21,"2015-08-22 00:45:00",19328.0351722217,5213.6562163318,20.5,942.830984010816,0.996,"0.1","storm_33",0.401830253060743,0.108392021129559
"220","FC = 0.996, SFT = 0.1",2015-09-13,"2015-09-14 17:15:00",26497.6983302186,4854.35544661542,24.5,1081.53870735586,0.996,"0.1","storm_34",0.550887699172944,0.100922150657285
"221","FC = 0.996, SFT = 0.1",2015-09-29,"2015-10-02 12:00:00",232673.972301545,29198.338831874,66,3525.36321669007,0.996,"0.1","storm_35",4.83729672144583,0.607034071348733
"222","FC = 0.996, SFT = 0.1",2015-10-09,"2015-10-10 16:15:00",35208.212788234,13769.3728656905,34.25,1027.97701571486,0.996,"0.1","storm_36",0.73197947584686,0.286265548143253
"223","FC = 0.996, SFT = 0.1",2015-10-10,"2015-10-11 00:45:00",2505.17199102288,708.640805675585,6.5,385.411075541981,0.996,"0.1","storm_37",0.0520825777759434,0.0147326570826525
"224","FC = 0.996, SFT = 0.1",2015-10-13,"2015-10-14 08:30:00",4398.05631516174,2100.32699964237,10,439.805631516174,0.996,"0.1","storm_38",0.0914356822278949,0.043665841988407
"225","FC = 0.996, SFT = 0.1",2015-10-17,"2015-10-18 09:30:00",7585.02077285681,2511.17722611032,17.75,427.325113963764,0.996,"0.1","storm_39",0.157692739560433,0.0522074267382603
"226","FC = 0.996, SFT = 0.1",2015-10-19,"2015-10-19 09:00:00",1755.09923189988,662.076577032853,4.5,390.022051533308,0.996,"0.1","storm_40",0.0364885495197481,0.0137645858010988
"227","FC = 0.996, SFT = 0.1",2015-10-28,"2015-11-01 06:30:00",176861.548964384,41616.3051146597,88.25,2004.09687211767,0.996,"0.1","storm_41",3.67695527992482,0.865203848537623
"228","FC = 0.996, SFT = 0.1",2015-11-04,"2015-11-04 10:45:00",3646.95488665697,1521.53045268659,8.75,416.794844189368,0.996,"0.1","storm_42",0.0758202679138663,0.0316326497440039
"229","FC = 0.996, SFT = 0.1",2015-11-08,"2015-11-09 04:45:00",2550.92561139037,741.633870129088,6.5,392.450094060057,0.996,"0.1","storm_43",0.0530337964946023,0.0154185835785673
"230","FC = 0.996, SFT = 0.1",2015-11-10,"2015-11-10 09:30:00",2287.94056776735,1004.4433633019,5.75,397.9027074378,0.996,"0.1","storm_44",0.0475663319702152,0.0208823984054448
"231","FC = 0.996, SFT = 0.1",2015-11-12,"2015-11-13 16:45:00",13767.8382348579,5067.37977328395,20,688.391911742896,0.996,"0.1","storm_45",0.286233643136339,0.105350930837504
"232","FC = 0.996, SFT = 0.1",2015-11-17,"2015-11-17 12:00:00",5557.31567734164,2509.56984768617,12,463.10963977847,0.996,"0.1","storm_46",0.115536708468641,0.0521740093074048
"233","FC = 0.996, SFT = 0.1",2015-11-17,"2015-11-18 09:45:00",7086.54198304092,3420.55948857863,15.25,464.691277576454,0.996,"0.1","storm_47",0.147329355156776,0.0711135028810526
"234","FC = 0.996, SFT = 0.1",2016-03-25,"2016-03-26 08:15:00",8762.45830952392,4803.30881537312,20.25,432.713990593774,0.996,"0.1","storm_48",0.182171690426693,0.0998608901324972
"235","FC = 0.996, SFT = 0.1",2016-03-28,"2016-03-30 10:00:00",56632.8578809572,22729.7605601271,47.5,1192.27069223068,0.996,"0.1","storm_49",1.17739829274339,0.472552194597237
"236","FC = 0.996, SFT = 0.1",2016-04-05,"2016-04-05 11:30:00",2030.10984781316,1347.87929937613,4,507.527461953291,0.996,"0.1","storm_50",0.0422060259420616,0.0280224386564683
"237","FC = 0.996, SFT = 0.1",2016-04-07,"2016-04-09 14:00:00",41503.7437497685,18110.5594434294,41.75,994.101646701042,0.996,"0.1","storm_51",0.862863695421382,0.376518907347805
"238","FC = 0.996, SFT = 0.1",2016-04-12,"2016-04-12 15:15:00",2363.7560402678,1414.60157081904,5.75,411.088007003096,0.996,"0.1","storm_52",0.0491425372197049,0.0294095960669238
"239","FC = 0.996, SFT = 0.1",2016-04-19,"2016-04-19 08:45:00",1860.35511698758,1024.11810316116,4.5,413.412248219461,0.996,"0.1","storm_53",0.0386768215589933,0.0212914366561572
"240","FC = 0.996, SFT = 0.1",2016-04-26,"2016-04-27 08:45:00",11864.3991176531,5211.68380779947,21.25,558.324664360146,0.996,"0.1","storm_54",0.246661104317112,0.108351014715166
"241","FC = 0.996, SFT = 0.1",2016-05-02,"2016-05-03 15:30:00",25684.3634227134,6897.52104801945,26.5,969.221261234469,0.996,"0.1","storm_55",0.533978449536662,0.14339960598793
"242","FC = 0.996, SFT = 0.1",2016-05-08,"2016-05-09 10:00:00",20912.2502407038,5861.85609214261,25,836.49000962815,0.996,"0.1","storm_56",0.434766117270348,0.121868110023755
"243","FC = 0.996, SFT = 0.1",2016-05-15,"2016-05-15 11:30:00",4141.61187728784,1443.56941177159,9.25,447.741824571658,0.996,"0.1","storm_57",0.0861041970330112,0.0300118380825694
"244","FC = 0.996, SFT = 0.1",2016-05-29,"2016-05-30 05:45:00",5335.35996969287,2466.67365186319,9.5,561.616838915039,0.996,"0.1","storm_58",0.110922244692159,0.0512821965044322
"245","FC = 0.996, SFT = 0.1",2016-06-05,"2016-06-06 16:15:00",45425.9032237964,18236.2331632326,27.5,1651.85102631987,0.996,"0.1","storm_59",0.944405472428199,0.379131666595272
"246","FC = 0.996, SFT = 0.1",2016-07-10,"2016-07-10 15:00:00",4241.50788890422,1156.42872438928,8.5,499.000928106379,0.996,"0.1","storm_60",0.0881810371913559,0.0240421772222304
"247","FC = 0.996, SFT = 0.1",2016-07-14,"2016-07-15",3377.71414486845,1159.20639300727,6.75,500.402095536066,0.996,"0.1","storm_61",0.0702227472945623,0.0240999250105462
"248","FC = 0.996, SFT = 0.1",2016-07-23,"2016-07-24 03:00:00",1797.31463856602,327.678717907255,4.25,422.897562015533,0.996,"0.1","storm_62",0.0373662087019962,0.00681244735773918
"249","FC = 0.996, SFT = 0.1",2016-08-16,"2016-08-17 13:00:00",11130.3537236552,2778.12914510861,15.25,729.859260567553,0.996,"0.1","storm_63",0.231400285315076,0.0577573626841706
"250","FC = 0.996, SFT = 0.1",2016-10-22,"2016-10-23 16:15:00",28840.0904793181,5931.16887024737,32.25,894.266371451725,0.996,"0.1","storm_64",0.599586080651105,0.123309124121567
"251","FC = 0.996, SFT = 0.1",2016-10-29,"2016-10-29 21:15:00",4506.59882398526,1193.36902301088,9,500.733202665029,0.996,"0.1","storm_65",0.0936922832429368,0.0248101667985629
"252","FC = 0.996, SFT = 0.1",2016-11-03,"2016-11-04 09:45:00",10910.7318435844,2944.84097728326,19.5,559.524709927407,0.996,"0.1","storm_66",0.226834341862462,0.061223305141024
"253","FC = 0.996, SFT = 0.1",2016-11-20,"2016-11-22 01:15:00",26443.6297282253,6585.59453163026,39.5,669.4589804614,0.996,"0.1","storm_67",0.549763611813415,0.13691464722724
"254","FC = 0.996, SFT = 0.1",2016-11-30,"2016-12-02 01:15:00",10866.4040369642,2068.40388393224,13.75,790.283929961034,0.996,"0.1","storm_68",0.225912765841252,0.043002159749111
"255","FC = 0.996, SFT = 0.1",2016-12-02,"2018-04-21 10:15:00",426106.643060118,249772.305525198,188,2266.52469712829,0.996,"0.1","storm_69",8.85876596798583,5.19277142464029
"256","FC = 0.996, SFT = 0.1",2018-04-21,"2018-04-22 08:30:00",5274.72334412652,4474.44545372336,10.5,502.354604202525,0.996,"0.1","storm_70",0.109661607985998,0.0930238140067226
"257","FC = 0.996, SFT = 0.1",2018-04-22,"2018-04-23 08:15:00",4036.98906206384,3499.98893460054,9,448.554340229315,0.996,"0.1","storm_71",0.0839290865293937,0.072764842715188
"258","FC = 0.996, SFT = 0.1",2018-04-25,"2018-04-28 09:45:00",131383.73936605,57761.2813627902,67.5,1946.42576838592,0.996,"0.1","storm_72",2.73147067289085,1.20085824039065
"259","FC = 0.996, SFT = 0.1",2018-04-29,"2018-05-02 06:45:00",211784.133336651,90541.7360779785,79,2680.81181438798,0.996,"0.1","storm_73",4.4029965350655,1.88236457542575
"260","FC = 0.996, SFT = 0.1",2018-05-04,"2018-05-06 07:30:00",43186.1581292085,12770.8130713605,36.25,1191.34229321955,0.996,"0.1","storm_74",0.897841125347371,0.265505469259054
"261","FC = 0.996, SFT = 0.1",2018-05-08,"2018-05-08 06:45:00",1677.23046986342,1116.06422664561,4.5,372.717882191871,0.996,"0.1","storm_75",0.0348696563381168,0.0232029984749606
"262","FC = 0.996, SFT = 0.1",2018-05-15,"2018-05-16 11:15:00",27223.8856584882,14806.8844759814,26,1047.07252532647,0.996,"0.1","storm_76",0.565985148825119,0.30783543609109
"263","FC = 0.996, SFT = 0.1",2018-05-22,"2018-05-23 14:30:00",13756.343251737,7442.22740904577,19,724.018065880895,0.996,"0.1","storm_77",0.285994662198274,0.154724062558124
"264","FC = 0.996, SFT = 0.1",2018-06-02,"2018-06-02 12:45:00",5878.19370025958,4503.24369611676,10,587.819370025958,0.996,"0.1","storm_78",0.122207769236166,0.0936225300647974
"265","FC = 0.996, SFT = 0.1",2018-06-04,"2018-06-04 22:00:00",8173.40620553685,4896.58523346623,14,583.814728966918,0.996,"0.1","storm_79",0.169925284938396,0.101800108803872
"266","FC = 0.996, SFT = 0.1",2018-06-18,"2018-06-20 07:15:00",133325.813424277,50132.7752944341,42,3174.42412914946,0.996,"0.1","storm_80",2.77184643293715,1.04226144063273
"267","FC = 0.996, SFT = 0.1",2018-06-27,"2018-06-29 06:00:00",11737.5792700523,3623.98672227963,16.25,722.312570464756,0.996,"0.1","storm_81",0.244024517048904,0.0753427592989528
"268","FC = 0.996, SFT = 0.1",2018-07-25,"2018-07-26 18:30:00",63027.8034868201,28301.1256109202,21.75,2897.83004537104,0.996,"0.1","storm_82",1.31034934484033,0.588380989832021
"269","FC = 0.996, SFT = 0.1",2018-08-07,"2018-08-08 05:00:00",5623.7846215589,2664.44549239416,9.25,607.976715844206,0.996,"0.1","storm_83",0.116918599200809,0.0553938771807517
"270","FC = 0.996, SFT = 0.1",2018-08-15,"2018-08-16 12:00:00",7489.37962725422,3652.05336031687,15,499.291975150281,0.996,"0.1","storm_84",0.155704358154973,0.075926265287253
"271","FC = 0.996, SFT = 0.1",2018-08-18,"2018-08-18 14:00:00",8986.01378340565,3402.59969247398,14,641.858127386118,0.996,"0.1","storm_85",0.186819413376417,0.0707401183466524
"272","FC = 0.996, SFT = 0.1",2018-09-06,"2018-09-06 18:15:00",4102.77882865315,2433.42090276544,8,512.847353581643,0.996,"0.1","storm_86",0.0852968571445561,0.0505908711593646
"273","FC = 0.996, SFT = 0.1",2018-09-11,"2018-09-11 18:30:00",21724.4387686551,7152.45840508737,18,1206.91326492528,0.996,"0.1","storm_87",0.451651533651874,0.148699758941525
"274","FC = 0.996, SFT = 0.1",2018-09-21,"2018-09-22 01:15:00",16333.0320576916,9505.4015076878,17.5,933.316117582377,0.996,"0.1","storm_88",0.339564076043484,0.197617494962324
"275","FC = 0.996, SFT = 0.1",2018-09-26,"2018-09-27 13:00:00",34300.3926248663,10507.4935485833,21.5,1595.36709883099,0.996,"0.1","storm_89",0.713105875776845,0.218451009326057
"276","FC = 0.996, SFT = 0.1",2018-09-28,"2018-09-28 13:45:00",5027.81473522871,1943.86653958432,9.25,543.547538943644,0.996,"0.1","storm_90",0.104528372873778,0.0404130257709839
"277","FC = 0.996, SFT = 0.1",2018-10-02,"2018-10-03 23:45:00",45163.9658392902,17681.4153319448,37.75,1196.39644607391,0.996,"0.1","storm_91",0.938959788758632,0.367596992348124
"278","FC = 0.996, SFT = 0.1",2018-10-11,"2018-10-13 00:15:00",75186.5586023625,23676.4427950195,42,1790.15615719911,0.996,"0.1","storm_92",1.56313011647323,0.492233737942193
"279","FC = 0.996, SFT = 0.1",2018-10-24,"2018-10-24 23:15:00",4208.9048594896,2809.75514651599,9.75,431.682549691241,0.996,"0.1","storm_93",0.0875032195320083,0.0584148679109354
"280","FC = 0.996, SFT = 0.1",2018-10-27,"2018-10-28 21:15:00",22763.0410653462,10759.1663913032,30,758.768035511541,0.996,"0.1","storm_94",0.473244096992645,0.223683292958486
"281","FC = 0.996, SFT = 0.1",2018-11-01,"2018-11-05 09:45:00",254496.143494349,102015.075664649,84.5,3011.7886804065,0.996,"0.1","storm_95",5.29098011422763,2.1208955439636
"282","FC = 0.996, SFT = 0.1",2018-11-06,"2018-11-07 12:00:00",13844.3035492174,7356.50701478083,21.5,643.921095312438,0.996,"0.1","storm_96",0.287823358611589,0.152941933779227
"283","FC = 0.996, SFT = 0.1",2018-11-09,"2018-11-12 11:30:00",61996.6208171011,30746.0100253929,62.5,991.945933073618,0.996,"0.1","storm_97",1.28891103569857,0.639210187638105
"284","FC = 0.996, SFT = 0.1",2018-11-12,"2018-11-13 00:30:00",1710.14551610027,1237.3746505389,4.5,380.032336911171,0.996,"0.1","storm_98",0.0355539608336854,0.0257250447097484
"285","FC = 0.996, SFT = 0.1",2018-11-13,"2018-11-14 19:15:00",53280.0174201772,31592.4146040335,42.25,1261.06550106928,0.996,"0.1","storm_99",1.10769266985815,0.656806956424812
"286","FC = 0.996, SFT = 0.1",2018-11-14,"2018-11-19 09:45:00",514811.315566554,332782.257241295,109.75,4690.76369536724,0.996,"0.1","storm_100",10.7029379535666,6.91855004659658
"287","FC = 0.98, SFT = 0.1",2014-07-27,"2014-07-28 04:45:00",7066.04741624318,2297.87347065842,10.5,672.956896785065,0.98,"0.1","storm_1",0.146903272686968,0.0477728372278258
"288","FC = 0.98, SFT = 0.1",2014-07-28,"2014-07-29 12:15:00",42914.4185721429,5142.98722963266,25.5,1682.91837537815,0.98,"0.1","storm_2",0.892191654306505,0.106922811426874
"289","FC = 0.98, SFT = 0.1",2014-07-31,"2014-07-31 21:30:00",4279.4637043314,1370.32917034777,7.75,552.188865075019,0.98,"0.1","storm_3",0.0889701393831891,0.028489171940702
"290","FC = 0.98, SFT = 0.1",2014-08-13,"2014-08-14 10:30:00",25634.0163836087,3564.07697805297,18.5,1385.62250722209,0.98,"0.1","storm_4",0.532931733546958,0.0740972344709557
"291","FC = 0.98, SFT = 0.1",2014-09-02,"2014-09-03 04:15:00",2415.38542651077,1237.89606308697,5.75,420.067030697524,0.98,"0.1","storm_5",0.050215913233072,0.025735884887463
"292","FC = 0.98, SFT = 0.1",2014-09-06,"2014-09-07 01:15:00",6529.53625800892,2295.38854859112,11.25,580.403222934126,0.98,"0.1","storm_6",0.1357491945532,0.0477211756463849
"293","FC = 0.98, SFT = 0.1",2014-10-04,"2014-10-05 09:30:00",19291.4995534174,6735.76603256275,18.75,1028.87997618226,0.98,"0.1","storm_7",0.401070676786226,0.140036715853695
"294","FC = 0.98, SFT = 0.1",2014-10-16,"2014-10-17 04:15:00",18951.007197183,4284.39074825047,17,1114.76512924606,0.98,"0.1","storm_8",0.393991833621268,0.0890725727287
"295","FC = 0.98, SFT = 0.1",2014-10-18,"2014-10-19 02:45:00",7553.99346826915,1775.12002396865,13.25,570.112714586351,0.98,"0.1","storm_9",0.157047681252997,0.0369047822030904
"296","FC = 0.98, SFT = 0.1",2014-10-23,"2014-10-24 14:00:00",10780.960766303,2573.19160171397,20,539.048038315151,0.98,"0.1","storm_10",0.224136398467838,0.0534967068963404
"297","FC = 0.98, SFT = 0.1",2014-11-07,"2014-11-08 14:00:00",6588.56270142679,1996.48979248151,8.25,798.613660779004,0.98,"0.1","storm_11",0.136976355539018,0.0415070642927549
"298","FC = 0.98, SFT = 0.1",2015-04-07,"2015-04-08 07:45:00",9724.72400644365,6423.49550497256,15.75,617.442794059914,0.98,"0.1","storm_12",0.202177214271178,0.133544605092985
"299","FC = 0.98, SFT = 0.1",2015-04-08,"2015-04-09 01:00:00",2229.74750044941,1403.80355751757,5.5,405.408636445348,0.98,"0.1","storm_13",0.0463564968908402,0.0291851051458955
"300","FC = 0.98, SFT = 0.1",2015-04-09,"2015-04-10 10:30:00",13621.9041952914,7577.8845792357,19,716.942326067966,0.98,"0.1","storm_14",0.283199671419779,0.157544377946688
"301","FC = 0.98, SFT = 0.1",2015-04-11,"2015-04-12 07:45:00",3947.36331410249,2170.12787326887,8.75,451.127235897428,0.98,"0.1","storm_15",0.0820657653659562,0.0451170036022633
"302","FC = 0.98, SFT = 0.1",2015-04-12,"2015-04-13 08:15:00",3914.60770883405,2154.41225423389,9,434.956412092672,0.98,"0.1","storm_16",0.0813847756514355,0.0447902755557981
"303","FC = 0.98, SFT = 0.1",2015-04-14,"2015-04-14 12:00:00",4400.65259450346,2110.14058089178,9.5,463.226588895101,0.98,"0.1","storm_17",0.0914896589293859,0.0438698665466066
"304","FC = 0.98, SFT = 0.1",2015-04-15,"2015-04-15 07:30:00",2592.36929061468,1113.249168471,6.5,398.82604470995,0.98,"0.1","storm_18",0.0538954114472906,0.0231444733569855
"305","FC = 0.98, SFT = 0.1",2015-04-16,"2015-04-16 08:15:00",2415.60374801051,1114.43847264242,5.75,420.104999654002,0.98,"0.1","storm_19",0.0502204521415907,0.0231691990154349
"306","FC = 0.98, SFT = 0.1",2015-04-17,"2015-04-17 12:15:00",2062.33916961613,1003.66766531027,4.75,434.176667287607,0.98,"0.1","storm_20",0.0428760742123936,0.0208662716280721
"307","FC = 0.98, SFT = 0.1",2015-04-20,"2015-04-20 19:30:00",4911.312542252,2090.69154068129,10.25,479.152443146537,0.98,"0.1","storm_21",0.102106289859709,0.0434655205962847
"308","FC = 0.98, SFT = 0.1",2015-04-21,"2015-04-22 08:30:00",37616.4283434223,13589.600430035,27.75,1355.54696733053,0.98,"0.1","storm_22",0.782046327306077,0.282528075468503
"309","FC = 0.98, SFT = 0.1",2015-04-22,"2015-04-23 15:45:00",28631.2679773576,11233.5356636788,22.75,1258.51727373,0.98,"0.1","storm_23",0.595244656493921,0.233545439993322
"310","FC = 0.98, SFT = 0.1",2015-05-10,"2015-05-11 06:30:00",7500.46970188478,3250.59510891059,11.75,638.337846968918,0.98,"0.1","storm_24",0.155934921037106,0.067579939894191
"311","FC = 0.98, SFT = 0.1",2015-05-11,"2015-05-12 16:00:00",24015.1943206515,5684.05094383817,24.5,980.212013087816,0.98,"0.1","storm_25",0.499276389202734,0.118171537293933
"312","FC = 0.98, SFT = 0.1",2015-05-30,"2015-05-31 19:15:00",29426.396294181,6034.05106431958,25,1177.05585176724,0.98,"0.1","storm_26",0.611775390731414,0.125448047075251
"313","FC = 0.98, SFT = 0.1",2015-06-01,"2015-06-02 09:00:00",47834.2266437461,32137.2298234918,33.25,1438.62335770665,0.98,"0.1","storm_27",0.994474566398048,0.66813367616407
"314","FC = 0.98, SFT = 0.1",2015-06-05,"2015-06-06 10:30:00",13360.729600776,3883.92027561105,14.75,905.812176323796,0.98,"0.1","storm_28",0.277769846169979,0.0807467832767371
"315","FC = 0.98, SFT = 0.1",2015-06-08,"2015-06-25 07:15:00",19514.2964084806,3842.06501591993,17.25,1131.26355991192,0.98,"0.1","storm_29",0.40570262803494,0.0798766115575868
"316","FC = 0.98, SFT = 0.1",2015-06-28,"2015-06-29 18:30:00",61264.295143249,15683.1570044519,39.25,1560.87376161144,0.98,"0.1","storm_30",1.27368596971412,0.326053160175714
"317","FC = 0.98, SFT = 0.1",2015-07-01,"2015-07-03 11:45:00",308973.197737435,22564.2826153701,51.75,5970.49657463642,0.98,"0.1","storm_31",6.42355920452047,0.469111904685448
"318","FC = 0.98, SFT = 0.1",2015-07-04,"2015-07-05 13:00:00",19327.23636124,8634.37788164373,19,1017.22296638105,0.98,"0.1","storm_32",0.401813645763824,0.179508895668269
"319","FC = 0.98, SFT = 0.1",2015-08-11,"2015-08-12 11:00:00",22198.0194388432,5619.89074522596,26,853.769978417047,0.98,"0.1","storm_33",0.461497285630836,0.116837645430893
"320","FC = 0.98, SFT = 0.1",2015-08-21,"2015-08-21 18:15:00",14384.1962615533,4427.12985726494,13.75,1046.12336447661,0.98,"0.1","storm_34",0.299047739325433,0.0920401217726598
"321","FC = 0.98, SFT = 0.1",2015-09-13,"2015-09-14 09:00:00",18239.0700094633,3852.7203892664,16.25,1122.40430827467,0.98,"0.1","storm_35",0.379190644687387,0.0800981369909855
"322","FC = 0.98, SFT = 0.1",2015-09-29,"2015-10-01 16:30:00",156698.003452787,18604.4296579521,46,3406.47833593015,0.98,"0.1","storm_36",3.25775474953819,0.386786479375303
"323","FC = 0.98, SFT = 0.1",2015-10-09,"2015-10-10 01:15:00",20822.1001999916,9051.70416505823,19.25,1081.66754285671,0.98,"0.1","storm_37",0.432891896049722,0.188185117776678
"324","FC = 0.98, SFT = 0.1",2015-10-28,"2015-10-30 13:15:00",106324.047376513,23301.4103787513,46.75,2274.31117382916,0.98,"0.1","storm_38",2.21047915543686,0.484436806211045
"325","FC = 0.98, SFT = 0.1",2015-10-31,"2015-10-31 09:45:00",2768.08938307038,941.648086361288,6.5,425.859905087751,0.98,"0.1","storm_39",0.057548635822669,0.0195768832923345
"326","FC = 0.98, SFT = 0.1",2015-11-12,"2015-11-13 11:15:00",9566.53647116176,3843.57470439956,14.5,659.761135942191,0.98,"0.1","storm_40",0.198888492123945,0.079907998012465
"327","FC = 0.98, SFT = 0.1",2016-03-28,"2016-03-29 14:15:00",31237.8259716336,12603.7380221209,27.75,1125.68742240121,0.98,"0.1","storm_41",0.649435051385315,0.262031975511869
"328","FC = 0.98, SFT = 0.1",2016-03-29,"2016-03-30 08:00:00",3487.44714918644,1458.7581312483,8.5,410.287899904287,0.98,"0.1","storm_42",0.0725040987356848,0.0303276118762639
"329","FC = 0.98, SFT = 0.1",2016-04-07,"2016-04-09 04:15:00",25280.8296865588,11512.7571859058,31.75,796.246604301066,0.98,"0.1","storm_43",0.525588974772533,0.239350461245444
"330","FC = 0.98, SFT = 0.1",2016-04-26,"2016-04-27 03:00:00",6202.09740922004,2870.90744131508,12.75,486.439012487846,0.98,"0.1","storm_44",0.128941734079419,0.0596862253911658
"331","FC = 0.98, SFT = 0.1",2016-05-02,"2016-05-03 06:00:00",14960.3011556684,4083.03007467721,16,935.018822229277,0.98,"0.1","storm_45",0.311024972051319,0.0848862801388194
"332","FC = 0.98, SFT = 0.1",2016-05-08,"2016-05-08 23:15:00",13208.9390322965,4073.00439947552,14.25,926.943089985718,0.98,"0.1","storm_46",0.274614117095561,0.0846778461429422
"333","FC = 0.98, SFT = 0.1",2016-05-29,"2016-05-30 03:30:00",4061.48009830242,2021.4164637842,7.25,560.204151489989,0.98,"0.1","storm_47",0.084438255681963,0.0420252903073638
"334","FC = 0.98, SFT = 0.1",2016-06-05,"2016-06-06 09:30:00",36250.6072467999,11890.2752894406,20.75,1747.01721671325,0.98,"0.1","storm_48",0.753650878311849,0.24719907046654
"335","FC = 0.98, SFT = 0.1",2016-07-14,"2016-07-14 21:45:00",2297.12629006778,837.64290394335,4.5,510.472508903951,0.98,"0.1","storm_49",0.0477573033278125,0.0174146133875956
"336","FC = 0.98, SFT = 0.1",2016-08-16,"2016-08-17 10:45:00",8937.22404403984,2404.67196362574,13,687.478772618449,0.98,"0.1","storm_50",0.185805073680662,0.0499931801169592
"337","FC = 0.98, SFT = 0.1",2016-10-22,"2016-10-23 13:15:00",18178.6034048573,3775.91527891289,29,626.848393270943,0.98,"0.1","storm_51",0.377933542720527,0.0785013571499562
"338","FC = 0.98, SFT = 0.1",2016-11-03,"2016-11-04 02:00:00",6028.57184562045,1845.17235155393,11.75,513.069944308123,0.98,"0.1","storm_52",0.125334134004583,0.0383611715499777
"339","FC = 0.98, SFT = 0.1",2016-11-20,"2016-11-21 06:45:00",12798.3055595754,3779.50614634334,17.25,741.930757076836,0.98,"0.1","storm_53",0.266077038660612,0.0785760113584894
"340","FC = 0.98, SFT = 0.1",2016-11-30,"2016-12-01 20:45:00",7876.06828783034,1422.01770661197,9,875.118698647815,0.98,"0.1","storm_54",0.163743623447616,0.0295637776842406
"341","FC = 0.98, SFT = 0.1",2018-04-13,"2018-04-15 04:30:00",70505.5751668989,39657.5122205032,33.25,2120.46842607215,0.98,"0.1","storm_55",1.4658123735322,0.824480503544766
"342","FC = 0.98, SFT = 0.1",2018-04-16,"2018-04-18 11:45:00",167155.597045376,87653.6108034178,48,3482.40827177867,0.98,"0.1","storm_56",3.47516833774171,1.82232039092345
"343","FC = 0.98, SFT = 0.1",2018-04-22,"2018-04-22 07:45:00",1782.02342718186,1538.51930277272,4.5,396.005206040413,0.98,"0.1","storm_57",0.037048304099415,0.0319858482904931
"344","FC = 0.98, SFT = 0.1",2018-04-23,"2018-04-23 07:30:00",1736.82665618019,1519.59587141529,4.5,385.961479151154,0.98,"0.1","storm_58",0.0361086622906485,0.0315924297591536
"345","FC = 0.98, SFT = 0.1",2018-04-25,"2018-04-27 09:00:00",80672.2770323718,35451.2018771585,42.5,1898.1712242911,0.98,"0.1","storm_59",1.67717831668133,0.737031224057349
"346","FC = 0.98, SFT = 0.1",2018-04-29,"2018-05-01 13:00:00",139783.542188214,58218.3486449807,54,2588.58411459656,0.98,"0.1","storm_60",2.90610274819573,1.21036067868983
"347","FC = 0.98, SFT = 0.1",2018-05-04,"2018-05-05 13:45:00",29695.3163671191,8979.93315047002,18.5,1605.15223606049,0.98,"0.1","storm_61",0.61736624463865,0.186692996891269
"348","FC = 0.98, SFT = 0.1",2018-05-15,"2018-05-16 03:45:00",19087.4902392141,11011.494263035,17.75,1075.35156277262,0.98,"0.1","storm_62",0.396829318902579,0.228929194657693
"349","FC = 0.98, SFT = 0.1",2018-05-22,"2018-05-23 09:45:00",10065.5677127782,5744.69361090436,14.25,706.355628966889,0.98,"0.1","storm_63",0.20926336201202,0.119432299603001
"350","FC = 0.98, SFT = 0.1",2018-06-02,"2018-06-02 09:15:00",4150.04248875012,3367.90909420946,6.5,638.468075192326,0.98,"0.1","storm_64",0.0862794696205846,0.0700189000875147
"351","FC = 0.98, SFT = 0.1",2018-06-04,"2018-06-04 18:15:00",5757.81631650341,3602.43999591434,10.25,561.738177219845,0.98,"0.1","storm_65",0.119705120925227,0.0748948024098615
"352","FC = 0.98, SFT = 0.1",2018-06-18,"2018-06-19 18:15:00",109462.334199617,40523.4613946363,29,3774.56324826265,0.98,"0.1","storm_66",2.27572420373424,0.842483604878093
"353","FC = 0.98, SFT = 0.1",2018-06-27,"2018-06-29",8356.85192359764,2483.00710804923,10.25,815.302626692452,0.98,"0.1","storm_67",0.17373912523072,0.0516217693981129
"354","FC = 0.98, SFT = 0.1",2018-07-25,"2018-07-26 13:45:00",55004.4371273098,25058.0026514098,17,3235.55512513587,0.98,"0.1","storm_68",1.14354339142016,0.520956396079207
"355","FC = 0.98, SFT = 0.1",2018-08-07,"2018-08-08 03:30:00",4708.57957184808,2293.64659111562,7.75,607.55865443201,0.98,"0.1","storm_69",0.0978914671901887,0.047684960314254
"356","FC = 0.98, SFT = 0.1",2018-08-15,"2018-08-16 02:30:00",2678.15367419436,1503.02009218889,5.5,486.937031671701,0.98,"0.1","storm_70",0.0556788705653712,0.031247818964426
"357","FC = 0.98, SFT = 0.1",2018-08-16,"2018-08-16 08:15:00",2175.48850599727,988.314302847156,5,435.097701199455,0.98,"0.1","storm_71",0.0452284512681346,0.0205470749032673
"358","FC = 0.98, SFT = 0.1",2018-08-18,"2018-08-18 11:15:00",6323.13643852601,2475.43944934594,11,574.830585320546,0.98,"0.1","storm_72",0.131458138015094,0.0514644376163397
"359","FC = 0.98, SFT = 0.1",2018-09-06,"2018-09-06 14:15:00",2348.32259570487,1526.95494089442,4,587.080648926217,0.98,"0.1","storm_73",0.0488216755863798,0.03174542496662
"360","FC = 0.98, SFT = 0.1",2018-09-11,"2018-09-11 14:45:00",17826.4981527716,6209.02138085226,14.25,1250.98232651029,0.98,"0.1","storm_74",0.370613267209389,0.129085683593602
"361","FC = 0.98, SFT = 0.1",2018-09-21,"2018-09-21 20:30:00",12653.4065119897,7711.92126693054,12.75,992.424040156053,0.98,"0.1","storm_75",0.26306458444885,0.160331003470489
"362","FC = 0.98, SFT = 0.1",2018-09-26,"2018-09-27 07:30:00",27452.5276203491,8482.74917096393,15.75,1743.01762668883,0.98,"0.1","storm_76",0.570738619965678,0.176356531620872
"363","FC = 0.98, SFT = 0.1",2018-10-02,"2018-10-03 13:45:00",28178.4590077531,11328.4401604036,27.25,1034.07189019277,0.98,"0.1","storm_77",0.585830748601935,0.235518506453298
"364","FC = 0.98, SFT = 0.1",2018-10-11,"2018-10-12 12:30:00",55490.9691889677,17868.3667664162,30.25,1834.41220459397,0.98,"0.1","storm_78",1.15365840309704,0.37148371655751
"365","FC = 0.98, SFT = 0.1",2018-10-27,"2018-10-28 08:30:00",13705.5405710102,7003.93260592275,17.25,794.524091073057,0.98,"0.1","storm_79",0.284938473409776,0.145611904489038
"366","FC = 0.98, SFT = 0.1",2018-11-01,"2018-11-02 21:00:00",48253.3621939957,20804.3480863787,23.75,2031.7205134314,0.98,"0.1","storm_80",1.00318840320157,0.432522829238642
"367","FC = 0.98, SFT = 0.1",2018-11-03,"2018-11-05 06:30:00",126616.7559763,49066.248571238,53,2388.99539577924,0.98,"0.1","storm_81",2.63236498911226,1.02008832788437
"368","FC = 0.98, SFT = 0.1",2018-11-06,"2018-11-07 05:00:00",9048.70835124516,5085.73898697,14.5,624.048851810011,0.98,"0.1","storm_82",0.188122834745222,0.105732619271726
"369","FC = 0.98, SFT = 0.1",2018-11-09,"2018-11-11 03:15:00",31957.7195475449,16018.8814617132,30.25,1056.45353876181,0.98,"0.1","storm_83",0.664401653795111,0.333032878621896
"370","FC = 0.98, SFT = 0.1",2018-11-13,"2018-11-14 19:15:00",36163.0370584734,20853.7869017502,35.25,1025.90176052407,0.98,"0.1","storm_84",0.751830292275954,0.433550663238049
"371","FC = 0.98, SFT = 0.1",2018-11-14,"2018-11-16 06:00:00",450666.408624794,284954.293652785,34,13254.8943713175,0.98,"0.1","storm_85",9.36936400467347,5.92420568924709
"372","FC = 0.996, SFT = 0.12",2014-07-27,"2014-07-28 06:45:00",9940.96170527205,3047.16104374423,12.5,795.276936421764,0.996,"0.12","storm_1",0.206672800525407,0.0633505414499841
"373","FC = 0.996, SFT = 0.12",2014-07-28,"2014-07-29 17:30:00",59205.9493436397,7115.9994759388,32,1850.18591698874,0.996,"0.12","storm_2",1.23089291774719,0.147941777046545
"374","FC = 0.996, SFT = 0.12",2014-07-31,"2014-07-31 22:15:00",3487.03419620261,1095.15809769459,6.25,557.925471392417,0.996,"0.12","storm_3",0.0724955134345656,0.0227683596194301
"375","FC = 0.996, SFT = 0.12",2014-08-13,"2014-08-14 17:00:00",34047.2505129542,4440.73028366065,24.75,1375.64648537189,0.996,"0.12","storm_4",0.707843046007364,0.0923228749201799
"376","FC = 0.996, SFT = 0.12",2014-09-06,"2014-09-07 02:15:00",7603.12170069906,2623.32360563839,12.25,620.662995975433,0.996,"0.12","storm_5",0.158069058226592,0.0545389523001745
"377","FC = 0.996, SFT = 0.12",2014-10-04,"2014-10-05 13:30:00",25078.5586875122,8240.7438745945,22.5,1114.60260833388,0.996,"0.12","storm_6",0.521383756497136,0.171325236478056
"378","FC = 0.996, SFT = 0.12",2014-10-16,"2014-10-17 11:15:00",26318.9393356811,5452.96982911693,23.75,1108.16586676552,0.996,"0.12","storm_7",0.547171295960105,0.113367356114697
"379","FC = 0.996, SFT = 0.12",2014-10-18,"2014-10-19 12:15:00",14458.2146235986,2960.43684891042,22.75,635.525917520817,0.996,"0.12","storm_8",0.300586582611197,0.0615475436363913
"380","FC = 0.996, SFT = 0.12",2014-10-23,"2014-10-24 18:45:00",16978.5637501715,3800.73932348744,24.5,693.002602047814,0.996,"0.12","storm_9",0.352984693350758,0.0790174495527534
"381","FC = 0.996, SFT = 0.12",2014-11-07,"2014-11-08 19:00:00",9833.9855757844,2642.12512666301,13.25,742.187590625238,0.996,"0.12","storm_10",0.204448764569322,0.0549298363131602
"382","FC = 0.996, SFT = 0.12",2015-04-07,"2015-04-08 11:30:00",14209.9905433541,9316.08978990126,19.5,728.717463761748,0.996,"0.12","storm_11",0.29542599882233,0.193681700413748
"383","FC = 0.996, SFT = 0.12",2015-04-08,"2015-04-12 08:00:00",81568.9408587541,46485.8628524859,91.25,893.906201191826,0.996,"0.12","storm_12",1.69581997627347,0.966442055145237
"384","FC = 0.996, SFT = 0.12",2015-04-12,"2015-04-13 08:00:00",4797.58301755137,2648.38684761738,9.25,518.657623519067,0.996,"0.12","storm_13",0.0997418506767436,0.0550600176219829
"385","FC = 0.996, SFT = 0.12",2015-04-14,"2015-04-14 13:30:00",5103.2713761264,2393.69030135598,9.25,551.705013635287,0.996,"0.12","storm_14",0.106097118006786,0.0497648711300619
"386","FC = 0.996, SFT = 0.12",2015-04-14,"2015-04-15 08:15:00",8202.26377162608,3476.5119278283,14.25,575.59745765797,0.996,"0.12","storm_15",0.17052523433734,0.0722767552563056
"387","FC = 0.996, SFT = 0.12",2015-04-16,"2015-04-16 08:15:00",4101.11752446612,1894.17104293555,8,512.639690558265,0.996,"0.12","storm_16",0.0852623185959692,0.0393798553624854
"388","FC = 0.996, SFT = 0.12",2015-04-17,"2015-04-17 12:15:00",2309.93950049747,1125.04584354013,4.75,486.30305273631,0.996,"0.12","storm_17",0.0480236902390327,0.0233897264769258
"389","FC = 0.996, SFT = 0.12",2015-04-18,"2015-04-18 07:45:00",1959.17474096346,775.118832246849,4.25,460.982291991402,0.996,"0.12","storm_18",0.0407312835959139,0.0161147366371486
"390","FC = 0.996, SFT = 0.12",2015-04-20,"2015-04-21 01:15:00",7260.1127793455,3042.99723978449,13.5,537.786131803371,0.996,"0.12","storm_19",0.150937895620489,0.0632639758790955
"391","FC = 0.996, SFT = 0.12",2015-04-21,"2015-04-24 19:15:00",127058.195914303,48629.3839445995,87,1460.43903349774,0.996,"0.12","storm_20",2.64154253460089,1.01100590321413
"392","FC = 0.996, SFT = 0.12",2015-04-24,"2015-04-25 08:30:00",4962.59100128054,2182.57259556085,10.75,461.636372212144,0.996,"0.12","storm_21",0.103172370088993,0.0453757296374396
"393","FC = 0.996, SFT = 0.12",2015-04-27,"2015-04-28 07:30:00",3986.11813518696,1822.18696417105,8.5,468.955074727877,0.996,"0.12","storm_22",0.0828714789020157,0.0378833048684209
"394","FC = 0.996, SFT = 0.12",2015-05-10,"2015-05-11 09:45:00",8307.79583846047,3500.15891910394,12.75,651.591830467488,0.996,"0.12","storm_23",0.172719248200841,0.0727683766965476
"395","FC = 0.996, SFT = 0.12",2015-05-11,"2015-05-13 11:15:00",50063.0794062117,9311.05105389237,44,1137.79725923208,0.996,"0.12","storm_24",1.0408124616676,0.193576944987367
"396","FC = 0.996, SFT = 0.12",2015-05-30,"2015-06-03 07:15:00",134986.215408234,73339.2610456047,85,1588.07312244981,0.996,"0.12","storm_25",2.80636622470341,1.52472476186288
"397","FC = 0.996, SFT = 0.12",2015-06-05,"2015-06-06 13:00:00",16270.3380663275,4373.42261886573,17.25,943.208003845074,0.996,"0.12","storm_26",0.338260666659616,0.0909235471697657
"398","FC = 0.996, SFT = 0.12",2015-06-08,"2015-06-26 10:00:00",39453.5221574684,10718.2283343518,44,896.670958124281,0.996,"0.12","storm_27",0.820239545893314,0.222832189903363
"399","FC = 0.996, SFT = 0.12",2015-06-28,"2015-06-30 09:00:00",101265.086107805,26306.0186391463,53.75,1884.00160200567,0.996,"0.12","storm_28",2.10530324548451,0.546902674410527
"400","FC = 0.996, SFT = 0.12",2015-07-01,"2015-07-03 15:45:00",388196.132161506,30749.9802154595,56,6932.07378859831,0.996,"0.12","storm_29",8.07060565824336,0.639292727972132
"401","FC = 0.996, SFT = 0.12",2015-07-04,"2015-07-06 10:15:00",38387.4251580413,15374.5401175504,40.25,953.724848646988,0.996,"0.12","storm_30",0.798075367111045,0.319637008680881
"402","FC = 0.996, SFT = 0.12",2015-07-06,"2015-07-22 19:45:00",3143.58675931895,859.775308881112,6,523.931126553159,0.996,"0.12","storm_31",0.0653552340814751,0.0178747465463849
"403","FC = 0.996, SFT = 0.12",2015-08-11,"2015-08-13 04:45:00",39754.2461506837,8362.89119570658,43.25,919.173321403091,0.996,"0.12","storm_32",0.826491603964318,0.173864681823422
"404","FC = 0.996, SFT = 0.12",2015-08-21,"2015-08-21 22:00:00",18140.2710418323,5014.15440291812,17.5,1036.58691667613,0.996,"0.12","storm_33",0.377136612096306,0.104244374281042
"405","FC = 0.996, SFT = 0.12",2015-09-13,"2015-09-14 15:00:00",25610.1528389471,4742.80752052887,22.25,1151.01810512122,0.996,"0.12","storm_34",0.53243560995732,0.0986030669548621
"406","FC = 0.996, SFT = 0.12",2015-09-29,"2015-10-02 10:30:00",231878.840353861,28933.496010057,64,3623.10688052908,0.996,"0.12","storm_35",4.82076591172269,0.601527983577068
"407","FC = 0.996, SFT = 0.12",2015-10-09,"2015-10-10 14:15:00",34410.2098878686,13563.4973710384,32.25,1066.98325233701,0.996,"0.12","storm_36",0.715388978957767,0.28198539232928
"408","FC = 0.996, SFT = 0.12",2015-10-17,"2015-10-18 06:00:00",3457.67677178069,1161.28518417564,7.25,476.920934038716,0.996,"0.12","storm_37",0.0718851719704926,0.0241431431221546
"409","FC = 0.996, SFT = 0.12",2015-10-28,"2015-10-31 12:00:00",167065.457524502,38126.1706828008,66,2531.29481097731,0.996,"0.12","storm_38",3.47329433522874,0.792643881139309
"410","FC = 0.996, SFT = 0.12",2015-10-31,"2015-10-31 23:30:00",2156.06113442018,784.102800062838,4.75,453.907607246353,0.996,"0.12","storm_39",0.0448245558091513,0.0163015135148199
"411","FC = 0.996, SFT = 0.12",2015-11-13,"2015-11-13 16:30:00",11536.8494053526,4194.48099131249,16.75,688.767128677767,0.996,"0.12","storm_40",0.239851338988619,0.0872033470127337
"412","FC = 0.996, SFT = 0.12",2015-11-17,"2015-11-17 10:00:00",4180.58521256948,1906.3734996102,8.5,491.833554419939,0.996,"0.12","storm_41",0.086914453483773,0.0396335446904408
"413","FC = 0.996, SFT = 0.12",2015-11-17,"2015-11-18 06:45:00",5376.39874710946,2556.41695859134,11,488.763522464497,0.996,"0.12","storm_42",0.111775441727847,0.0531479617170757
"414","FC = 0.996, SFT = 0.12",2016-03-25,"2016-03-26 03:15:00",4285.44721507407,2256.00172731328,9,476.160801674897,0.996,"0.12","storm_43",0.0890945366959267,0.0469023228131659
"415","FC = 0.996, SFT = 0.12",2016-03-28,"2016-03-30 09:15:00",56236.536515403,22551.6975759539,46.5,1209.38788205168,0.996,"0.12","storm_44",1.16915876331399,0.468850261454343
"416","FC = 0.996, SFT = 0.12",2016-04-07,"2016-04-09 12:00:00",40617.2966863282,17725.4698742842,39.5,1028.28599205894,0.996,"0.12","storm_45",0.844434442543205,0.368512887199255
"417","FC = 0.996, SFT = 0.12",2016-04-26,"2016-04-27 07:30:00",10213.5559273652,4546.50588073779,17.25,592.09019868784,0.996,"0.12","storm_46",0.212340040069964,0.0945219517824904
"418","FC = 0.996, SFT = 0.12",2016-05-02,"2016-05-03 14:15:00",25092.6908390722,6751.2996163541,25,1003.70763356289,0.996,"0.12","storm_47",0.521677564221876,0.140359659383661
"419","FC = 0.996, SFT = 0.12",2016-05-08,"2016-05-09 08:15:00",20126.8850565382,5660.27621090348,23,875.081958979921,0.996,"0.12","storm_48",0.418438358763788,0.117677260101943
"420","FC = 0.996, SFT = 0.12",2016-05-15,"2016-05-15 10:00:00",2311.36420179003,844.018740183926,4.75,486.602989850532,0.996,"0.12","storm_49",0.0480533098085245,0.017547167155591
"421","FC = 0.996, SFT = 0.12",2016-05-29,"2016-05-30 03:45:00",4543.46273444495,2214.85081047265,7.5,605.795031259327,0.996,"0.12","storm_50",0.0944586847077953,0.0460467943965208
"422","FC = 0.996, SFT = 0.12",2016-06-05,"2016-06-06 14:45:00",44834.831307634,17782.8001098072,26,1724.41658875515,0.996,"0.12","storm_51",0.932117075002786,0.369704783987677
"423","FC = 0.996, SFT = 0.12",2016-07-10,"2016-07-10 12:45:00",3254.71792107526,898.636472080794,6,542.452986845876,0.996,"0.12","storm_52",0.0676656532448078,0.0186826709372307
"424","FC = 0.996, SFT = 0.12",2016-07-14,"2016-07-14 21:45:00",2412.30762356983,868.833778822045,4.25,567.601793781136,0.996,"0.12","storm_53",0.0501519256459423,0.0180630723247827
"425","FC = 0.996, SFT = 0.12",2016-08-16,"2016-08-17 12:00:00",10646.7832702724,2696.82568185361,14,760.484519305172,0.996,"0.12","storm_54",0.221346845535809,0.0560670619927984
"426","FC = 0.996, SFT = 0.12",2016-10-22,"2016-10-23 15:15:00",28336.9798939012,5856.50103649602,31,914.096125609715,0.996,"0.12","storm_55",0.589126401120606,0.121756778305531
"427","FC = 0.996, SFT = 0.12",2016-10-29,"2016-10-29 17:15:00",2637.4417241424,773.860742784721,4.75,555.250889293138,0.996,"0.12","storm_56",0.0548324682773889,0.0160885809310753
"428","FC = 0.996, SFT = 0.12",2016-11-03,"2016-11-04 03:30:00",7933.82879944785,2308.24457381203,13.25,598.7795320338,0.996,"0.12","storm_57",0.164944465684987,0.0479884526780047
"429","FC = 0.996, SFT = 0.12",2016-11-04,"2016-11-04 09:30:00",2664.24502235063,570.728367395437,5.5,484.408185881933,0.996,"0.12","storm_58",0.0553897094043791,0.0118654546236057
"430","FC = 0.996, SFT = 0.12",2016-11-20,"2016-11-21 17:00:00",21616.5927572768,5561.23675664589,27.5,786.057918446428,0.996,"0.12","storm_59",0.449409412833197,0.115618227788896
"431","FC = 0.996, SFT = 0.12",2016-11-30,"2016-12-01 23:30:00",10080.9897150093,1857.63671908769,11.75,857.956571490153,0.996,"0.12","storm_60",0.209583985759029,0.0386203060101391
"432","FC = 0.996, SFT = 0.12",2018-04-13,"2018-04-19 12:45:00",402985.839095947,229927.901290553,142,2837.92844433766,0.996,"0.12","storm_61",8.37808397288871,4.78020584803645
"433","FC = 0.996, SFT = 0.12",2018-04-19,"2018-04-21 08:30:00",20671.1744770984,17851.1359755613,40,516.779361927461,0.996,"0.12","storm_62",0.429754147133024,0.371125488057407
"434","FC = 0.996, SFT = 0.12",2018-04-21,"2018-04-22 08:00:00",4476.95498030727,3800.56192357771,8.5,526.700585918502,0.996,"0.12","storm_63",0.0930759871165752,0.079013761404942
"435","FC = 0.996, SFT = 0.12",2018-04-23,"2018-04-23 07:45:00",2961.1023496433,2575.41281377964,6.25,473.776375942929,0.996,"0.12","storm_64",0.0615613794104637,0.0535428859413647
"436","FC = 0.996, SFT = 0.12",2018-04-25,"2018-04-28 08:15:00",130695.816858232,57324.5799442542,65.75,1987.76907769175,0.996,"0.12","storm_65",2.7171687496514,1.19177920882025
"437","FC = 0.996, SFT = 0.12",2018-04-29,"2018-05-02 05:00:00",208542.549070593,88512.6661447686,70.75,2947.59786672216,0.996,"0.12","storm_66",4.33560393078155,1.84018016932991
"438","FC = 0.996, SFT = 0.12",2018-05-04,"2018-05-06 03:15:00",41521.7270707555,12048.1125474544,32,1297.55397096111,0.996,"0.12","storm_67",0.863237569038576,0.250480510342088
"439","FC = 0.996, SFT = 0.12",2018-05-15,"2018-05-16 10:00:00",26127.1707856811,14122.8440428957,23.25,1123.74928110456,0.996,"0.12","storm_68",0.543184423818734,0.293614221266023
"440","FC = 0.996, SFT = 0.12",2018-05-22,"2018-05-23 12:15:00",12777.3960050812,7009.0725827678,16.5,774.387636671587,0.996,"0.12","storm_69",0.265642328587966,0.145718764714507
"441","FC = 0.996, SFT = 0.12",2018-06-02,"2018-06-02 09:30:00",4576.4550323294,3672.58024862296,6.75,677.993338122874,0.996,"0.12","storm_70",0.0951445952667234,0.0763530197218912
"442","FC = 0.996, SFT = 0.12",2018-06-04,"2018-06-04 19:30:00",7096.78979940629,4364.13317678227,11.25,630.825759947225,0.996,"0.12","storm_71",0.147542407472064,0.0907304194757228
"443","FC = 0.996, SFT = 0.12",2018-06-18,"2018-06-20 05:45:00",132153.266479712,49468.8531848796,39.25,3366.96220330476,0.996,"0.12","storm_72",2.74746915758236,1.02845848617213
"444","FC = 0.996, SFT = 0.12",2018-06-27,"2018-06-29 03:30:00",10735.4811804347,3249.69085697462,13.75,780.762267667978,0.996,"0.12","storm_73",0.223190876932114,0.0675611404776428
"445","FC = 0.996, SFT = 0.12",2018-07-25,"2018-07-26 16:45:00",62345.7576037445,28062.787431417,20,3117.28788018723,0.996,"0.12","storm_74",1.29616959675145,0.583425934125093
"446","FC = 0.996, SFT = 0.12",2018-08-07,"2018-08-08 03:45:00",5137.23344650994,2480.95583941889,8,642.154180813743,0.996,"0.12","storm_75",0.106803190156132,0.0515791234806422
"447","FC = 0.996, SFT = 0.12",2018-08-16,"2018-08-16 08:45:00",4676.84850432884,2275.25029989575,9,519.649833814316,0.996,"0.12","storm_76",0.0972317776367743,0.0473025010373337
"448","FC = 0.996, SFT = 0.12",2018-08-18,"2018-08-18 13:00:00",8493.08211325686,3228.89937129313,12.75,666.124087314263,0.996,"0.12","storm_77",0.176571353705964,0.0671288850580692
"449","FC = 0.996, SFT = 0.12",2018-09-11,"2018-09-11 17:00:00",21132.3917040482,7029.13377026057,16.5,1280.75101236656,0.996,"0.12","storm_78",0.439342862870025,0.146135837219555
"450","FC = 0.996, SFT = 0.12",2018-09-21,"2018-09-21 22:15:00",15052.7823473833,8945.11487687328,14.5,1038.12292050919,0.996,"0.12","storm_79",0.312947657949756,0.18596912425932
"451","FC = 0.996, SFT = 0.12",2018-09-26,"2018-09-27 11:30:00",33609.6222666509,10272.3352367097,19.75,1701.75302615954,0.996,"0.12","storm_80",0.698744745668419,0.213562063133258
"452","FC = 0.996, SFT = 0.12",2018-09-28,"2018-09-28 11:15:00",3912.95646205288,1553.78671888294,6.5,601.99330185429,0.996,"0.12","storm_81",0.0813504461965257,0.0323032581888345
"453","FC = 0.996, SFT = 0.12",2018-10-02,"2018-10-03 21:15:00",44084.2953640101,17250.2060077963,35,1259.55129611457,0.996,"0.12","storm_82",0.916513417131187,0.358632141534227
"454","FC = 0.996, SFT = 0.12",2018-10-11,"2018-10-12 22:00:00",74183.3431792371,23308.3990604129,39.5,1878.05932099334,0.996,"0.12","storm_83",1.54227324696959,0.484582101048084
"455","FC = 0.996, SFT = 0.12",2018-10-27,"2018-10-28 17:30:00",21189.5000709574,10149.765688302,26,814.9807719599,0.996,"0.12","storm_84",0.440530147005352,0.211013839673638
"456","FC = 0.996, SFT = 0.12",2018-11-01,"2018-11-05 08:45:00",253999.7694917,101729.321873236,83.25,3051.04828218258,0.996,"0.12","storm_85",5.28066048839292,2.1149547166993
"457","FC = 0.996, SFT = 0.12",2018-11-06,"2018-11-07 08:30:00",11194.2137917113,6038.07071022639,16.25,688.87469487454,0.996,"0.12","storm_86",0.232727937457615,0.125531615597222
"458","FC = 0.996, SFT = 0.12",2018-11-09,"2018-11-11 15:45:00",52574.0185679166,25176.0318652858,42.5,1237.0357310098,0.996,"0.12","storm_87",1.09301493904193,0.523410225889517
"459","FC = 0.996, SFT = 0.12",2018-11-11,"2018-11-12 09:30:00",8422.50639985685,4932.63835166491,17.5,481.28607999182,0.996,"0.12","storm_88",0.175104083157107,0.102549653880767
"460","FC = 0.996, SFT = 0.12",2018-11-13,"2018-11-14 19:15:00",51123.033950065,30009.3609688366,36.75,1391.10296462762,0.996,"0.12","storm_89",1.06284893867079,0.623895238437352
"461","FC = 0.996, SFT = 0.12",2018-11-14,"2018-11-19 06:00:00",513292.477914387,331613.96067899,106,4842.38186711686,0.996,"0.12","storm_90",10.6713612872014,6.89426113677734
"462","FC = 0.98, SFT = 0.12",2014-07-27,"2014-07-28 04:00:00",6682.13865434888,2195.74920510415,9.5,703.38301624725,0.98,"0.12","storm_1",0.138921801545715,0.0456496716237869
"463","FC = 0.98, SFT = 0.12",2014-07-28,"2014-07-29 11:15:00",41907.0251986057,4981.15893230921,23,1822.04457385242,0.98,"0.12","storm_2",0.871247925126937,0.103558397761106
"464","FC = 0.98, SFT = 0.12",2014-07-31,"2014-07-31 20:00:00",2339.50330127727,787.975213399886,4,584.875825319318,0.98,"0.12","storm_3",0.0486383222718768,0.0163820210686047
"465","FC = 0.98, SFT = 0.12",2014-08-13,"2014-08-14 09:30:00",25150.492728131,3485.38986260705,17.25,1457.99957844238,0.98,"0.12","storm_4",0.52287926669711,0.0724613277049283
"466","FC = 0.98, SFT = 0.12",2014-09-06,"2014-09-06 22:00:00",5221.77646475867,1928.96968342742,8,652.722058094833,0.98,"0.12","storm_5",0.108560841263174,0.0401033198217758
"467","FC = 0.98, SFT = 0.12",2014-10-04,"2014-10-05 08:45:00",18802.5107414239,6579.02911013276,17.5,1074.42918522422,0.98,"0.12","storm_6",0.390904589218792,0.136778151977812
"468","FC = 0.98, SFT = 0.12",2014-10-16,"2014-10-17 03:15:00",18466.2871168571,4203.51730566817,15.75,1172.46267408616,0.98,"0.12","storm_7",0.383914493073952,0.0873912121760534
"469","FC = 0.98, SFT = 0.12",2014-10-18,"2014-10-19 01:45:00",6195.92800206615,1460.1100109092,10,619.592800206615,0.98,"0.12","storm_8",0.128813471976427,0.0303557174825198
"470","FC = 0.98, SFT = 0.12",2014-10-23,"2014-10-24 05:45:00",7005.4444825038,1799.95527634254,11.5,609.169085435113,0.98,"0.12","storm_9",0.14564333643459,0.037421107616269
"471","FC = 0.98, SFT = 0.12",2014-11-07,"2014-11-08 13:00:00",6097.78139700887,1880.70063568184,7,871.111628144124,0.98,"0.12","storm_10",0.126773002016816,0.0390998053156308
"472","FC = 0.98, SFT = 0.12",2015-04-07,"2015-04-08 07:30:00",9422.2890164145,6213.53871113184,15,628.1526010943,0.98,"0.12","storm_11",0.195889584540842,0.12917959898403
"473","FC = 0.98, SFT = 0.12",2015-04-09,"2015-04-10 10:00:00",13332.8301115221,7417.30768967431,18.25,730.566033508058,0.98,"0.12","storm_12",0.277189815208359,0.15420598107431
"474","FC = 0.98, SFT = 0.12",2015-04-12,"2015-04-12 06:00:00",2663.1690325532,1463.02700929186,5.5,484.21255137331,0.98,"0.12","storm_13",0.0553673395541206,0.0304163619395398
"475","FC = 0.98, SFT = 0.12",2015-04-13,"2015-04-13 07:45:00",2097.1430816423,1139.47710147741,4.5,466.031795920511,0.98,"0.12","storm_14",0.0435996482669917,0.023689752629468
"476","FC = 0.98, SFT = 0.12",2015-04-14,"2015-04-14 10:15:00",2715.03380922708,1296.0093998986,5.25,517.149296995634,0.98,"0.12","storm_15",0.0564456093394403,0.0269440623679544
"477","FC = 0.98, SFT = 0.12",2015-04-21,"2015-04-22 08:15:00",36694.7603846786,13244.9452240382,25.5,1439.01021116387,0.98,"0.12","storm_16",0.762884831282299,0.275362686570441
"478","FC = 0.98, SFT = 0.12",2015-04-22,"2015-04-23 13:15:00",27673.9709754988,10824.7183569853,20.25,1366.61585064191,0.98,"0.12","storm_17",0.575342431923051,0.225046119687844
"479","FC = 0.98, SFT = 0.12",2015-05-10,"2015-05-11 05:30:00",5536.44090997831,2530.58411693225,8.5,651.345989409213,0.98,"0.12","storm_18",0.115102721621171,0.0526108964019179
"480","FC = 0.98, SFT = 0.12",2015-05-11,"2015-05-12 14:30:00",23418.7603234303,5612.85376097833,23,1018.20697058393,0.98,"0.12","storm_19",0.486876514000631,0.116691346382086
"481","FC = 0.98, SFT = 0.12",2015-05-30,"2015-05-31 18:30:00",29129.5912840353,6009.23500365146,24.25,1201.22025913547,0.98,"0.12","storm_20",0.605604808399901,0.124932120658035
"482","FC = 0.98, SFT = 0.12",2015-06-01,"2015-06-02 06:15:00",46628.2487963232,31665.8978421625,30.25,1541.42971227515,0.98,"0.12","storm_21",0.969402261877822,0.658334674473234
"483","FC = 0.98, SFT = 0.12",2015-06-05,"2015-06-06 09:45:00",13064.9708865825,3841.78476091464,14,933.212206184465,0.98,"0.12","storm_22",0.271621016353067,0.0798707850502004
"484","FC = 0.98, SFT = 0.12",2015-06-08,"2015-06-25 07:15:00",19514.2964084806,3842.06501591993,17.25,1131.26355991192,0.98,"0.12","storm_23",0.40570262803494,0.0798766115575868
"485","FC = 0.98, SFT = 0.12",2015-06-28,"2015-06-29 16:00:00",60166.9440086785,15414.7340754476,36.5,1648.4094248953,0.98,"0.12","storm_24",1.25087201681244,0.320472641901197
"486","FC = 0.98, SFT = 0.12",2015-07-01,"2015-07-03 10:15:00",308066.547035252,22168.3279468309,49.5,6223.56660677278,0.98,"0.12","storm_25",6.40470991757282,0.460879998894614
"487","FC = 0.98, SFT = 0.12",2015-07-04,"2015-07-05 09:45:00",18052.7121901764,8214.74085560315,15.75,1146.20394858263,0.98,"0.12","storm_26",0.375316261750029,0.170784633172623
"488","FC = 0.98, SFT = 0.12",2015-08-11,"2015-08-12 10:30:00",21808.2415582855,5515.07521681545,25,872.329662331418,0.98,"0.12","storm_27",0.45339379539055,0.114658528416122
"489","FC = 0.98, SFT = 0.12",2015-08-21,"2015-08-21 17:30:00",14091.1677202039,4397.60280237072,13,1083.93597847722,0.98,"0.12","storm_28",0.292955669858709,0.0914262536875409
"490","FC = 0.98, SFT = 0.12",2015-09-13,"2015-09-14 08:15:00",17947.7589645757,3829.28830083289,15.5,1157.91993319843,0.98,"0.12","storm_29",0.373134282007811,0.0796109833852992
"491","FC = 0.98, SFT = 0.12",2015-09-29,"2015-10-01 14:45:00",155918.267286007,18454.4302098223,44,3543.59698377289,0.98,"0.12","storm_30",3.24154401842011,0.383667987730194
"492","FC = 0.98, SFT = 0.12",2015-10-09,"2015-10-10",20326.6491773199,8886.5676542336,18,1129.25828762888,0.98,"0.12","storm_31",0.422591458987939,0.184751926283443
"493","FC = 0.98, SFT = 0.12",2015-10-28,"2015-10-30 11:30:00",103747.855322679,22511.4576694111,41.5,2499.94832102842,0.98,"0.12","storm_32",2.15692006907857,0.46801367296073
"494","FC = 0.98, SFT = 0.12",2015-11-13,"2015-11-13 10:30:00",7138.3708633094,2907.53775090237,10.5,679.844844124705,0.98,"0.12","storm_33",0.148406878655081,0.0604477702890307
"495","FC = 0.98, SFT = 0.12",2016-03-28,"2016-03-29 13:30:00",30846.8658121885,12436.3030566246,26.75,1153.15386213789,0.98,"0.12","storm_34",0.641306981542381,0.258550999098224
"496","FC = 0.98, SFT = 0.12",2016-04-07,"2016-04-09 00:45:00",23823.0529581806,10920.5576273031,28,850.823319935021,0.98,"0.12","storm_35",0.495281766282341,0.227038620110252
"497","FC = 0.98, SFT = 0.12",2016-04-26,"2016-04-27 01:00:00",5210.47835197404,2449.80670096728,10.25,508.339351412102,0.98,"0.12","storm_36",0.108325953263494,0.050931532244642
"498","FC = 0.98, SFT = 0.12",2016-05-02,"2016-05-03 04:30:00",14063.347373338,3831.21264362584,13.75,1022.78889987913,0.98,"0.12","storm_37",0.292377284268981,0.0796509905119716
"499","FC = 0.98, SFT = 0.12",2016-05-08,"2016-05-08 21:45:00",12523.5106210685,3901.49631391837,12.5,1001.88084968548,0.98,"0.12","storm_38",0.26036404617606,0.0811121894785524
"500","FC = 0.98, SFT = 0.12",2016-05-29,"2016-05-30 02:30:00",3666.43547730106,1891.63398728136,6.25,586.629676368169,0.98,"0.12","storm_39",0.0762252697983588,0.0393271099226894
"501","FC = 0.98, SFT = 0.12",2016-06-05,"2016-06-06 08:15:00",35750.8370954214,11412.1297342712,19.5,1833.37626130366,0.98,"0.12","storm_40",0.743260646474458,0.237258414433912
"502","FC = 0.98, SFT = 0.12",2016-08-16,"2016-08-17 07:15:00",7409.06420794974,2138.30765325243,9.25,800.979914372945,0.98,"0.12","storm_41",0.154034598917874,0.0444554605665785
"503","FC = 0.98, SFT = 0.12",2016-10-22,"2016-10-23 12:15:00",17781.8592930293,3706.57118446436,28,635.066403322474,0.98,"0.12","storm_42",0.369685224387303,0.0770596919847061
"504","FC = 0.98, SFT = 0.12",2016-11-03,"2016-11-03 23:30:00",4937.75577247059,1611.87343121577,9,548.63953027451,0.98,"0.12","storm_43",0.102656045165709,0.0335108821458579
"505","FC = 0.98, SFT = 0.12",2016-11-20,"2016-11-21 05:30:00",12205.2407959282,3658.40241011366,15.75,774.935923550997,0.98,"0.12","storm_44",0.253747209894557,0.0760582621645253
"506","FC = 0.98, SFT = 0.12",2016-11-30,"2016-12-01 19:45:00",7480.51534241313,1345.86192149194,8,935.064417801641,0.98,"0.12","storm_45",0.155520069488838,0.0279804973283147
"507","FC = 0.98, SFT = 0.12",2018-04-13,"2018-04-15 02:45:00",69708.3536450494,39147.0003744969,31.25,2230.66731664158,0.98,"0.12","storm_46",1.4492381215187,0.813866951652741
"508","FC = 0.98, SFT = 0.12",2018-04-16,"2018-04-18 11:30:00",166963.878412655,87511.9602274888,47.5,3515.02901921379,0.98,"0.12","storm_47",3.4711825033816,1.81937547250496
"509","FC = 0.98, SFT = 0.12",2018-04-25,"2018-04-27 08:30:00",80369.0827340075,35285.5193147828,41.75,1925.00796967683,0.98,"0.12","storm_48",1.67087490091492,0.733586680141014
"510","FC = 0.98, SFT = 0.12",2018-04-29,"2018-05-01 12:15:00",138660.256439529,57480.9240165461,51.25,2705.56597930788,0.98,"0.12","storm_49",2.88274961412742,1.1950296053336
"511","FC = 0.98, SFT = 0.12",2018-05-04,"2018-05-05 13:00:00",29395.4032522918,8907.94828757276,17.75,1656.07905646715,0.98,"0.12","storm_50",0.611131044746192,0.185196430095068
"512","FC = 0.98, SFT = 0.12",2018-05-15,"2018-05-16 01:30:00",17901.1189164747,10415.1369198692,14.75,1213.63518077795,0.98,"0.12","storm_51",0.372164634438144,0.216530913094994
"513","FC = 0.98, SFT = 0.12",2018-05-22,"2018-05-23 09:00:00",9672.4939760326,5545.42318091448,13.25,729.999545360951,0.98,"0.12","storm_52",0.201091350853069,0.115289463220675
"514","FC = 0.98, SFT = 0.12",2018-06-02,"2018-06-02 08:15:00",3760.43405045516,3108.32545649144,5.5,683.715281900939,0.98,"0.12","storm_53",0.0781795020884649,0.0646221508626079
"515","FC = 0.98, SFT = 0.12",2018-06-04,"2018-06-04 17:30:00",5361.40861879775,3368.72986170855,9.25,579.611742572729,0.98,"0.12","storm_54",0.111463796648602,0.0700359638608846
"516","FC = 0.98, SFT = 0.12",2018-06-18,"2018-06-19 17:15:00",108510.723614692,40000.9351035473,26.75,4056.47564914735,0.98,"0.12","storm_55",2.25594019988964,0.83162027242302
"517","FC = 0.98, SFT = 0.12",2018-06-27,"2018-06-28 22:30:00",7759.27381157489,2300.25376566443,8.75,886.774149894273,0.98,"0.12","storm_56",0.161315463858106,0.0478223236104872
"518","FC = 0.98, SFT = 0.12",2018-07-25,"2018-07-26 10:45:00",53817.1660269739,24627.1183500893,14,3844.08328764099,0.98,"0.12","storm_57",1.11886000056079,0.511998302496659
"519","FC = 0.98, SFT = 0.12",2018-08-07,"2018-08-08 02:45:00",4406.70328550942,2174.55240754727,7,629.52904078706,0.98,"0.12","storm_58",0.0916154529211937,0.0452089897618975
"520","FC = 0.98, SFT = 0.12",2018-08-18,"2018-08-18 10:00:00",5725.0013782459,2255.88588524041,9.5,602.631724025885,0.98,"0.12","storm_59",0.11902289767663,0.0468999144540626
"521","FC = 0.98, SFT = 0.12",2018-09-11,"2018-09-11 14:00:00",17531.4124350749,6151.25957824581,13.5,1298.62314333888,0.98,"0.12","storm_60",0.364478429003636,0.127884814516545
"522","FC = 0.98, SFT = 0.12",2018-09-21,"2018-09-21 20:00:00",12460.5755054911,7626.6816764749,12.25,1017.18983718295,0.98,"0.12","storm_61",0.259055623814784,0.158558870612784
"523","FC = 0.98, SFT = 0.12",2018-09-26,"2018-09-27 06:30:00",27051.0028548006,8367.99605708237,14.75,1833.96629524072,0.98,"0.12","storm_62",0.562390911742217,0.173970811997555
"524","FC = 0.98, SFT = 0.12",2018-10-02,"2018-10-03 06:30:00",24869.2837169357,10104.2306444849,19.75,1259.20423883219,0.98,"0.12","storm_63",0.517032925508019,0.210067165166006
"525","FC = 0.98, SFT = 0.12",2018-10-03,"2018-10-03 11:30:00",2011.39520123335,735.900991774932,4.25,473.26945911373,0.98,"0.12","storm_64",0.0418169480505894,0.0152993969183978
"526","FC = 0.98, SFT = 0.12",2018-10-11,"2018-10-12 11:15:00",53443.8520215632,17071.5074911909,26.5,2016.74913288918,0.98,"0.12","storm_65",1.11109879462709,0.354916995658854
"527","FC = 0.98, SFT = 0.12",2018-10-27,"2018-10-28 07:30:00",13229.7080922788,6779.48694315608,16,826.856755767426,0.98,"0.12","storm_66",0.275045906284383,0.140945674493889
"528","FC = 0.98, SFT = 0.12",2018-11-01,"2018-11-02 20:15:00",47859.3574347449,20631.3542447758,22.75,2103.70801910967,0.98,"0.12","storm_67",0.994997036065382,0.428926283675173
"529","FC = 0.98, SFT = 0.12",2018-11-03,"2018-11-05 04:30:00",125724.441749812,48588.6220278195,50.75,2477.32890147413,0.98,"0.12","storm_68",2.61381375779236,1.01015846211683
"530","FC = 0.98, SFT = 0.12",2018-11-06,"2018-11-07 02:15:00",7043.06917547434,4033.62645727603,9.75,722.36606927942,0.98,"0.12","storm_69",0.146425554583666,0.0838591779059466
"531","FC = 0.98, SFT = 0.12",2018-11-09,"2018-11-11 00:15:00",30673.6782622249,15462.6172794277,27,1136.06215786018,0.98,"0.12","storm_70",0.637706408778065,0.321468134707437
"532","FC = 0.98, SFT = 0.12",2018-11-13,"2018-11-14 19:15:00",35562.8419531419,20445.4238676288,33.75,1053.71383564865,0.98,"0.12","storm_71",0.739352223558043,0.425060787268791
"533","FC = 0.98, SFT = 0.12",2018-11-14,"2018-11-16 03:30:00",449650.479649543,284168.756983973,31.5,14274.6184015728,0.98,"0.12","storm_72",9.34824282015681,5.90787436557117
